target,fold_held_out,n_features_fit,niche_features_fit,n_gene_nonzero,n_niche_nonzero,niche_nonzero,max_abs_niche_coef,max_abs_gene_coef,alpha
days_since_last_peak,RR_R1_1,1027,27,53,6,DRG=+0.0779;DRG_reactive=-0.2297;Lesion_DAA=+0.2493;Lesion_Lipid=+0.0000;Vasculature=-0.0828;WM=-0.0573,0.24926240048492912,0.45104585870652786,0.004966476354341498
days_since_last_peak,RR_P2M_1,1027,27,51,5,DRG=+0.1285;DRG_reactive=-0.2047;Lesion_DAA=+0.2500;Vasculature=-0.0598;WM=-0.0347,0.2500157080166991,0.5860085458219275,0.003617801798499014
days_since_last_peak,RR_MP_1,1027,27,47,6,DRG=+0.0957;DRG_reactive=-0.1661;Lesion_DAA=+0.2747;Lesion_Lipid=+0.0100;Vasculature=-0.0954;WM=-0.0270,0.2747301499140735,0.609214748626062,0.005419215654098541
days_since_last_peak,RR_P1_1,1027,27,50,5,DRG=+0.0977;DRG_reactive=-0.1280;Lesion_DAA=+0.2740;Vasculature=-0.0560;WM=-0.0492,0.27396856553519316,0.6242915377413336,0.003602777035910709
days_since_last_peak,RR_OS2_1,1027,27,50,5,DRG=+0.1808;DRG_reactive=-0.2223;Lesion_DAA=+0.1943;Vasculature=-0.0649;WM=-0.0054,0.22229631127816452,0.5639895441391054,0.006025280657923312
days_since_last_peak,RR_P2M_2,1027,27,50,4,DRG=+0.0912;DRG_reactive=-0.1514;Lesion_DAA=+0.2962;WM=-0.1587,0.2962377252344712,0.6002256843209772,0.003734087683112257
days_since_last_peak,RR_MP_2,1027,27,43,5,DRG=+0.3723;DRG_reactive=-0.1071;Lesion_DAA=+0.2546;Lesion_Lipid=+0.0980;Vasculature=-0.0233,0.37229769928922096,0.48865947478176486,0.00974554298613151
days_since_last_peak,RR_R1_2,1027,27,48,5,DRG=+0.0500;DRG_reactive=-0.1993;Lesion_DAA=+0.2627;Lesion_Lipid=+0.0285;Vasculature=-0.0881,0.26266138698971786,0.4194360369059766,0.003885474502415935
days_since_last_peak,RR_P3_1,1027,27,49,5,DRG=+0.0562;DRG_reactive=-0.2183;Lesion_DAA=+0.3156;Lesion_Lipid=+0.0509;Vasculature=-0.0600,0.31557001929558115,0.581290873559764,0.004092142421645301
days_since_last_peak,RR_OS2_2,1027,27,48,4,DRG=+0.1327;DRG_reactive=-0.2305;Lesion_DAA=+0.2494;Vasculature=-0.0332,0.24942571777210562,0.5505883853045939,0.003384409902841347
days_since_last_peak,RR_P1_2,1027,27,51,5,DRG=+0.1137;DRG_reactive=-0.2343;Lesion_DAA=+0.2016;Vasculature=-0.0242;WM=-0.0408,0.23433978194594973,0.5925431936453948,0.0036091335064780687
days_since_last_peak,RR_P3_2,1027,27,50,4,DRG=+0.0652;DRG_reactive=-0.1619;Lesion_DAA=+0.2770;Vasculature=-0.1223,0.2769683310994327,0.42416885240505614,0.003691878830358889
days_since_last_peak,RR_MP_3,1027,27,51,4,DRG=+0.0612;DRG_reactive=-0.2709;Lesion_DAA=+0.4079;Vasculature=-0.1032,0.4079246231813041,0.6567227960298258,0.0035145571210137443
days_since_last_peak,RR_R2LONG_1,1027,27,44,4,DRG=+0.0738;DRG_reactive=-0.1498;Lesion_DAA=+0.3312;Vasculature=-0.1486,0.3311536814301571,0.5097684721663027,0.0033051192674324434
days_since_last_peak,RR_P1_3,1027,27,48,5,DRG=+0.1545;DRG_reactive=-0.0756;Lesion_DAA=+0.3554;Lesion_Lipid=+0.0002;Vasculature=-0.0459,0.35542247004619903,0.5573837207564812,0.0036179103263179707
days_since_last_peak,RR_MP_4,1027,27,50,5,DRG=+0.1630;DRG_reactive=-0.1689;Lesion_DAA=+0.3159;Vasculature=-0.0402;WM=-0.0431,0.31585003233337094,0.5701599110020982,0.0036232254488534578
days_since_last_peak,RR_P3_3,1027,27,44,5,DRG=+0.1592;DRG_reactive=-0.3042;Lesion_DAA=+0.2299;Lesion_Lipid=+0.0100;Vasculature=-0.0121,0.3041717549313652,0.5982172497983579,0.0036103133216488256
days_since_last_peak,RR_P2_3,1027,27,46,3,DRG_reactive=-0.0743;Lesion_DAA=+0.2853;Vasculature=-0.0297,0.2852656995425642,0.7609221425658386,0.0037200833982317695
days_since_last_peak,RR_R1_3,1027,27,54,5,DRG=+0.0050;DRG_reactive=-0.2660;Lesion_DAA=+0.1518;Vasculature=-0.0697;WM=-0.0000,0.266041827121626,0.7259404729721131,0.00414468526756255
days_since_last_peak,RR_R1_4,1027,27,51,3,DRG=+0.2416;DRG_reactive=-0.2855;Lesion_DAA=+0.1915,0.2854563250263924,0.4964002595533362,0.0033759800253423413
days_since_last_peak,RR_P2_4,1027,27,41,4,DRG=+0.1566;DRG_reactive=-0.2519;Lesion_DAA=+0.2439;Vasculature=-0.0395,0.2518587682039813,0.6063646003826764,0.0038270537533651957
days_since_last_peak,RR_R2_4,1027,27,48,2,DRG_reactive=-0.2736;Lesion_DAA=+0.1144,0.27360633059565026,0.7577799285624304,0.004029361490109282
days_since_last_peak,RR_R2_3,1027,27,42,3,DRG_reactive=-0.2798;Lesion_Lipid=+0.1983;Vasculature=-0.1199,0.2798402261671689,0.37516591569314994,0.05260809603767005
days_since_last_peak,RR_P1_5,1027,27,55,3,DRG=+0.0676;DRG_reactive=-0.1856;Lesion_DAA=+0.1649,0.18560623203730664,0.41569010559520325,0.06021893857633254
days_since_last_peak,RR_P3_5,1027,27,48,6,DRG=+0.0533;DRG_reactive=-0.1630;Lesion_DAA=+0.3451;Lesion_Lipid=+0.1853;Vasculature=-0.0715;WM=-0.0254,0.345143135014755,0.5819008762300785,0.004156422408941613
days_since_last_peak,RR_R1_6,1027,27,48,6,DRG=+0.1140;DRG_reactive=-0.2085;Lesion_DAA=+0.2133;Lesion_Lipid=+0.0020;Vasculature=-0.0296;WM=-0.0774,0.21331430111653374,0.5794528937347132,0.0677893257104941
days_since_last_peak,RR_R2_5,1027,27,38,3,DRG=+0.2001;DRG_reactive=-0.0565;Lesion_DAA=+0.3801,0.38013912324693444,0.5924365776452849,0.11443955649701829
days_since_last_peak,RR_P3_4,1027,27,50,2,DRG_reactive=-0.1174;Lesion_DAA=+0.1080,0.11741967967323733,0.5185799326044419,0.014783872796874927
slope_sign,RR_R1_1,1027,27,9,0,,0.0,0.11488707790130104,0.13926169948991135
slope_sign,RR_P2M_1,1027,27,22,1,Vasculature=+0.0293,0.0292883666351235,0.21801581122916783,0.04239606288468503
slope_sign,RR_OS1_1,1027,27,10,0,,0.0,0.11114688723093964,0.1360120106701492
slope_sign,RR_MP_1,1027,27,5,0,,0.0,0.10260795285518012,0.1928363548855437
slope_sign,RR_P1_1,1027,27,7,1,WM_OPC=-0.0488,0.048847246444994,0.0723397574273923,0.1614529447075313
slope_sign,RR_OS2_1,1027,27,12,0,,0.0,0.11508391868789905,0.11770303199797263
slope_sign,RR_P2M_2,1027,27,11,0,,0.0,0.1157048181869071,0.13204485529196966
slope_sign,RR_MP_2,1027,27,18,1,Lesion_Tcell=-0.0036,0.0035717557223174197,0.13426316819579326,0.06107999959403325
slope_sign,RR_R1_2,1027,27,24,2,Central_canal=-0.0003;Lesion_DAO II=-0.0111,0.011144724743604359,0.2384066871407084,0.03521983848129708
slope_sign,RR_P3_1,1027,27,13,0,,0.0,0.11287917819511747,0.12960024804796852
slope_sign,RR_OS2_2,1027,27,10,0,,0.0,0.1097296381766387,0.13637926022711516
slope_sign,RR_P1_2,1027,27,9,0,,0.0,0.09355881440277483,0.16166387528953202
slope_sign,RR_P3_2,1027,27,14,0,,0.0,0.13586256425387974,0.12633258324953012
slope_sign,RR_MP_3,1027,27,17,0,,0.0,0.12123506890291033,0.07311772217448538
slope_sign,RR_R2LONG_1,1027,27,16,0,,0.0,0.1407581549643479,0.08038954537194486
slope_sign,RR_P1_3,1027,27,13,0,,0.0,0.10151105982966652,0.12025989965596162
slope_sign,RR_MP_4,1027,27,13,0,,0.0,0.11848827512587937,0.10961886643454725
slope_sign,RR_P3_3,1027,27,11,0,,0.0,0.11109613250876549,0.12205768424335293
slope_sign,RR_P2_3,1027,27,17,0,,0.0,0.11212063962453792,0.10898243364224942
slope_sign,RR_OS1_2,1027,27,14,0,,0.0,0.10873902172634745,0.1292838730096951
slope_sign,RR_R1_3,1027,27,14,0,,0.0,0.11674391068030897,0.10612135330383636
slope_sign,RR_R1_4,1027,27,12,0,,0.0,0.11010491363945601,0.11809970771186838
slope_sign,RR_P2_4,1027,27,13,0,,0.0,0.10749251730624805,0.12194948587553152
slope_sign,RR_R2_4,1027,27,35,1,Lesion_Lipid=-0.1114,0.1113674219435025,0.1808510088080102,0.0006993129439538089
slope_sign,RR_R2_3,1027,27,9,0,,0.0,0.09023160503168409,0.12113102102995807
slope_sign,RR_P1_5,1027,27,11,0,,0.0,0.13672030473162022,0.09265233184926747
slope_sign,RR_P3_5,1027,27,14,0,,0.0,0.13507325366011771,0.09394551997822574
slope_sign,RR_R1_6,1027,27,15,0,,0.0,0.12265593812796517,0.07780709223857596
slope_sign,RR_R2_5,1027,27,17,0,,0.0,0.15560914554119176,0.06935286336312417
slope_sign,RR_P3_4,1027,27,17,0,,0.0,0.11709811559578466,0.08090102681935177
onset_day_rr,RR_R1_1,1027,27,19,2,Lesion_Lipid=-0.1518;Lesion_myeloid III=+0.0312,0.15181521598965161,0.26090413909364496,0.15962417928248815
onset_day_rr,RR_P2M_1,1027,27,16,2,Lesion_Lipid=-0.1670;Lesion_myeloid III=+0.0475,0.16698998787493705,0.31561892612171577,0.14699180012024946
onset_day_rr,RR_MP_1,1027,27,24,2,Lesion_Lipid=-0.1593;Lesion_myeloid III=+0.0343,0.15934827555172215,0.26766669519390124,0.15111269046909415
onset_day_rr,RR_P1_1,1027,27,27,4,Lesion_Foamy=+0.0601;Lesion_Lipid=-0.1686;Lesion_myeloid III=+0.1085;Vasculature=+0.0266,0.16863352535386147,0.23094106240696216,0.07837094563011261
onset_day_rr,RR_OS2_1,1027,27,25,2,Lesion_Lipid=-0.1767;Lesion_myeloid III=+0.0363,0.1767358582808468,0.2853710342691449,0.11584121359083457
onset_day_rr,RR_P2M_2,1027,27,20,2,Lesion_Foamy=+0.0164;Lesion_Lipid=-0.1741,0.17405581603888434,0.27502654469397814,0.11289575666586052
onset_day_rr,RR_MP_2,1027,27,29,5,DRG=-0.0098;DRG_reactive=-0.0654;Lesion_Foamy=+0.0559;Lesion_Lipid=-0.2516;Vasculature=+0.1542,0.2516022910878657,0.2755543770827389,0.04566851988706165
onset_day_rr,RR_R1_2,1027,27,35,6,DRG=-0.0063;DRG_reactive=-0.0103;Lesion_Foamy=+0.0700;Lesion_Lipid=-0.1186;Lesion_myeloid III=+0.1116;Vasculature=+0.0771,0.11863721331874884,0.360991277908095,0.024359278127325874
onset_day_rr,RR_P3_1,1027,27,29,5,DRG=-0.0049;Lesion_Foamy=+0.0687;Lesion_Lipid=-0.1114;Lesion_myeloid III=+0.0579;Vasculature=+0.0634,0.11137044920679684,0.3039570962126928,0.04731279443948522
onset_day_rr,RR_OS2_2,1027,27,34,5,DRG=-0.0243;Lesion_Foamy=+0.1338;Lesion_Lipid=-0.0582;Lesion_myeloid III=+0.1695;Vasculature=+0.1004,0.1695492234950555,0.301009673319381,0.015958209875897487
onset_day_rr,RR_P1_2,1027,27,25,3,Lesion_Lipid=-0.1027;Lesion_myeloid III=+0.0774;Vasculature=+0.0665,0.1026870575125191,0.420047382151279,0.030632872726512897
onset_day_rr,RR_P3_2,1027,27,32,3,Lesion_Lipid=-0.1862;Lesion_myeloid III=+0.1140;Vasculature=+0.0495,0.18619899953557562,0.22426954493779439,0.051980354500131
onset_day_rr,RR_MP_3,1027,27,36,6,DRG=-0.0317;DRG_reactive=-0.0323;Lesion_Foamy=+0.0881;Lesion_Lipid=-0.1339;Lesion_myeloid III=+0.1272;Vasculature=+0.0665,0.13389495013956698,0.33538848060959087,0.02436741687573335
onset_day_rr,RR_R2LONG_1,1027,27,34,6,DRG=-0.0593;DRG_reactive=-0.0236;Lesion_Foamy=+0.1115;Lesion_Lipid=-0.1351;Lesion_myeloid III=+0.1280;Vasculature=+0.0803,0.13514053432510723,0.34632220731336627,0.016188976429237438
onset_day_rr,RR_P1_3,1027,27,26,4,Lesion_Foamy=+0.0319;Lesion_Lipid=-0.2206;Lesion_myeloid III=+0.0413;Vasculature=+0.0180,0.22056316661334818,0.2776116630644084,0.0947566955991997
onset_day_rr,RR_MP_4,1027,27,36,4,Lesion_Foamy=+0.1574;Lesion_Lipid=-0.1464;Lesion_myeloid III=+0.2578;Vasculature=+0.1333,0.25781815825964627,0.27334124042558483,0.0163372197397161
onset_day_rr,RR_P3_3,1027,27,35,6,DRG=-0.0204;DRG_reactive=-0.0410;Lesion_Foamy=+0.1099;Lesion_Lipid=-0.1180;Lesion_myeloid III=+0.1055;Vasculature=+0.0465,0.11800087392093893,0.34387071149563514,0.032417575945202406
onset_day_rr,RR_P2_3,1027,27,33,6,DRG=-0.0382;DRG_reactive=-0.0364;Lesion_Foamy=+0.0164;Lesion_Lipid=-0.1519;Lesion_myeloid III=+0.0611;Vasculature=+0.0411,0.15192966790164258,0.3666888068526538,0.05206591509248375
onset_day_rr,RR_R1_3,1027,27,45,3,Lesion_Foamy=+0.0935;Lesion_Lipid=-0.1704;Lesion_myeloid III=+0.0803,0.17036547551726394,0.27207374026598724,0.031282255090393535
onset_day_rr,RR_R1_4,1027,27,32,5,DRG=-0.0808;Lesion_Foamy=+0.1235;Lesion_Lipid=-0.0966;Lesion_myeloid III=+0.1921;Vasculature=+0.1237,0.19213917334005554,0.3487866628075986,0.021193982752868202
onset_day_rr,RR_P2_4,1027,27,34,6,DRG=-0.0625;DRG_reactive=-0.0839;Lesion_Foamy=+0.1263;Lesion_Lipid=-0.1490;Lesion_myeloid III=+0.0240;Vasculature=+0.0465,0.1489971217878459,0.4180317379638798,0.0018877499082606154
onset_day_rr,RR_R2_4,1027,27,22,2,Lesion_Lipid=-0.0694;Lesion_myeloid III=+0.0069,0.06943161254785296,0.3533231748501008,0.09037402963997046
onset_day_rr,RR_R2_3,1027,27,21,3,Lesion_Lipid=-0.2147;Lesion_myeloid III=+0.0253;Vasculature=+0.0291,0.21469634017663708,0.27519001425634276,0.1263154839363886
onset_day_rr,RR_P1_5,1027,27,21,4,DRG=-0.0117;Lesion_Foamy=+0.0056;Lesion_Lipid=-0.2057;Lesion_myeloid III=+0.0228,0.20568283773585108,0.29342612103448446,0.09672154309151418
onset_day_rr,RR_P3_5,1027,27,27,4,DRG=-0.0186;Lesion_Foamy=+0.0057;Lesion_Lipid=-0.1439;Lesion_myeloid III=+0.0359,0.14390877323529072,0.3133868625459995,0.09067202780473221
onset_day_rr,RR_R1_6,1027,27,26,6,DRG=-0.0395;DRG_reactive=-0.0105;Lesion_Foamy=+0.0877;Lesion_Lipid=-0.2120;Lesion_myeloid III=+0.1702;Vasculature=+0.0871,0.21199668180228434,0.34104575039787305,0.0439260516977759
onset_day_rr,RR_R2_5,1027,27,27,5,DRG=-0.0069;Lesion_Foamy=+0.0328;Lesion_Lipid=-0.1850;Lesion_myeloid III=+0.0877;Vasculature=+0.0427,0.1850211044278452,0.3324124944137729,0.05052052819901327
onset_day_rr,RR_P3_4,1027,27,29,5,DRG_reactive=-0.0452;Lesion_Foamy=+0.1088;Lesion_Lipid=-0.1606;Lesion_myeloid III=+0.1176;Vasculature=+0.0047,0.16055241245306623,0.26783268403388866,0.04964969887030549
onset_day_chronic,C_S16_2,1027,27,54,3,Dorsal_Rim_OL=+0.1150;Vasculature=-0.0435;WM_OPC=+0.0521,0.11502180545633553,0.7993602577436087,0.003117309526131471
onset_day_chronic,C_M16_1,1027,27,58,3,Dorsal_Rim_OL=+0.0427;Vasculature=-0.0153;Ventral_Rim_OL=-0.0087,0.042734392640996564,0.7355913032990548,0.0031411029584256685
onset_day_chronic,C_S30_2,1027,27,50,2,Dorsal_Rim_OL=+0.0711;Lesion_Lipid=+0.0396,0.07109763344647371,0.6200715161705039,0.0030500942121136736
onset_day_chronic,C_S16_1,1027,27,59,2,Dorsal_Rim_OL=+0.0731;Vasculature=-0.1901,0.1901313609188241,0.7023509805482175,0.0031676785417634238
onset_day_chronic,C_P1_4,1027,27,55,2,Dorsal_Rim_OL=+0.1542;Vasculature=-0.1727,0.17266033164677191,0.8025966569481379,0.003034338480395536
onset_day_chronic,C_M16_2,1027,27,68,4,Dorsal_Rim_OL=+0.2152;Vasculature=-0.2245;Ventral_Rim_OL=-0.0999;WM_OPC=+0.0532,0.22449922075192358,0.8906888394506165,0.0031028630727777066
onset_day_chronic,C_P1_5,1027,27,56,1,Vasculature=-0.2232,0.22324242645221454,0.7434732297744939,0.003075353317704105
onset_day_chronic,C_S30_1,1027,27,54,2,Dorsal_Rim_OL=+0.1485;Vasculature=-0.2777,0.27768959129017584,0.7692600737793972,0.0031350676711363206
onset_day_chronic,C_M16_3,1027,27,55,3,Dorsal_Rim_OL=+0.1105;Vasculature=-0.1712;WM_OPC=+0.0046,0.1712268978890698,0.8123585826967098,0.0031035885990883276
onset_day_chronic,C_S16_3,1027,27,16,0,,0.0,0.2110826239013331,1.3322416278645268
onset_day_chronic,C_P1_6,1027,27,58,2,Dorsal_Rim_OL=+0.1047;Vasculature=-0.2042,0.2041909583943684,0.7896367235579095,0.0030843301922963977
onset_day_chronic,C_P1_1,1027,27,51,2,Dorsal_Rim_OL=+0.1161;Vasculature=-0.1690,0.16895400695996002,0.822151702360947,0.003182470209110307
onset_day_chronic,C_OS1_3,1027,27,51,0,,0.0,0.8345274708246635,0.003136062064909433
onset_day_chronic,C_OS1_1,1027,27,53,1,Vasculature=-0.2146,0.21459561786349057,0.7217770740998652,0.003153765366295818
onset_day_chronic,C_P1_2,1027,27,53,2,Vasculature=-0.1663;Ventral_Rim_OL=-0.0007,0.16630941816464906,0.6719690858536973,0.003558652721070019
onset_day_chronic,C_OS1_2,1027,27,42,4,Disease_GM I=-0.0272;Lesion_myeloid II=+0.0002;Vasculature=-0.1092;WM_OPC=+0.0538,0.10916206743754617,0.5988821225823594,0.0031336059772208344
onset_day_chronic,C_P1_3,1027,27,58,1,Vasculature=-0.0475,0.04746523122336631,0.7804681793022928,0.003130207429230753
onset_day_chronic,C_L_1,1027,27,58,4,DRG=+0.2416;Dorsal_Rim_OL=+0.0249;Vasculature=-0.1193;Ventral_Rim_OL=-0.0300,0.24160797683096674,0.7931348422307063,0.0036655132275127075
onset_day_chronic,C_L_4,1027,27,0,0,,0.0,0.0,2.1106387491814655
onset_day_chronic,C_L_2,1027,27,0,0,,0.0,0.0,2.935138691384189
onset_day_chronic,C_L_5,1027,27,0,0,,0.0,0.0,2.8001606672529338
onset_day_chronic,C_L_3,1027,27,0,0,,0.0,0.0,2.70363780270667
onset_day_chronic,C_OS1_4,1027,27,0,0,,0.0,0.0,3.1153638782805455
cumulative_chronic,C_S16_2,1027,27,96,6,Lesion_DAA=+0.0823;Lesion_DAO II=-0.4481;Lesion_Lipid=+1.5625;Lesion_Tcell=-0.0370;Lesion_myeloid II=-0.0849;Lesion_myeloid III=-0.2244,1.5624612442831602,1.7980539716517145,0.2877080795411546
cumulative_chronic,C_M16_1,1027,27,102,6,Lesion_DAA=+0.4060;Lesion_DAO II=-0.5160;Lesion_Lipid=+1.0649;Lesion_Tcell=-0.1602;Lesion_myeloid II=-0.2400;Lesion_myeloid III=-0.0494,1.0648864105588873,1.3802676558658256,0.037129142385749055
cumulative_chronic,C_S30_2,1027,27,91,4,Lesion_Bcell=-0.0421;Lesion_DAA=+0.7703;Lesion_Lipid=+0.3354;Lesion_myeloid III=-0.2940,0.7702570934114575,1.310273801510792,0.11171017188666157
cumulative_chronic,C_OS1_5,1027,27,109,6,Lesion_DAO II=-0.3536;Lesion_Lipid=+1.3707;Lesion_Tcell=-0.0278;Lesion_myeloid II=-0.0227;Lesion_myeloid III=-0.2558;WM_OPC=-0.0846,1.370667320785033,1.6915656896147988,0.16834329747733684
cumulative_chronic,C_S16_1,1027,27,101,8,Lesion_Bcell=-0.0056;Lesion_DAA=+0.0060;Lesion_DAO II=-0.3030;Lesion_Lipid=+1.4017;Lesion_Tcell=-0.0858;Lesion_myeloid II=-0.1327;Lesion_myeloid III=-0.2829;WM_OPC=-0.0532,1.4016616905749693,1.7535033430853648,0.22106622511039256
cumulative_chronic,C_P1_4,1027,27,94,5,Lesion_DAO II=-0.0941;Lesion_Lipid=+1.4043;Lesion_myeloid II=-0.0511;Lesion_myeloid III=-0.4955;WM_OPC=-0.0304,1.404279577112442,1.565004940772661,0.03534041707361171
cumulative_chronic,C_M16_2,1027,27,86,6,Lesion_DAA=+0.0979;Lesion_DAO II=-0.1030;Lesion_Lipid=+1.4106;Lesion_myeloid II=-0.0492;Lesion_myeloid III=-0.2672;WM_OPC=-0.0128,1.4105634645356757,1.5543669193331295,0.2605672332774523
cumulative_chronic,C_NS_4,1027,27,97,8,Central_canal=+0.2161;Lesion_DAO II=-0.1712;Lesion_Lipid=+1.3814;Lesion_Tcell=-0.0491;Lesion_myeloid II=-0.1754;Lesion_myeloid III=-0.0519;WM_MOL2=-0.0872;WM_OPC=-0.2489,1.3813657397163588,1.7465561250532995,0.1277887767995596
cumulative_chronic,C_P1_5,1027,27,91,5,Dorsal_Rim_OL=+0.0402;Lesion_DAO II=-0.0049;Lesion_Lipid=+1.4230;Lesion_myeloid II=-0.0018;Lesion_myeloid III=-0.1698,1.4230291550112018,1.7128370630751566,0.053791186527873854
cumulative_chronic,C_S30_1,1027,27,75,3,Lesion_DAO II=-0.0618;Lesion_Lipid=+1.3960;Lesion_myeloid III=-0.1906,1.3960074820048247,1.574274181869017,0.3547251856927235
cumulative_chronic,C_M16_3,1027,27,68,3,Lesion_DAO II=-0.2203;Lesion_Lipid=+1.1654;Lesion_myeloid III=-0.2577,1.165357875723036,1.3950376753306724,0.928049523219602
cumulative_chronic,C_S16_3,1027,27,92,9,GM=+0.0964;Lesion_Bcell=-0.0234;Lesion_DAA=+0.1059;Lesion_DAO II=-0.1716;Lesion_Lipid=+1.1790;Lesion_Tcell=-0.0037;Lesion_myeloid II=-0.0871;Lesion_myeloid III=-0.3132;WM_OPC=-0.0214,1.178951979034741,1.6553606120428612,0.017066607495481126
cumulative_chronic,C_P1_6,1027,27,83,6,Central_canal=+0.0310;Lesion_DAO II=-0.1436;Lesion_Lipid=+1.5188;Lesion_Tcell=-0.0571;Lesion_myeloid II=-0.0414;WM_OPC=-0.0587,1.5187988746306544,1.4124500974129888,0.3367641356178571
cumulative_chronic,C_NS_5,1027,27,103,9,Lesion_Bcell=-0.0331;Lesion_DAA=+0.0046;Lesion_DAO II=-0.2197;Lesion_Lipid=+1.1423;Lesion_Tcell=-0.1150;Lesion_myeloid II=-0.0887;Lesion_myeloid III=-0.3452;Ventral_GM=-0.0136;WM_OPC=-0.0313,1.1422886427167736,1.6597679175891453,0.017510683397147293
cumulative_chronic,C_NS_1,1027,27,106,7,Lesion_Bcell=-0.1221;Lesion_DAO II=-0.2771;Lesion_Lipid=+1.3341;Lesion_Tcell=-0.0258;Lesion_myeloid II=-0.0650;Lesion_myeloid III=-0.4197;WM_OPC=-0.1237,1.3341445027826284,1.8264958893739138,0.08432769191980025
cumulative_chronic,C_P1_1,1027,27,84,5,Lesion_DAA=+0.1632;Lesion_DAO II=-0.3003;Lesion_Lipid=+1.0730;Lesion_myeloid II=-0.1034;Lesion_myeloid III=-0.2848,1.072976805928796,1.5550621520443222,0.034788264835771625
cumulative_chronic,C_OS1_3,1027,27,91,3,Lesion_DAO II=-0.1628;Lesion_Lipid=+1.3585;Lesion_myeloid III=-0.2583,1.3585268511797925,1.6954274731221464,0.39550176681920296
cumulative_chronic,C_NS_2,1027,27,103,9,Dorsal_Rim_OL=+0.0665;Lesion_Bcell=-0.1498;Lesion_DAA=+0.0499;Lesion_DAO II=-0.1613;Lesion_Lipid=+1.3645;Lesion_myeloid II=-0.0957;Lesion_myeloid III=-0.3531;Vasculature=+0.2796;WM_OPC=-0.1545,1.3645077436374378,2.043294742730995,0.01761525841315616
cumulative_chronic,C_OS1_1,1027,27,109,7,Lesion_Bcell=-0.0443;Lesion_DAO II=-0.3831;Lesion_Lipid=+1.3183;Lesion_Tcell=-0.0815;Lesion_myeloid II=-0.1055;Lesion_myeloid III=-0.2314;WM_OPC=-0.0393,1.3183235867726626,1.6905092375738022,0.017593727142804595
cumulative_chronic,C_P1_2,1027,27,111,8,Lesion_Bcell=-0.1112;Lesion_DAA=+0.0356;Lesion_DAO II=-0.3487;Lesion_Lipid=+1.2911;Lesion_Tcell=-0.0212;Lesion_myeloid II=-0.0683;Lesion_myeloid III=-0.4129;WM_OPC=-0.0753,1.2910926540766359,1.783996285629849,0.0948850877339577
cumulative_chronic,C_NS_3,1027,27,108,9,Lesion_Bcell=-0.0928;Lesion_DAA=+0.0806;Lesion_DAO II=-0.3296;Lesion_Lipid=+1.2839;Lesion_Tcell=-0.0325;Lesion_myeloid II=-0.0933;Lesion_myeloid III=-0.2897;Vasculature=+0.4730;WM_OPC=-0.0623,1.2838945520426779,1.7640194683995183,0.08373295420723229
cumulative_chronic,C_OS1_2,1027,27,98,6,Lesion_DAO II=-0.2385;Lesion_Lipid=+1.3722;Lesion_Tcell=-0.0076;Lesion_myeloid II=-0.0278;Lesion_myeloid III=-0.3178;WM_OPC=-0.0455,1.3722466110535645,1.6852824733961504,0.2965268851516111
cumulative_chronic,C_P1_3,1027,27,105,7,Lesion_Bcell=-0.1113;Lesion_DAA=+0.0961;Lesion_DAO II=-0.0221;Lesion_Lipid=+1.1767;Lesion_myeloid II=-0.0014;Lesion_myeloid III=-0.4211;WM_OPC=-0.0924,1.176699136029343,1.8556284454404677,0.07114213490554115
cumulative_chronic,C_L_1,1027,27,101,9,Dorsal_Rim_OL=+0.0165;GM=+0.0017;Lesion_Bcell=-0.0569;Lesion_DAA=+0.0092;Lesion_DAO II=-0.0952;Lesion_Lipid=+1.3159;Lesion_myeloid II=-0.0597;Lesion_myeloid III=-0.3668;WM_OPC=-0.1048,1.3159159833253469,1.6973874394163577,0.07305904429905785
cumulative_chronic,C_L_4,1027,27,105,8,Central_canal=+0.0323;Lesion_DAO II=-0.2170;Lesion_Lipid=+2.1186;Lesion_Tcell=-0.1328;Lesion_myeloid II=-0.0701;Lesion_myeloid III=-0.3377;Ventral_GM=-0.2280;WM_MOL2=-0.3587,2.1186426714793343,1.6238934896591957,0.01643374451578425
cumulative_chronic,C_L_2,1027,27,86,7,Lesion_DAO II=-0.0026;Lesion_Lipid=+1.7249;Lesion_Tcell=-0.0454;Lesion_myeloid II=-0.0464;Lesion_myeloid III=-0.3196;Vasculature=+0.0695;WM_OPC=-0.2299,1.724937384110433,1.3817735632725385,0.43602601242666666
cumulative_chronic,C_L_5,1027,27,78,6,Lesion_DAA=+0.0119;Lesion_DAO II=-0.0603;Lesion_Lipid=+1.2542;Lesion_myeloid III=-0.1322;Vasculature=+0.0373;WM_OPC=-0.0300,1.2542331293101732,1.683370793570552,0.7395243174981029
cumulative_chronic,C_L_3,1027,27,101,6,Dorsal_Rim_OL=+0.0754;Lesion_Lipid=+1.9523;Lesion_myeloid III=-0.3672;Vasculature=+0.0957;WM_MOL2=-0.1189;WM_OPC=-0.0709,1.9522841183546227,1.7981897564798206,0.017569223180406934
cumulative_chronic,C_OS1_4,1027,27,104,7,Lesion_Bcell=-0.0697;Lesion_DAO II=-0.1395;Lesion_Lipid=+0.9642;Lesion_myeloid II=-0.0519;Lesion_myeloid III=-0.2945;WM_MOL2=-0.2295;WM_OPC=-0.1669,0.964238980692762,2.0397422099304787,0.14706326808631434
day_of_sacrifice,RR_R1_1,1027,27,103,4,Dorsal_Rim_OL=-0.5166;Lesion_Lipid=+0.0580;Ventral_Rim_OL=+0.3312;WM_OPC=-0.0963,0.5166362243829565,1.5103140378479714,0.2873281661987121
day_of_sacrifice,RR_P2M_1,1027,27,104,7,Central_canal=-0.0124;DRG=+0.0053;DRG_reactive=-0.0055;Dorsal_Rim_OL=-0.6181;Lesion_Lipid=+0.1890;Vasculature=+0.0146;Ventral_Rim_OL=+0.2835,0.618062986896114,1.5273476746533583,0.2541594711633509
day_of_sacrifice,RR_OS1_1,1027,27,109,4,Central_canal=-0.0061;Dorsal_Rim_OL=-0.6562;Lesion_Lipid=+0.2033;Ventral_Rim_OL=+0.3657,0.6561531994550097,1.6539091158639558,0.20858259597016504
day_of_sacrifice,RR_MP_1,1027,27,90,4,DRG=+0.1031;DRG_reactive=-0.1411;Dorsal_Rim_OL=-0.3167;Ventral_Rim_OL=+0.2944,0.31670634973343376,1.548214624017402,0.44351484230664634
day_of_sacrifice,RR_CFA_1,1027,27,108,4,Central_canal=-0.1071;Dorsal_Rim_OL=-0.6029;Lesion_Lipid=+0.1908;Ventral_Rim_OL=+0.3561,0.6028598073139209,1.7107141221018431,0.218965468800967
day_of_sacrifice,RR_P1_1,1027,27,111,5,Central_canal=-0.1454;Dorsal_Rim_OL=-0.6898;Lesion_Lipid=+0.2339;Ventral_Rim_OL=+0.1187;WM_OPC=-0.1840,0.6897699327869325,1.4745823512746021,0.28377843975517897
day_of_sacrifice,RR_OS2_1,1027,27,107,5,DRG=+0.0287;Dorsal_Rim_OL=-0.7244;Lesion_Lipid=+0.0916;Ventral_Rim_OL=+0.1850;WM_OPC=-0.1008,0.7244258674719967,1.5734819735562118,0.24145648562677272
day_of_sacrifice,RR_P2M_2,1027,27,112,6,DRG=+0.0202;DRG_reactive=-0.1033;Dorsal_Rim_OL=-0.5202;Lesion_Lipid=+0.0943;Ventral_Rim_OL=+0.1553;WM_OPC=-0.0317,0.5202097279778654,1.9208707769341153,0.1934113945510064
day_of_sacrifice,RR_MP_2,1027,27,120,5,Central_canal=-0.0186;DRG=+0.0093;Dorsal_Rim_OL=-0.7063;Lesion_Lipid=+0.2038;Ventral_Rim_OL=+0.3995,0.7063449260508233,1.7923519995630308,0.14338817078527685
day_of_sacrifice,RR_R1_2,1027,27,115,7,Central_canal=-0.0505;DRG=+0.0445;Dorsal_Rim_OL=-0.7255;Lesion_DAO II=-0.0220;Lesion_Lipid=+0.4388;Ventral_Rim_OL=+0.4830;WM_OPC=-0.0316,0.7254964654321405,1.8560483399449297,0.10811586783201847
day_of_sacrifice,RR_CFA_2,1027,27,113,4,DRG=+0.0046;Dorsal_Rim_OL=-0.6540;Lesion_Lipid=+0.2210;Ventral_Rim_OL=+0.3897,0.6539958392148489,1.7081638252822955,0.16461967299991107
day_of_sacrifice,RR_P3_1,1027,27,118,4,Central_canal=-0.1462;Dorsal_Rim_OL=-0.9222;Lesion_Lipid=+0.9970;WM_OPC=-0.3340,0.9969839022920048,1.3143466559983035,0.01955888419715702
day_of_sacrifice,RR_OS2_2,1027,27,124,5,Central_canal=-0.0586;DRG=+0.0432;Dorsal_Rim_OL=-0.7325;Lesion_Lipid=+0.0328;Ventral_Rim_OL=+0.3598,0.7324682008721833,1.763397468732599,0.11919407824980109
day_of_sacrifice,RR_P1_2,1027,27,98,5,DRG=+0.0383;DRG_reactive=-0.0141;Dorsal_Rim_OL=-0.3215;Lesion_Lipid=+0.1827;Ventral_Rim_OL=+0.0706,0.32152337602029557,1.4710236863610493,0.4899135990179504
day_of_sacrifice,RR_P3_2,1027,27,108,6,DRG=+0.0351;Dorsal_Rim_OL=-0.5847;Lesion_Bcell=+0.0600;Lesion_Foamy=-0.1697;Lesion_Lipid=+0.3043;Ventral_Rim_OL=+0.3967,0.5847488055421844,1.6120947231232379,0.16937806897401864
day_of_sacrifice,RR_CFA_3,1027,27,88,4,Dorsal_Rim_OL=-0.3815;Lesion_Lipid=+0.0948;Ventral_Rim_OL=+0.3544;WM_OPC=-0.0060,0.381486472165255,1.5018986552589262,0.3879916905119258
day_of_sacrifice,RR_MP_3,1027,27,92,4,DRG_reactive=-0.0134;Dorsal_Rim_OL=-0.2294;Lesion_Lipid=+0.1368;Ventral_Rim_OL=+0.3189,0.31894985515099694,1.36044711326958,0.5107570668094581
day_of_sacrifice,RR_R2LONG_1,1027,27,101,6,DRG=+0.0056;DRG_reactive=-0.1963;Dorsal_Rim_OL=-0.4388;Lesion_Lipid=+0.3359;Ventral_Rim_OL=+0.1819;WM_OPC=-0.1399,0.438835497060519,1.2995291172521375,0.42395949653201165
day_of_sacrifice,RR_P1_3,1027,27,93,5,DRG_reactive=-0.0045;Dorsal_Rim_OL=-0.4353;Lesion_Lipid=+0.1215;Ventral_Rim_OL=+0.2374;WM_OPC=-0.0363,0.43526352945457675,1.4628994727911067,0.49482048578936316
day_of_sacrifice,RR_MP_4,1027,27,98,4,DRG_reactive=-0.1313;Dorsal_Rim_OL=-0.1914;Lesion_Lipid=+0.1563;Ventral_Rim_OL=+0.2131,0.21313678678279696,1.3404758024062575,0.5892878696010514
day_of_sacrifice,RR_P3_3,1027,27,91,4,DRG_reactive=-0.0238;Dorsal_Rim_OL=-0.3636;Lesion_Lipid=+0.1669;Ventral_Rim_OL=+0.2281,0.36359858393442956,1.4487419606870189,0.5148208683622222
day_of_sacrifice,RR_P2_3,1027,27,101,4,Dorsal_Rim_OL=-0.2823;Lesion_Lipid=+0.1135;Ventral_Rim_OL=+0.2342;WM_OPC=-0.0305,0.2822638401628254,1.5276572119299892,0.511061366799597
day_of_sacrifice,RR_OS1_2,1027,27,95,4,DRG_reactive=-0.0477;Dorsal_Rim_OL=-0.2171;Lesion_Lipid=+0.1231;Ventral_Rim_OL=+0.1548,0.21706130157684841,1.3572431202887367,0.5717162366805907
day_of_sacrifice,RR_R1_3,1027,27,90,5,DRG_reactive=-0.0080;Dorsal_Rim_OL=-0.3435;Lesion_Lipid=+0.1655;Ventral_Rim_OL=+0.2348;WM_OPC=-0.0099,0.3434967536584556,1.404401157384704,0.5833607201943108
day_of_sacrifice,RR_R1_4,1027,27,94,3,Dorsal_Rim_OL=-0.3540;Lesion_Bcell=+0.2971;Ventral_Rim_OL=+0.3203,0.3540415336121116,1.369647918163546,0.33526922951838567
day_of_sacrifice,RR_P2_4,1027,27,91,3,Dorsal_Rim_OL=-0.2839;Lesion_Lipid=+0.1868;Ventral_Rim_OL=+0.1592,0.28387096967252956,1.4320953499545486,0.5117211164784611
day_of_sacrifice,RR_R2_4,1027,27,110,4,DRG_reactive=-0.1245;Dorsal_Rim_OL=-0.3596;Ventral_Rim_OL=+0.2174;WM_OPC=-0.0284,0.3595671045331996,1.4951266451548137,0.31929409322764407
day_of_sacrifice,RR_R2_3,1027,27,96,4,DRG_reactive=-0.0503;Dorsal_Rim_OL=-0.4113;Lesion_Lipid=+0.2449;Ventral_Rim_OL=+0.1973,0.4112654995674083,1.4230042848759143,0.4990290799598582
day_of_sacrifice,RR_P1_5,1027,27,90,3,Dorsal_Rim_OL=-0.2434;Lesion_Lipid=+0.0918;Ventral_Rim_OL=+0.1254,0.24343018091516802,1.2129809583532183,0.7358376605367868
day_of_sacrifice,RR_P3_5,1027,27,96,3,Dorsal_Rim_OL=-0.4183;Lesion_Lipid=+0.5482;Ventral_Rim_OL=+0.1970,0.5482339637473171,1.3698207043707042,0.5624794469864346
day_of_sacrifice,RR_R1_6,1027,27,93,4,DRG_reactive=-0.0846;Dorsal_Rim_OL=-0.2285;Lesion_Lipid=+0.0891;Ventral_Rim_OL=+0.1957,0.22851595138799222,1.38113417272851,0.5952300861554346
day_of_sacrifice,RR_R2_5,1027,27,90,2,Dorsal_Rim_OL=-0.2472;Ventral_Rim_OL=+0.2968,0.29677944764177516,1.3759984908891107,0.5680347881298622
day_of_sacrifice,RR_P3_4,1027,27,98,4,Dorsal_Rim_OL=-0.4660;Lesion_Lipid=+0.1856;Ventral_Rim_OL=+0.2372;WM_OPC=-0.0235,0.46596450624719216,1.621001896903599,0.36721207440621195
