target,sample_name,pred,seed_preds
onset_day_chronic,C_S16_2,11.629640130341608,11.6296
cumulative_chronic,C_S16_2,14.731041997645058,14.7310
onset_day_chronic,C_M16_1,9.530936441088976,9.5309
cumulative_chronic,C_M16_1,11.721060052452538,11.7211
onset_day_chronic,C_S30_2,15.016522239464763,15.0165
cumulative_chronic,C_S30_2,7.188998796102654,7.1890
cumulative_chronic,C_OS1_5,5.638940573749855,5.6389
onset_day_chronic,C_S16_1,10.734325650267438,10.7343
cumulative_chronic,C_S16_1,18.306433965587633,18.3064
onset_day_chronic,C_P1_4,12.183779151321607,12.1838
cumulative_chronic,C_P1_4,-4.851448277891999,-4.8514
onset_day_chronic,C_M16_2,9.916888970109753,9.9169
cumulative_chronic,C_M16_2,1.9934727616198165,1.9935
cumulative_chronic,C_NS_4,11.231643399189917,11.2316
onset_day_chronic,C_P1_5,11.305600878003897,11.3056
cumulative_chronic,C_P1_5,-6.382893455028794,-6.3829
onset_day_chronic,C_S30_1,13.822843690917173,13.8228
cumulative_chronic,C_S30_1,2.2683100662678783,2.2683
onset_day_chronic,C_M16_3,12.282507641359748,12.2825
cumulative_chronic,C_M16_3,-6.147508370561161,-6.1475
onset_day_chronic,C_S16_3,11.527929824848027,11.5279
cumulative_chronic,C_S16_3,4.530511185212347,4.5305
onset_day_chronic,C_P1_6,11.222889717883112,11.2229
cumulative_chronic,C_P1_6,-3.816842941253336,-3.8168
cumulative_chronic,C_NS_5,7.3752065271195555,7.3752
cumulative_chronic,C_NS_1,6.251940664933489,6.2519
onset_day_chronic,C_P1_1,11.230570507468093,11.2306
cumulative_chronic,C_P1_1,-9.957831568237099,-9.9578
onset_day_chronic,C_OS1_3,12.364959540040056,12.3650
cumulative_chronic,C_OS1_3,-3.6231056664722123,-3.6231
cumulative_chronic,C_NS_2,6.544833880386069,6.5448
onset_day_chronic,C_OS1_1,12.153669194184305,12.1537
cumulative_chronic,C_OS1_1,-5.824043665459293,-5.8240
onset_day_chronic,C_P1_2,13.554730282932981,13.5547
cumulative_chronic,C_P1_2,-8.870384270089646,-8.8704
cumulative_chronic,C_NS_3,2.362644529432277,2.3626
onset_day_chronic,C_OS1_2,12.589032204381825,12.5890
cumulative_chronic,C_OS1_2,-1.4456632487721164,-1.4457
onset_day_chronic,C_P1_3,13.443529779793627,13.4435
cumulative_chronic,C_P1_3,-10.236452983690782,-10.2365
onset_day_chronic,C_L_1,14.290456560157327,14.2905
cumulative_chronic,C_L_1,-0.6943937081028263,-0.6944
onset_day_chronic,C_L_4,14.088065551574962,14.0881
cumulative_chronic,C_L_4,7.22616611466236,7.2262
onset_day_chronic,C_L_2,12.672271403768802,12.6723
cumulative_chronic,C_L_2,1.0493042943500344,1.0493
onset_day_chronic,C_L_5,15.237047426025947,15.2370
cumulative_chronic,C_L_5,-7.943348678810436,-7.9433
onset_day_chronic,C_L_3,12.201480179676452,12.2015
cumulative_chronic,C_L_3,-4.897473987986511,-4.8975
onset_day_chronic,C_OS1_4,10.9351756360515,10.9352
cumulative_chronic,C_OS1_4,-7.533939843449863,-7.5339
days_since_last_peak,RR_R1_1,-0.07285585813511114,-0.0729
slope_sign,RR_R1_1,-0.520107713859341,-0.5201
onset_day_rr,RR_R1_1,14.043226900771254,14.0432
day_of_sacrifice,RR_R1_1,-13.239650194636502,-13.2397
days_since_last_peak,RR_P2M_1,-0.012313798771706193,-0.0123
slope_sign,RR_P2M_1,-0.3422966061704234,-0.3423
onset_day_rr,RR_P2M_1,13.013125079107487,13.0131
day_of_sacrifice,RR_P2M_1,0.07963751227061913,0.0796
slope_sign,RR_OS1_1,0.5948465850560893,0.5948
day_of_sacrifice,RR_OS1_1,-8.469752804143672,-8.4698
days_since_last_peak,RR_MP_1,-2.3429835178257927,-2.3430
slope_sign,RR_MP_1,0.16360141610124623,0.1636
onset_day_rr,RR_MP_1,13.193328816002682,13.1933
day_of_sacrifice,RR_MP_1,9.697271810497053,9.6973
day_of_sacrifice,RR_CFA_1,5.946202668070237,5.9462
days_since_last_peak,RR_P1_1,0.501491477083305,0.5015
slope_sign,RR_P1_1,0.047718966897889084,0.0477
onset_day_rr,RR_P1_1,13.997704145188726,13.9977
day_of_sacrifice,RR_P1_1,-6.021572097463392,-6.0216
days_since_last_peak,RR_OS2_1,-1.0415205644332397,-1.0415
slope_sign,RR_OS2_1,0.34055344159274914,0.3406
onset_day_rr,RR_OS2_1,12.520147243306736,12.5201
day_of_sacrifice,RR_OS2_1,-14.700996559623357,-14.7010
days_since_last_peak,RR_P2M_2,2.086006433039527,2.0860
slope_sign,RR_P2M_2,-0.25245013441103936,-0.2525
onset_day_rr,RR_P2M_2,13.008454910174342,13.0085
day_of_sacrifice,RR_P2M_2,4.844037999411875,4.8440
days_since_last_peak,RR_MP_2,0.018697841444039524,0.0187
slope_sign,RR_MP_2,-0.558615082490332,-0.5586
onset_day_rr,RR_MP_2,12.986650969869455,12.9867
day_of_sacrifice,RR_MP_2,3.596296576945707,3.5963
days_since_last_peak,RR_R1_2,-1.1477017052740766,-1.1477
slope_sign,RR_R1_2,0.010690342986084081,0.0107
onset_day_rr,RR_R1_2,13.601367672212602,13.6014
day_of_sacrifice,RR_R1_2,6.99490202529419,6.9949
day_of_sacrifice,RR_CFA_2,5.284712041734442,5.2847
days_since_last_peak,RR_P3_1,0.49158810353274623,0.4916
slope_sign,RR_P3_1,-0.1591130468346182,-0.1591
onset_day_rr,RR_P3_1,13.230509077920319,13.2305
day_of_sacrifice,RR_P3_1,3.096452783319447,3.0965
days_since_last_peak,RR_OS2_2,-1.2433177169832816,-1.2433
slope_sign,RR_OS2_2,0.6110531417267577,0.6111
onset_day_rr,RR_OS2_2,12.889737055805398,12.8897
day_of_sacrifice,RR_OS2_2,-13.403753781945706,-13.4038
days_since_last_peak,RR_P1_2,0.9426467791811942,0.9426
slope_sign,RR_P1_2,-0.05381449812949346,-0.0538
onset_day_rr,RR_P1_2,13.355687473420877,13.3557
day_of_sacrifice,RR_P1_2,-13.724818500691274,-13.7248
days_since_last_peak,RR_P3_2,1.5924537607508715,1.5925
slope_sign,RR_P3_2,-0.1623767860406981,-0.1624
onset_day_rr,RR_P3_2,11.783578348327667,11.7836
day_of_sacrifice,RR_P3_2,14.583949160899909,14.5839
day_of_sacrifice,RR_CFA_3,3.592746252582524,3.5927
days_since_last_peak,RR_MP_3,-0.19699866204014302,-0.1970
slope_sign,RR_MP_3,-0.2979553702814874,-0.2980
onset_day_rr,RR_MP_3,13.328163214046958,13.3282
day_of_sacrifice,RR_MP_3,10.04749141329089,10.0475
days_since_last_peak,RR_R2LONG_1,-0.5554519751040228,-0.5555
slope_sign,RR_R2LONG_1,-0.42542689987175014,-0.4254
onset_day_rr,RR_R2LONG_1,12.72769687900372,12.7277
day_of_sacrifice,RR_R2LONG_1,10.178740836497344,10.1787
days_since_last_peak,RR_P1_3,0.32896040395511145,0.3290
slope_sign,RR_P1_3,-0.06578448667486071,-0.0658
onset_day_rr,RR_P1_3,13.352221140408002,13.3522
day_of_sacrifice,RR_P1_3,-13.651557640817192,-13.6516
days_since_last_peak,RR_MP_4,-0.8272218740372289,-0.8272
slope_sign,RR_MP_4,-0.20370842379088508,-0.2037
onset_day_rr,RR_MP_4,13.406134240887805,13.4061
day_of_sacrifice,RR_MP_4,1.7602526619066183,1.7603
days_since_last_peak,RR_P3_3,-0.129726399705752,-0.1297
slope_sign,RR_P3_3,-0.0843125654957247,-0.0843
onset_day_rr,RR_P3_3,13.191132886172388,13.1911
day_of_sacrifice,RR_P3_3,1.5067939945065658,1.5068
days_since_last_peak,RR_P2_3,-0.21907090248563324,-0.2191
slope_sign,RR_P2_3,-0.05023147374765401,-0.0502
onset_day_rr,RR_P2_3,12.968922075645839,12.9689
day_of_sacrifice,RR_P2_3,-3.7835406028379577,-3.7835
slope_sign,RR_OS1_2,0.6466659329590712,0.6467
day_of_sacrifice,RR_OS1_2,-9.651879278410878,-9.6519
days_since_last_peak,RR_R1_3,1.3514627032517565,1.3515
slope_sign,RR_R1_3,-0.27865993712611054,-0.2787
onset_day_rr,RR_R1_3,13.358204707897793,13.3582
day_of_sacrifice,RR_R1_3,-10.129580562752583,-10.1296
days_since_last_peak,RR_R1_4,3.1395741512427304,3.1396
slope_sign,RR_R1_4,-0.18170965320537968,-0.1817
onset_day_rr,RR_R1_4,12.538130137121133,12.5381
day_of_sacrifice,RR_R1_4,0.3985075327889648,0.3985
days_since_last_peak,RR_P2_4,0.21632244171419773,0.2163
slope_sign,RR_P2_4,0.335089483103085,0.3351
onset_day_rr,RR_P2_4,12.448772646919789,12.4488
day_of_sacrifice,RR_P2_4,-6.803523007240367,-6.8035
days_since_last_peak,RR_R2_4,3.819732065176034,3.8197
slope_sign,RR_R2_4,-0.251566904771009,-0.2516
onset_day_rr,RR_R2_4,12.679244559320404,12.6792
day_of_sacrifice,RR_R2_4,16.676950007311394,16.6770
days_since_last_peak,RR_R2_3,1.7303066111402403,1.7303
slope_sign,RR_R2_3,-0.21848431630288617,-0.2185
onset_day_rr,RR_R2_3,11.831732973562723,11.8317
day_of_sacrifice,RR_R2_3,13.101958721894128,13.1020
days_since_last_peak,RR_P1_5,-0.2552874531343524,-0.2553
slope_sign,RR_P1_5,0.2949280346811554,0.2949
onset_day_rr,RR_P1_5,12.050400887371785,12.0504
day_of_sacrifice,RR_P1_5,-18.35738819012521,-18.3574
days_since_last_peak,RR_P3_5,2.146021461543008,2.1460
slope_sign,RR_P3_5,-0.003155459690565068,-0.0032
onset_day_rr,RR_P3_5,12.235202694701155,12.2352
day_of_sacrifice,RR_P3_5,17.503780381248617,17.5038
days_since_last_peak,RR_R1_6,0.8130447465664512,0.8130
slope_sign,RR_R1_6,-0.25684325498097843,-0.2568
onset_day_rr,RR_R1_6,12.607657717522413,12.6077
day_of_sacrifice,RR_R1_6,-2.7893922674100144,-2.7894
days_since_last_peak,RR_R2_5,-1.9114119180242488,-1.9114
slope_sign,RR_R2_5,0.2584241481447933,0.2584
onset_day_rr,RR_R2_5,12.070297393759542,12.0703
day_of_sacrifice,RR_R2_5,11.80773786228305,11.8077
days_since_last_peak,RR_P3_4,1.0430289647818516,1.0430
slope_sign,RR_P3_4,-0.21331160655440046,-0.2133
onset_day_rr,RR_P3_4,12.702860023176386,12.7029
day_of_sacrifice,RR_P3_4,15.726549111328337,15.7265
