target,sample_name,pred,seed_preds,n_seeds
cumulative_chronic,C_L_1,1.2687333333333333,-0.6944;1.5627;2.9379,3
cumulative_chronic,C_L_2,0.5801666666666666,1.0493;-3.9279;4.6191,3
cumulative_chronic,C_L_3,-5.259366666666666,-4.8975;-5.1552;-5.7254,3
cumulative_chronic,C_L_4,6.0927999999999995,7.2262;1.4370;9.6152,3
cumulative_chronic,C_L_5,-7.4289,-7.9433;-6.3342;-8.0092,3
cumulative_chronic,C_M16_1,11.4639,11.7211;7.4121;15.2585,3
cumulative_chronic,C_M16_2,-0.013266666666666538,1.9935;1.4248;-3.4581,3
cumulative_chronic,C_M16_3,-9.491566666666666,-6.1475;-11.6452;-10.6820,3
cumulative_chronic,C_NS_1,4.277566666666666,6.2519;4.1905;2.3903,3
cumulative_chronic,C_NS_2,6.859166666666667,6.5448;5.2951;8.7376,3
cumulative_chronic,C_NS_3,2.2538666666666667,2.3626;2.1137;2.2853,3
cumulative_chronic,C_NS_4,7.348533333333333,11.2316;3.9591;6.8549,3
cumulative_chronic,C_NS_5,6.2632,7.3752;6.9565;4.4579,3
cumulative_chronic,C_OS1_1,-6.581733333333333,-5.8240;-7.2987;-6.6225,3
cumulative_chronic,C_OS1_2,-0.6010666666666666,-1.4457;-1.2517;0.8942,3
cumulative_chronic,C_OS1_3,-5.305766666666666,-3.6231;-7.1227;-5.1715,3
cumulative_chronic,C_OS1_4,-8.4689,-7.5339;-10.5415;-7.3313,3
cumulative_chronic,C_OS1_5,5.2947999999999995,5.6389;4.6756;5.5699,3
cumulative_chronic,C_P1_1,-10.739899999999999,-9.9578;-9.7686;-12.4933,3
cumulative_chronic,C_P1_2,-8.102633333333333,-8.8704;-8.6158;-6.8217,3
cumulative_chronic,C_P1_3,-10.227366666666667,-10.2365;-8.6279;-11.8177,3
cumulative_chronic,C_P1_4,-5.6863,-4.8514;-5.9828;-6.2247,3
cumulative_chronic,C_P1_5,-7.040900000000001,-6.3829;-7.1489;-7.5909,3
cumulative_chronic,C_P1_6,-4.898633333333334,-3.8168;-7.9649;-2.9142,3
cumulative_chronic,C_S16_1,16.729266666666664,18.3064;14.8000;17.0814,3
cumulative_chronic,C_S16_2,13.687066666666666,14.7310;16.3437;9.9865,3
cumulative_chronic,C_S16_3,4.936266666666667,4.5305;1.2941;8.9842,3
cumulative_chronic,C_S30_1,5.3572,2.2683;7.6339;6.1694,3
cumulative_chronic,C_S30_2,2.9194666666666667,7.1890;0.5579;1.0115,3
day_of_sacrifice,RR_CFA_1,4.092233333333334,5.9462;3.8170;2.5135,3
day_of_sacrifice,RR_CFA_2,4.338666666666667,5.2847;2.0155;5.7158,3
day_of_sacrifice,RR_CFA_3,3.007733333333333,3.5927;0.5121;4.9184,3
day_of_sacrifice,RR_MP_1,8.8666,9.6973;8.0589;8.8436,3
day_of_sacrifice,RR_MP_2,3.8037000000000005,3.5963;0.6609;7.1539,3
day_of_sacrifice,RR_MP_3,8.9203,10.0475;8.0668;8.6466,3
day_of_sacrifice,RR_MP_4,1.4411333333333334,1.7603;1.5472;1.0159,3
day_of_sacrifice,RR_OS1_1,-9.446599999999998,-8.4698;-8.2303;-11.6397,3
day_of_sacrifice,RR_OS1_2,-8.295533333333333,-9.6519;-7.7000;-7.5347,3
day_of_sacrifice,RR_OS2_1,-14.749600000000001,-14.7010;-16.2847;-13.2631,3
day_of_sacrifice,RR_OS2_2,-14.2037,-13.4038;-14.2283;-14.9790,3
day_of_sacrifice,RR_P1_1,-6.050999999999999,-6.0216;-8.1203;-4.0111,3
day_of_sacrifice,RR_P1_2,-14.209966666666668,-13.7248;-12.6085;-16.2966,3
day_of_sacrifice,RR_P1_3,-14.256,-13.6516;-14.3273;-14.7891,3
day_of_sacrifice,RR_P1_5,-18.147166666666667,-18.3574;-17.7688;-18.3153,3
day_of_sacrifice,RR_P2M_1,0.6946333333333333,0.0796;-0.2330;2.2373,3
day_of_sacrifice,RR_P2M_2,6.843299999999999,4.8440;6.7003;8.9856,3
day_of_sacrifice,RR_P2_3,-4.105766666666667,-3.7835;-4.1017;-4.4321,3
day_of_sacrifice,RR_P2_4,-6.655166666666666,-6.8035;-6.4046;-6.7574,3
day_of_sacrifice,RR_P3_1,2.5234,3.0965;2.6458;1.8279,3
day_of_sacrifice,RR_P3_2,15.341166666666666,14.5839;16.0422;15.3974,3
day_of_sacrifice,RR_P3_3,1.8532,1.5068;1.4264;2.6264,3
day_of_sacrifice,RR_P3_4,15.1922,15.7265;15.7375;14.1126,3
day_of_sacrifice,RR_P3_5,16.635866666666665,17.5038;15.6553;16.7485,3
day_of_sacrifice,RR_R1_1,-12.2495,-13.2397;-14.1901;-9.3187,3
day_of_sacrifice,RR_R1_2,5.962133333333333,6.9949;3.5953;7.2962,3
day_of_sacrifice,RR_R1_3,-10.000933333333334,-10.1296;-11.0939;-8.7793,3
day_of_sacrifice,RR_R1_4,-0.5187333333333335,0.3985;-2.8229;0.8682,3
day_of_sacrifice,RR_R1_6,-3.4767000000000006,-2.7894;-4.7888;-2.8519,3
day_of_sacrifice,RR_R2LONG_1,10.4955,10.1787;9.4533;11.8545,3
day_of_sacrifice,RR_R2_3,10.766666666666666,13.1020;8.4573;10.7407,3
day_of_sacrifice,RR_R2_4,15.1685,16.6770;15.5960;13.2325,3
day_of_sacrifice,RR_R2_5,9.809166666666668,11.8077;8.6003;9.0195,3
days_since_last_peak,RR_MP_1,-3.303933333333333,-2.3430;-3.3161;-4.2527,3
days_since_last_peak,RR_MP_2,-1.1046666666666667,0.0187;-1.0508;-2.2819,3
days_since_last_peak,RR_MP_3,-0.7526,-0.1970;0.1122;-2.1730,3
days_since_last_peak,RR_MP_4,-0.9592333333333333,-0.8272;-0.6984;-1.3521,3
days_since_last_peak,RR_OS2_1,-1.5081333333333333,-1.0415;-2.1825;-1.3004,3
days_since_last_peak,RR_OS2_2,-1.526066666666667,-1.2433;-0.9369;-2.3980,3
days_since_last_peak,RR_P1_1,0.29346666666666665,0.5015;0.5471;-0.1682,3
days_since_last_peak,RR_P1_2,1.2287000000000001,0.9426;1.7199;1.0236,3
days_since_last_peak,RR_P1_3,0.7397666666666667,0.3290;1.3846;0.5057,3
days_since_last_peak,RR_P1_5,0.3521999999999999,-0.2553;1.0310;0.2809,3
days_since_last_peak,RR_P2M_1,0.3842666666666667,-0.0123;0.5201;0.6450,3
days_since_last_peak,RR_P2M_2,0.22319999999999995,2.0860;-0.7545;-0.6619,3
days_since_last_peak,RR_P2_3,-0.5383333333333333,-0.2191;-0.1705;-1.2254,3
days_since_last_peak,RR_P2_4,0.7710666666666667,0.2163;1.3010;0.7959,3
days_since_last_peak,RR_P3_1,0.3047333333333333,0.4916;0.8643;-0.4417,3
days_since_last_peak,RR_P3_2,1.3341333333333336,1.5925;1.0861;1.3238,3
days_since_last_peak,RR_P3_3,0.23206666666666667,-0.1297;0.8887;-0.0628,3
days_since_last_peak,RR_P3_4,1.3941666666666668,1.0430;1.9081;1.2314,3
days_since_last_peak,RR_P3_5,2.2497333333333334,2.1460;2.6518;1.9514,3
days_since_last_peak,RR_R1_1,-0.05109999999999996,-0.0729;0.6277;-0.7081,3
days_since_last_peak,RR_R1_2,-0.8515333333333333,-1.1477;-0.7329;-0.6740,3
days_since_last_peak,RR_R1_3,0.5591333333333334,1.3515;0.4686;-0.1427,3
days_since_last_peak,RR_R1_4,2.8494333333333333,3.1396;3.5993;1.8094,3
days_since_last_peak,RR_R1_6,0.8980333333333334,0.8130;1.9941;-0.1130,3
days_since_last_peak,RR_R2LONG_1,-1.4586666666666668,-0.5555;-1.4071;-2.4134,3
days_since_last_peak,RR_R2_3,1.3738333333333335,1.7303;2.6044;-0.2132,3
days_since_last_peak,RR_R2_4,2.8699,3.8197;3.1448;1.6452,3
days_since_last_peak,RR_R2_5,-0.5122666666666666,-1.9114;0.5137;-0.1391,3
onset_day_chronic,C_L_1,14.091699999999998,14.2905;13.3661;14.6185,3
onset_day_chronic,C_L_2,13.326833333333333,12.6723;13.3563;13.9519,3
onset_day_chronic,C_L_3,12.705633333333333,12.2015;12.6142;13.3012,3
onset_day_chronic,C_L_4,14.153466666666667,14.0881;14.2513;14.1210,3
onset_day_chronic,C_L_5,14.8679,15.2370;13.7965;15.5702,3
onset_day_chronic,C_M16_1,9.894033333333335,9.5309;10.1023;10.0489,3
onset_day_chronic,C_M16_2,10.747066666666667,9.9169;11.3445;10.9798,3
onset_day_chronic,C_M16_3,11.9927,12.2825;11.8641;11.8315,3
onset_day_chronic,C_OS1_1,12.125066666666667,12.1537;12.3773;11.8442,3
onset_day_chronic,C_OS1_2,12.273033333333332,12.5890;12.1804;12.0497,3
onset_day_chronic,C_OS1_3,12.142233333333332,12.3650;12.1801;11.8816,3
onset_day_chronic,C_OS1_4,11.450333333333333,10.9352;12.1211;11.2947,3
onset_day_chronic,C_P1_1,11.070233333333334,11.2306;11.2030;10.7771,3
onset_day_chronic,C_P1_2,13.548,13.5547;13.5856;13.5037,3
onset_day_chronic,C_P1_3,13.325233333333335,13.4435;12.9710;13.5612,3
onset_day_chronic,C_P1_4,12.065,12.1838;11.3438;12.6674,3
onset_day_chronic,C_P1_5,10.685633333333334,11.3056;10.4443;10.3070,3
onset_day_chronic,C_P1_6,10.793933333333333,11.2229;10.8908;10.2681,3
onset_day_chronic,C_S16_1,10.7787,10.7343;10.7523;10.8495,3
onset_day_chronic,C_S16_2,11.6312,11.6296;11.1984;12.0656,3
onset_day_chronic,C_S16_3,11.7553,11.5279;11.8871;11.8509,3
onset_day_chronic,C_S30_1,13.763666666666666,13.8228;13.5807;13.8875,3
onset_day_chronic,C_S30_2,14.346833333333334,15.0165;13.4387;14.5853,3
onset_day_rr,RR_MP_1,13.364833333333335,13.1933;13.5760;13.3252,3
onset_day_rr,RR_MP_2,13.196966666666667,12.9867;13.3307;13.2735,3
onset_day_rr,RR_MP_3,13.176499999999999,13.3282;13.3328;12.8685,3
onset_day_rr,RR_MP_4,13.720366666666665,13.4061;13.9881;13.7669,3
onset_day_rr,RR_OS2_1,12.680333333333332,12.5201;12.8032;12.7177,3
onset_day_rr,RR_OS2_2,12.865233333333334,12.8897;12.9170;12.7890,3
onset_day_rr,RR_P1_1,14.082566666666665,13.9977;14.1797;14.0703,3
onset_day_rr,RR_P1_2,13.323633333333333,13.3557;13.4215;13.1937,3
onset_day_rr,RR_P1_3,13.265933333333335,13.3522;13.3968;13.0488,3
onset_day_rr,RR_P1_5,12.181600000000001,12.0504;12.4203;12.0741,3
onset_day_rr,RR_P2M_1,13.128766666666666,13.0131;13.1388;13.2344,3
onset_day_rr,RR_P2M_2,13.183266666666666,13.0085;13.2923;13.2490,3
onset_day_rr,RR_P2_3,13.079066666666668,12.9689;13.0470;13.2213,3
onset_day_rr,RR_P2_4,12.407566666666668,12.4488;12.4948;12.2791,3
onset_day_rr,RR_P3_1,13.404433333333335,13.2305;13.6568;13.3260,3
onset_day_rr,RR_P3_2,11.8678,11.7836;12.2154;11.6044,3
onset_day_rr,RR_P3_3,13.318,13.1911;13.4578;13.3051,3
onset_day_rr,RR_P3_4,12.744099999999998,12.7029;13.2367;12.2927,3
onset_day_rr,RR_P3_5,11.837933333333334,12.2352;11.7860;11.4926,3
onset_day_rr,RR_R1_1,14.247933333333334,14.0432;14.3600;14.3406,3
onset_day_rr,RR_R1_2,13.856166666666667,13.6014;13.9535;14.0136,3
onset_day_rr,RR_R1_3,13.451766666666666,13.3582;13.4915;13.5056,3
onset_day_rr,RR_R1_4,12.696533333333333,12.5381;12.7855;12.7660,3
onset_day_rr,RR_R1_6,12.720366666666665,12.6077;12.9513;12.6021,3
onset_day_rr,RR_R2LONG_1,12.815033333333332,12.7277;13.0632;12.6542,3
onset_day_rr,RR_R2_3,11.912933333333333,11.8317;12.3074;11.5997,3
onset_day_rr,RR_R2_4,12.861833333333331,12.6792;12.9288;12.9775,3
onset_day_rr,RR_R2_5,12.403,12.0703;12.8920;12.2467,3
slope_sign,RR_MP_1,0.1296,0.1636;0.1934;0.0318,3
slope_sign,RR_MP_2,-0.5414666666666667,-0.5586;-0.5556;-0.5102,3
slope_sign,RR_MP_3,-0.19986666666666664,-0.2980;0.1422;-0.4438,3
slope_sign,RR_MP_4,-0.13843333333333332,-0.2037;0.0342;-0.2458,3
slope_sign,RR_OS1_1,0.6051333333333334,0.5948;0.6140;0.6066,3
slope_sign,RR_OS1_2,0.4920333333333333,0.6467;0.5393;0.2901,3
slope_sign,RR_OS2_1,0.3503333333333334,0.3406;0.5117;0.1987,3
slope_sign,RR_OS2_2,0.5673,0.6111;0.5932;0.4976,3
slope_sign,RR_P1_1,0.017000000000000005,0.0477;0.0666;-0.0633,3
slope_sign,RR_P1_2,-0.06163333333333334,-0.0538;-0.0695;-0.0616,3
slope_sign,RR_P1_3,-0.1512,-0.0658;-0.0594;-0.3284,3
slope_sign,RR_P1_5,0.3473333333333333,0.2949;0.4390;0.3081,3
slope_sign,RR_P2M_1,-0.2659,-0.3423;-0.1694;-0.2860,3
slope_sign,RR_P2M_2,-0.21766666666666667,-0.2525;-0.1949;-0.2056,3
slope_sign,RR_P2_3,-0.014933333333333333,-0.0502;0.1095;-0.1041,3
slope_sign,RR_P2_4,0.34226666666666666,0.3351;0.4300;0.2617,3
slope_sign,RR_P3_1,-0.15306666666666666,-0.1591;-0.1344;-0.1657,3
slope_sign,RR_P3_2,-0.3088666666666666,-0.1624;-0.2496;-0.5146,3
slope_sign,RR_P3_3,0.002266666666666662,-0.0843;0.1377;-0.0466,3
slope_sign,RR_P3_4,-0.07183333333333332,-0.2133;0.0392;-0.0414,3
slope_sign,RR_P3_5,0.0755,-0.0032;0.1842;0.0455,3
slope_sign,RR_R1_1,-0.6123,-0.5201;-0.7328;-0.5840,3
slope_sign,RR_R1_2,-0.0708,0.0107;-0.1274;-0.0957,3
slope_sign,RR_R1_3,-0.2503666666666667,-0.2787;-0.1621;-0.3103,3
slope_sign,RR_R1_4,-0.15263333333333334,-0.1817;0.0059;-0.2821,3
slope_sign,RR_R1_6,-0.1872,-0.2568;-0.1146;-0.1902,3
slope_sign,RR_R2LONG_1,-0.27999999999999997,-0.4254;-0.0490;-0.3656,3
slope_sign,RR_R2_3,-0.07753333333333333,-0.2185;0.1979;-0.2120,3
slope_sign,RR_R2_4,-0.22856666666666667,-0.2516;-0.1668;-0.2673,3
slope_sign,RR_R2_5,0.3448,0.2584;0.6102;0.1658,3
