target,fraction,draw,held_out,n_train,arm2,arm6
days_since_last_peak,0.5,0,RR_R1_1,14,1.9501246402052352,2.4372270398398133
day_of_sacrifice,0.5,0,RR_R1_1,16,-18.14133104448991,-10.74258483354484
days_since_last_peak,0.5,0,RR_P2M_1,12,-0.19706249119450708,-1.2945157788971904
day_of_sacrifice,0.5,0,RR_P2M_1,16,3.58756807345489,-2.364508044441039
day_of_sacrifice,0.5,0,RR_OS1_1,16,-15.09948401374709,-19.11594230027612
days_since_last_peak,0.5,0,RR_MP_1,15,-2.6568042530368436,-1.1297018944642867
day_of_sacrifice,0.5,0,RR_MP_1,16,13.229366589384847,9.608862593739467
day_of_sacrifice,0.5,0,RR_CFA_1,16,0.2571930669755599,-0.5971933632996772
days_since_last_peak,0.5,0,RR_P1_1,12,2.137672359399466,0.5282421081577002
day_of_sacrifice,0.5,0,RR_P1_1,16,-9.729910814438263,-7.2557957582532655
days_since_last_peak,0.5,0,RR_OS2_1,11,4.900540839773599,0.6811369902025695
day_of_sacrifice,0.5,0,RR_OS2_1,16,-15.414958879365445,-10.640788818562719
days_since_last_peak,0.5,0,RR_P2M_2,14,0.731276922294102,1.2537426281849968
day_of_sacrifice,0.5,0,RR_P2M_2,16,21.734286426036384,15.655353247004737
days_since_last_peak,0.5,0,RR_MP_2,13,-2.667864124077316,-1.6318987151051576
day_of_sacrifice,0.5,0,RR_MP_2,16,3.3134238963187403,-0.4325833379391488
days_since_last_peak,0.5,0,RR_R1_2,13,4.497268154216397,-1.3702555150547706
day_of_sacrifice,0.5,0,RR_R1_2,16,-10.608222021478184,3.8245939045997392
day_of_sacrifice,0.5,0,RR_CFA_2,16,2.6386955504399663,0.887336693619637
days_since_last_peak,0.5,0,RR_P3_1,13,-0.15502677173377452,2.471434472629271
day_of_sacrifice,0.5,0,RR_P3_1,16,-3.0759803902815652,-2.0680247399835063
days_since_last_peak,0.5,0,RR_OS2_2,13,-3.053086581599049,-1.0216395100875437
day_of_sacrifice,0.5,0,RR_OS2_2,16,-7.531468598524452,-7.749982573422494
days_since_last_peak,0.5,0,RR_P1_2,13,-2.16260988257153,2.2839156855536875
day_of_sacrifice,0.5,0,RR_P1_2,16,-34.67101842195358,-13.503475494779938
days_since_last_peak,0.5,0,RR_P3_2,14,4.527921795415913,0.3575102179898892
day_of_sacrifice,0.5,0,RR_P3_2,16,11.237958912773575,11.082591575152456
day_of_sacrifice,0.5,0,RR_CFA_3,16,-2.9915436881855038,2.737352873692288
days_since_last_peak,0.5,0,RR_MP_3,12,-0.6823986919189421,-0.680318589511356
day_of_sacrifice,0.5,0,RR_MP_3,16,9.81596668950138,10.660560782994487
days_since_last_peak,0.5,0,RR_R2LONG_1,14,-4.53434998333491,-2.278688812759961
day_of_sacrifice,0.5,0,RR_R2LONG_1,16,11.237940701792422,8.375908546666073
days_since_last_peak,0.5,0,RR_P1_3,14,-1.7093869959322379,-0.3270044568314795
day_of_sacrifice,0.5,0,RR_P1_3,16,-12.556234941278207,-13.991241979268997
days_since_last_peak,0.5,0,RR_MP_4,13,-2.106165899486406,-0.8983214529744484
day_of_sacrifice,0.5,0,RR_MP_4,16,5.893047376470727,4.401750519129209
days_since_last_peak,0.5,0,RR_P3_3,14,-1.6145664788385292,0.9060285352989171
day_of_sacrifice,0.5,0,RR_P3_3,16,3.025747745908089,-0.29145435326350205
days_since_last_peak,0.5,0,RR_P2_3,13,2.0913266760255236,-0.6426931327371813
day_of_sacrifice,0.5,0,RR_P2_3,16,-9.37317956206832,-7.872443241404518
day_of_sacrifice,0.5,0,RR_OS1_2,16,-19.850007660903692,-10.702275722183902
days_since_last_peak,0.5,0,RR_R1_3,14,1.3212375541703885,1.0701692863305121
day_of_sacrifice,0.5,0,RR_R1_3,16,2.00722677164316,-2.7574640778105373
days_since_last_peak,0.5,0,RR_R1_4,13,0.3056858951034116,0.3391692440744829
day_of_sacrifice,0.5,0,RR_R1_4,16,-0.6810377788241815,12.907374816860122
days_since_last_peak,0.5,0,RR_P2_4,13,0.7927010040354301,0.3044226431282547
day_of_sacrifice,0.5,0,RR_P2_4,16,-21.984393369624932,-17.880856269474993
days_since_last_peak,0.5,0,RR_R2_4,13,-0.9874075775499953,2.3088870598725095
day_of_sacrifice,0.5,0,RR_R2_4,16,12.785781788380605,14.344029287762764
days_since_last_peak,0.5,0,RR_R2_3,15,-0.17413330403259722,-0.16249719816474512
day_of_sacrifice,0.5,0,RR_R2_3,16,17.383933093995257,12.139441234228958
days_since_last_peak,0.5,0,RR_P1_5,12,4.757921675079231,2.5118378724812245
day_of_sacrifice,0.5,0,RR_P1_5,16,-10.41333559698625,-20.517227323425082
days_since_last_peak,0.5,0,RR_P3_5,13,0.9447302881609332,1.3865877619490543
day_of_sacrifice,0.5,0,RR_P3_5,16,17.02079965087558,10.890208569174263
days_since_last_peak,0.5,0,RR_R1_6,13,6.376452960327627,2.4513770692055563
day_of_sacrifice,0.5,0,RR_R1_6,16,-0.10513576163244465,1.1312470333814613
days_since_last_peak,0.5,0,RR_R2_5,12,-1.6392061909972713,-0.8859853546079272
day_of_sacrifice,0.5,0,RR_R2_5,16,17.314880708750028,13.767053597509092
days_since_last_peak,0.5,0,RR_P3_4,14,-2.7419999262323342,1.899557315362335
day_of_sacrifice,0.5,0,RR_P3_4,16,15.613600093813197,14.766319801397264
days_since_last_peak,0.5,1,RR_R1_1,14,1.7440191310560464,2.060640617900498
day_of_sacrifice,0.5,1,RR_R1_1,16,-18.2708861639974,-8.167154162923087
days_since_last_peak,0.5,1,RR_P2M_1,13,-1.679656239825998,-1.4750666018432816
day_of_sacrifice,0.5,1,RR_P2M_1,16,7.350419408634268,6.642257766779327
day_of_sacrifice,0.5,1,RR_OS1_1,16,-15.488810035842429,-10.997939685858805
days_since_last_peak,0.5,1,RR_MP_1,13,-5.1851367361431935,0.6248378518538721
day_of_sacrifice,0.5,1,RR_MP_1,16,12.789475120823662,12.270429935294983
day_of_sacrifice,0.5,1,RR_CFA_1,16,3.0780198353545067,5.610181537101399
days_since_last_peak,0.5,1,RR_P1_1,13,5.034471603024407,1.0327358861464282
day_of_sacrifice,0.5,1,RR_P1_1,16,-3.2626686404239655,-3.7720102285701165
days_since_last_peak,0.5,1,RR_OS2_1,12,-2.621519458733871,-2.281965242929322
day_of_sacrifice,0.5,1,RR_OS2_1,16,-13.498168621395443,-12.73783203641533
days_since_last_peak,0.5,1,RR_P2M_2,12,-1.8438662538476227,-2.672000952597083
day_of_sacrifice,0.5,1,RR_P2M_2,16,8.959944638428109,7.382028763134439
days_since_last_peak,0.5,1,RR_MP_2,12,-0.6786812461878161,-0.7927305245079985
day_of_sacrifice,0.5,1,RR_MP_2,16,9.403102503582458,5.572906762348366
days_since_last_peak,0.5,1,RR_R1_2,14,2.4539811533834563,-2.086738013621445
day_of_sacrifice,0.5,1,RR_R1_2,16,6.369997475153465,4.0616993598863775
day_of_sacrifice,0.5,1,RR_CFA_2,16,7.8755875739296775,11.258627314252928
days_since_last_peak,0.5,1,RR_P3_1,13,-3.7018804878768785,1.0936706023275824
day_of_sacrifice,0.5,1,RR_P3_1,16,-2.610687436985932,-3.8221922552260716
days_since_last_peak,0.5,1,RR_OS2_2,16,-1.4379397884581466,0.6562179843689671
day_of_sacrifice,0.5,1,RR_OS2_2,16,-9.658805685134011,-4.636775025939512
days_since_last_peak,0.5,1,RR_P1_2,14,0.5134202004037158,-0.6678490429101839
day_of_sacrifice,0.5,1,RR_P1_2,16,-5.651341675383577,-10.553241020711932
days_since_last_peak,0.5,1,RR_P3_2,13,0.5912797825037203,-0.19054914947795837
day_of_sacrifice,0.5,1,RR_P3_2,16,3.195011089195301,11.140685827545568
day_of_sacrifice,0.5,1,RR_CFA_3,16,-0.016580869083321372,-4.623098465803944
days_since_last_peak,0.5,1,RR_MP_3,14,-1.658925096100912,0.1519700288637678
day_of_sacrifice,0.5,1,RR_MP_3,16,7.757292628624033,9.987994889450562
days_since_last_peak,0.5,1,RR_R2LONG_1,13,-3.253648684407935,-2.13202875096758
day_of_sacrifice,0.5,1,RR_R2LONG_1,16,10.6829261899545,6.4883647630795656
days_since_last_peak,0.5,1,RR_P1_3,12,-4.503854551987344,-0.14302512666993838
day_of_sacrifice,0.5,1,RR_P1_3,16,-14.098972066023203,-13.213424704070398
days_since_last_peak,0.5,1,RR_MP_4,12,2.3644099653194903,1.6655219287838212
day_of_sacrifice,0.5,1,RR_MP_4,16,1.8568221356803185,2.343162141464664
days_since_last_peak,0.5,1,RR_P3_3,14,1.0976248185767739,2.561314164169847
day_of_sacrifice,0.5,1,RR_P3_3,16,-3.8440734438458195,-3.500501418123852
days_since_last_peak,0.5,1,RR_P2_3,13,-4.992272115667483,0.2727859943469001
day_of_sacrifice,0.5,1,RR_P2_3,16,-16.318095295983774,-3.6257748255121895
day_of_sacrifice,0.5,1,RR_OS1_2,16,-14.261938218345865,-1.5658975086348894
days_since_last_peak,0.5,1,RR_R1_3,13,0.8352935797968638,0.007860246578365553
day_of_sacrifice,0.5,1,RR_R1_3,16,-5.799033986291282,-5.8140238289735615
days_since_last_peak,0.5,1,RR_R1_4,13,2.387602179641627,0.35072363500211007
day_of_sacrifice,0.5,1,RR_R1_4,16,-1.0308783437884639,-1.6376594866123697
days_since_last_peak,0.5,1,RR_P2_4,13,0.6691938721693858,0.5694201791727425
day_of_sacrifice,0.5,1,RR_P2_4,16,-9.799172794971401,-9.34866641009813
days_since_last_peak,0.5,1,RR_R2_4,13,0.7077488801838153,0.24585676416208524
day_of_sacrifice,0.5,1,RR_R2_4,16,3.2686325760095523,11.995346233459745
days_since_last_peak,0.5,1,RR_R2_3,12,0.3799364358961031,-0.2392238222409562
day_of_sacrifice,0.5,1,RR_R2_3,16,9.428349996192628,6.383121792907022
days_since_last_peak,0.5,1,RR_P1_5,13,6.729735189336143,2.1612681297632244
day_of_sacrifice,0.5,1,RR_P1_5,16,-4.458580684875432,-15.56521464926698
days_since_last_peak,0.5,1,RR_P3_5,12,-3.4168422888808347,0.47830025978506785
day_of_sacrifice,0.5,1,RR_P3_5,16,19.70427027824794,14.692064440452103
days_since_last_peak,0.5,1,RR_R1_6,13,2.0247099593082525,-0.7908328894246185
day_of_sacrifice,0.5,1,RR_R1_6,16,2.329730338960558,2.6991729576206804
days_since_last_peak,0.5,1,RR_R2_5,13,4.021652530728118,-0.8410365385940227
day_of_sacrifice,0.5,1,RR_R2_5,16,13.532500706903848,13.766766964775371
days_since_last_peak,0.5,1,RR_P3_4,15,-0.41149000182888473,1.6291958029018148
day_of_sacrifice,0.5,1,RR_P3_4,16,15.492274519611888,9.226202132645346
days_since_last_peak,0.5,2,RR_R1_1,14,3.7611136431394083,-0.4110591712963553
day_of_sacrifice,0.5,2,RR_R1_1,16,-26.65658769913652,-18.230126450581313
days_since_last_peak,0.5,2,RR_P2M_1,12,0.40653968718385186,-0.4643270398817162
day_of_sacrifice,0.5,2,RR_P2M_1,16,-0.3250223357719151,4.2748073993454385
day_of_sacrifice,0.5,2,RR_OS1_1,16,-16.18291773678332,-14.839367085791974
days_since_last_peak,0.5,2,RR_MP_1,14,-1.3743768767381304,-0.4537702642612502
day_of_sacrifice,0.5,2,RR_MP_1,16,10.841399254509675,6.35734445009639
day_of_sacrifice,0.5,2,RR_CFA_1,16,-9.428659984693075,0.011885807039973762
days_since_last_peak,0.5,2,RR_P1_1,12,-0.16983579214384095,1.0698254007853834
day_of_sacrifice,0.5,2,RR_P1_1,16,-4.674260083551914,-5.305777159841256
days_since_last_peak,0.5,2,RR_OS2_1,14,-1.6190786100430967,-1.5789667961537883
day_of_sacrifice,0.5,2,RR_OS2_1,16,-15.753254710099691,-18.01633780799356
days_since_last_peak,0.5,2,RR_P2M_2,14,1.1269766732543955,0.9834720269285943
day_of_sacrifice,0.5,2,RR_P2M_2,16,13.8615248315406,8.110839704607189
days_since_last_peak,0.5,2,RR_MP_2,12,-0.7398640265773742,-0.1447943745629587
day_of_sacrifice,0.5,2,RR_MP_2,16,4.615751068809107,7.851360092235858
days_since_last_peak,0.5,2,RR_R1_2,14,8.58726326759939,-1.2552502968826917
day_of_sacrifice,0.5,2,RR_R1_2,16,-3.620966556296652,0.07779388938842602
day_of_sacrifice,0.5,2,RR_CFA_2,16,1.4572090912744737,8.020791394688889
days_since_last_peak,0.5,2,RR_P3_1,14,-3.6416889349501353,-0.8167814254243119
day_of_sacrifice,0.5,2,RR_P3_1,16,-3.204833706447754,-2.9095748239711003
days_since_last_peak,0.5,2,RR_OS2_2,13,-2.436842387472113,-1.2832810386495817
day_of_sacrifice,0.5,2,RR_OS2_2,16,-17.147161397033354,-15.6469312091887
days_since_last_peak,0.5,2,RR_P1_2,12,1.2204029671521912,0.10302641002258252
day_of_sacrifice,0.5,2,RR_P1_2,16,-9.179130503586904,-18.177483033571036
days_since_last_peak,0.5,2,RR_P3_2,15,2.033650106571168,1.0423410180033903
day_of_sacrifice,0.5,2,RR_P3_2,16,-0.9237650162761905,7.0406596676443005
day_of_sacrifice,0.5,2,RR_CFA_3,16,-3.7728977333738287,-0.5928391464353769
days_since_last_peak,0.5,2,RR_MP_3,13,-0.9683691316716645,0.37093041252986964
day_of_sacrifice,0.5,2,RR_MP_3,16,6.241825039048132,9.470038145839931
days_since_last_peak,0.5,2,RR_R2LONG_1,14,-1.6630790842079897,-0.8850584289992681
day_of_sacrifice,0.5,2,RR_R2LONG_1,16,9.59032178170382,10.299422142989421
days_since_last_peak,0.5,2,RR_P1_3,13,-0.8884896791745128,0.15936752406413252
day_of_sacrifice,0.5,2,RR_P1_3,16,-2.7178605469221604,-7.010473798471422
days_since_last_peak,0.5,2,RR_MP_4,13,-3.5033201150322126,-1.4683810703964835
day_of_sacrifice,0.5,2,RR_MP_4,16,-6.937079505845577,-2.3217253987220827
days_since_last_peak,0.5,2,RR_P3_3,14,-0.6416815425500861,-0.26867319499809145
day_of_sacrifice,0.5,2,RR_P3_3,16,-6.308188484503922,-3.4653930688989933
days_since_last_peak,0.5,2,RR_P2_3,13,-8.136079460316603,0.7119535680398431
day_of_sacrifice,0.5,2,RR_P2_3,16,6.390687423992003,-6.499972500621231
day_of_sacrifice,0.5,2,RR_OS1_2,16,-9.728427307358778,-12.210354932588327
days_since_last_peak,0.5,2,RR_R1_3,15,-1.1921966862226558,-1.55775171491962
day_of_sacrifice,0.5,2,RR_R1_3,16,-2.7781208449403225,-14.725596292257535
days_since_last_peak,0.5,2,RR_R1_4,13,3.45511469816992,2.4866438800865067
day_of_sacrifice,0.5,2,RR_R1_4,16,-2.6803465715269956,4.012027881244445
days_since_last_peak,0.5,2,RR_P2_4,15,0.7699971129998163,-0.8343711806698518
day_of_sacrifice,0.5,2,RR_P2_4,16,-14.973199535599642,-10.528475280768193
days_since_last_peak,0.5,2,RR_R2_4,13,-0.5526407864800663,0.3980980765859793
day_of_sacrifice,0.5,2,RR_R2_4,16,6.511751628820352,11.07889504833451
days_since_last_peak,0.5,2,RR_R2_3,13,-0.337506855225727,-0.47092518262903976
day_of_sacrifice,0.5,2,RR_R2_3,16,9.577944463866013,18.253802065634325
days_since_last_peak,0.5,2,RR_P1_5,14,0.8825256156201583,0.6389654105263605
day_of_sacrifice,0.5,2,RR_P1_5,16,-9.257321265167443,-11.841569126249075
days_since_last_peak,0.5,2,RR_P3_5,14,-3.0326111292060993,1.9999843220474451
day_of_sacrifice,0.5,2,RR_P3_5,16,21.732558623855518,20.70969605129482
days_since_last_peak,0.5,2,RR_R1_6,13,2.4562080361935363,-0.23609667601970466
day_of_sacrifice,0.5,2,RR_R1_6,16,-1.9524901226593243,-1.7777421037532184
days_since_last_peak,0.5,2,RR_R2_5,14,1.873821089267416,0.7721066736924411
day_of_sacrifice,0.5,2,RR_R2_5,16,16.86748187163738,17.57132803379992
days_since_last_peak,0.5,2,RR_P3_4,15,-0.08339547063746003,1.7530950529511058
day_of_sacrifice,0.5,2,RR_P3_4,16,18.9830400806656,10.800883615810768
days_since_last_peak,0.75,0,RR_R1_1,20,-2.815192676286782,-1.8842836716292044
day_of_sacrifice,0.75,0,RR_R1_1,24,-17.085347640614987,-9.140806687365268
days_since_last_peak,0.75,0,RR_P2M_1,20,0.11229038500150591,0.45013131914813076
day_of_sacrifice,0.75,0,RR_P2M_1,24,6.529850125027037,2.4423870753912422
day_of_sacrifice,0.75,0,RR_OS1_1,24,-16.325295450381585,-15.090976715929836
days_since_last_peak,0.75,0,RR_MP_1,20,-2.3124476660040743,-1.0502619351009905
day_of_sacrifice,0.75,0,RR_MP_1,24,11.073407755620437,5.5061513892414915
day_of_sacrifice,0.75,0,RR_CFA_1,24,3.239853330278134,4.498822354639219
days_since_last_peak,0.75,0,RR_P1_1,22,2.4048856713940783,1.6472800076443412
day_of_sacrifice,0.75,0,RR_P1_1,24,-8.28792309281564,-10.25567193625949
days_since_last_peak,0.75,0,RR_OS2_1,19,-1.973078020763279,-2.0769624054447013
day_of_sacrifice,0.75,0,RR_OS2_1,24,-11.637780593416057,-16.44828085606982
days_since_last_peak,0.75,0,RR_P2M_2,20,-1.0117336939344639,0.187733736941767
day_of_sacrifice,0.75,0,RR_P2M_2,24,8.256790215184573,5.114487061465472
days_since_last_peak,0.75,0,RR_MP_2,21,-0.30955899215356547,-1.3382566723323008
day_of_sacrifice,0.75,0,RR_MP_2,24,3.2657596159189213,1.5117641175325227
days_since_last_peak,0.75,0,RR_R1_2,20,3.090306886361064,-1.2010793502832835
day_of_sacrifice,0.75,0,RR_R1_2,24,3.4859227136932995,1.4855097152575176
day_of_sacrifice,0.75,0,RR_CFA_2,24,7.815527227790069,8.180962864318753
days_since_last_peak,0.75,0,RR_P3_1,19,-1.892342001921393,0.14008040770039754
day_of_sacrifice,0.75,0,RR_P3_1,24,-1.040579130656377,2.5037195595569766
days_since_last_peak,0.75,0,RR_OS2_2,21,-3.389897713390189,-2.257613230948767
day_of_sacrifice,0.75,0,RR_OS2_2,24,-18.159627630255063,-15.991386599406482
days_since_last_peak,0.75,0,RR_P1_2,20,-0.4422121501410694,0.6202336782356365
day_of_sacrifice,0.75,0,RR_P1_2,24,-9.071462440429437,-10.234930482972208
days_since_last_peak,0.75,0,RR_P3_2,20,-2.7006232926554703,-0.5051613876702252
day_of_sacrifice,0.75,0,RR_P3_2,24,2.4402906868614145,16.725101144060158
day_of_sacrifice,0.75,0,RR_CFA_3,24,2.1740340457789875,5.2547210073564345
days_since_last_peak,0.75,0,RR_MP_3,20,-2.3717813850648684,0.7788588191804564
day_of_sacrifice,0.75,0,RR_MP_3,24,6.706864467728285,7.187745540260333
days_since_last_peak,0.75,0,RR_R2LONG_1,19,-3.557136514027744,-2.098928886788066
day_of_sacrifice,0.75,0,RR_R2LONG_1,24,10.198406289067549,9.240153134415314
days_since_last_peak,0.75,0,RR_P1_3,22,-2.688189843492917,-0.016663726245726575
day_of_sacrifice,0.75,0,RR_P1_3,24,-15.312708582887186,-16.72448118804868
days_since_last_peak,0.75,0,RR_MP_4,21,-0.6515410218776907,-0.505258658549793
day_of_sacrifice,0.75,0,RR_MP_4,24,-0.19097031109815704,-2.0201279716979372
days_since_last_peak,0.75,0,RR_P3_3,19,0.4429630069498833,0.5988479755932284
day_of_sacrifice,0.75,0,RR_P3_3,24,-0.1714713380162213,3.118192387084238
days_since_last_peak,0.75,0,RR_P2_3,20,-5.159481238473768,-1.113097585212215
day_of_sacrifice,0.75,0,RR_P2_3,24,-15.59400222459008,-6.651181248404638
day_of_sacrifice,0.75,0,RR_OS1_2,24,-6.791649772732629,-0.6277146218723225
days_since_last_peak,0.75,0,RR_R1_3,19,0.9106010863843786,0.9679185342580183
day_of_sacrifice,0.75,0,RR_R1_3,24,-5.881586798991532,-11.634905501002685
days_since_last_peak,0.75,0,RR_R1_4,20,7.155808609998449,2.0523246042952463
day_of_sacrifice,0.75,0,RR_R1_4,24,1.7146721059930734,2.379429525546717
days_since_last_peak,0.75,0,RR_P2_4,19,1.6587119602239453,0.5390091902647904
day_of_sacrifice,0.75,0,RR_P2_4,24,-9.810512825690349,-6.73789029194122
days_since_last_peak,0.75,0,RR_R2_4,21,-0.248099971807799,3.553448067974257
day_of_sacrifice,0.75,0,RR_R2_4,24,5.518627081672969,13.235333296377663
days_since_last_peak,0.75,0,RR_R2_3,20,0.17427790488742337,0.8128304204829809
day_of_sacrifice,0.75,0,RR_R2_3,24,9.440838462145562,10.944765620746395
days_since_last_peak,0.75,0,RR_P1_5,22,-0.029877399540133038,-0.07196166614150984
day_of_sacrifice,0.75,0,RR_P1_5,24,-11.01860554512409,-17.03675206897939
days_since_last_peak,0.75,0,RR_P3_5,20,1.4087531931160664,4.038111062526785
day_of_sacrifice,0.75,0,RR_P3_5,24,21.867986638937214,15.750059808059321
days_since_last_peak,0.75,0,RR_R1_6,21,2.1477682484918907,2.374497314112836
day_of_sacrifice,0.75,0,RR_R1_6,24,-7.485450382532227,-5.57893130990746
days_since_last_peak,0.75,0,RR_R2_5,20,2.0631673300558733,0.2476061680517555
day_of_sacrifice,0.75,0,RR_R2_5,24,5.633667907828353,11.982641656815115
days_since_last_peak,0.75,0,RR_P3_4,20,1.0132275509832034,-0.38308958983482827
day_of_sacrifice,0.75,0,RR_P3_4,24,16.046392736766528,14.366505583918197
days_since_last_peak,0.75,1,RR_R1_1,20,0.3244205904322993,1.0521385167351962
day_of_sacrifice,0.75,1,RR_R1_1,24,-7.885543432132358,-11.614484188402374
days_since_last_peak,0.75,1,RR_P2M_1,19,-1.0198498630020512,0.615544479832026
day_of_sacrifice,0.75,1,RR_P2M_1,24,7.194616014437601,1.3768510876547833
day_of_sacrifice,0.75,1,RR_OS1_1,24,-18.46488040121163,-6.65580587508367
days_since_last_peak,0.75,1,RR_MP_1,19,-3.4497482286736383,-0.5262751974450418
day_of_sacrifice,0.75,1,RR_MP_1,24,11.447998518989642,8.696906169571687
day_of_sacrifice,0.75,1,RR_CFA_1,24,6.789139818760496,8.09809520626842
days_since_last_peak,0.75,1,RR_P1_1,21,0.7056219213115008,-0.190090559411606
day_of_sacrifice,0.75,1,RR_P1_1,24,-14.299213679502127,-10.576616045231221
days_since_last_peak,0.75,1,RR_OS2_1,21,-2.4712625681551676,-1.7027833631596536
day_of_sacrifice,0.75,1,RR_OS2_1,24,-14.54753621531799,-17.746648203423767
days_since_last_peak,0.75,1,RR_P2M_2,19,-0.0020955174462468965,1.4556240507942844
day_of_sacrifice,0.75,1,RR_P2M_2,24,8.620547677393384,7.96894606445047
days_since_last_peak,0.75,1,RR_MP_2,19,0.14179800470359036,0.8732582424726929
day_of_sacrifice,0.75,1,RR_MP_2,24,2.5410521456768627,-0.6197774624449515
days_since_last_peak,0.75,1,RR_R1_2,19,0.23096742067369752,-0.31656862723802637
day_of_sacrifice,0.75,1,RR_R1_2,24,-0.7864286769475313,6.968869571230364
day_of_sacrifice,0.75,1,RR_CFA_2,24,4.7917494147577635,6.225349737531966
days_since_last_peak,0.75,1,RR_P3_1,19,-1.811116737089097,0.08852010234650591
day_of_sacrifice,0.75,1,RR_P3_1,24,1.4697917332880348,3.5805125816810595
days_since_last_peak,0.75,1,RR_OS2_2,19,-4.242593608165022,1.603244533685905
day_of_sacrifice,0.75,1,RR_OS2_2,24,-20.537684395688338,-13.580312452560506
days_since_last_peak,0.75,1,RR_P1_2,22,-0.2249378206528794,0.5075486076036949
day_of_sacrifice,0.75,1,RR_P1_2,24,-9.744404334750447,-13.335340622311477
days_since_last_peak,0.75,1,RR_P3_2,19,-0.2589793943635929,-2.3284612252675583
day_of_sacrifice,0.75,1,RR_P3_2,24,14.753710434822246,18.608851845841862
day_of_sacrifice,0.75,1,RR_CFA_3,24,-4.37299238421459,0.0657538344670669
days_since_last_peak,0.75,1,RR_MP_3,19,-3.328877781172387,-1.0661623864547793
day_of_sacrifice,0.75,1,RR_MP_3,24,11.108972240909004,9.793407225169368
days_since_last_peak,0.75,1,RR_R2LONG_1,20,-4.059285298407633,-1.9623548204539036
day_of_sacrifice,0.75,1,RR_R2LONG_1,24,13.834598409305235,9.225955907162678
days_since_last_peak,0.75,1,RR_P1_3,22,-1.7335871316981262,-0.1215876289736174
day_of_sacrifice,0.75,1,RR_P1_3,24,-13.877811320728888,-12.103426744396788
days_since_last_peak,0.75,1,RR_MP_4,20,-1.0942230215896356,-0.4261499743564172
day_of_sacrifice,0.75,1,RR_MP_4,24,4.3642966729222605,1.3387820253364922
days_since_last_peak,0.75,1,RR_P3_3,20,-1.3616897317491565,-0.21056105446815443
day_of_sacrifice,0.75,1,RR_P3_3,24,3.3582472162559083,-1.471781639070105
days_since_last_peak,0.75,1,RR_P2_3,20,-7.695379119890216,0.5591427363686449
day_of_sacrifice,0.75,1,RR_P2_3,24,-6.8714693650707614,-0.7095278380252281
day_of_sacrifice,0.75,1,RR_OS1_2,24,-3.9264934504741698,-15.384283006290172
days_since_last_peak,0.75,1,RR_R1_3,21,2.0024146324311647,0.20882564918720645
day_of_sacrifice,0.75,1,RR_R1_3,24,-4.193132558764772,-4.440701960686735
days_since_last_peak,0.75,1,RR_R1_4,20,4.932290245702227,1.049472032825864
day_of_sacrifice,0.75,1,RR_R1_4,24,4.452926002219361,0.2864204982142939
days_since_last_peak,0.75,1,RR_P2_4,20,1.2513546319556426,0.14152962632994315
day_of_sacrifice,0.75,1,RR_P2_4,24,-3.055593184364131,-5.4848659424240624
days_since_last_peak,0.75,1,RR_R2_4,20,-0.07606576940047748,1.626496506286154
day_of_sacrifice,0.75,1,RR_R2_4,24,6.146075346046188,14.127172925323848
days_since_last_peak,0.75,1,RR_R2_3,21,0.8249315318675869,1.176671459401116
day_of_sacrifice,0.75,1,RR_R2_3,24,10.626738892260091,10.025022003476154
days_since_last_peak,0.75,1,RR_P1_5,20,-2.8176298148117724,1.396971546639404
day_of_sacrifice,0.75,1,RR_P1_5,24,-20.900660464764062,-17.31178499967655
days_since_last_peak,0.75,1,RR_P3_5,22,-0.04922465998498376,2.1932515840304054
day_of_sacrifice,0.75,1,RR_P3_5,24,19.13513367259558,16.881641659304808
days_since_last_peak,0.75,1,RR_R1_6,20,2.5983187800379306,0.7830263354980248
day_of_sacrifice,0.75,1,RR_R1_6,24,-3.4413008905711746,-5.20664765410663
days_since_last_peak,0.75,1,RR_R2_5,20,1.3601020051548285,0.8677433848739561
day_of_sacrifice,0.75,1,RR_R2_5,24,8.338778600235152,11.332894937900797
days_since_last_peak,0.75,1,RR_P3_4,20,-0.16772662653024648,1.2889261839766761
day_of_sacrifice,0.75,1,RR_P3_4,24,19.350311352157497,13.401701525741132
days_since_last_peak,0.75,2,RR_R1_1,20,-2.3133875630704517,0.31082911415504266
day_of_sacrifice,0.75,2,RR_R1_1,24,-15.21972615990222,-14.245382474213452
days_since_last_peak,0.75,2,RR_P2M_1,20,-0.19788259348747497,0.9806461944770898
day_of_sacrifice,0.75,2,RR_P2M_1,24,6.709071153336973,7.476209960734499
day_of_sacrifice,0.75,2,RR_OS1_1,24,-16.33523662486965,-12.644788823781742
days_since_last_peak,0.75,2,RR_MP_1,20,-3.2620702548624587,-3.6175028470604094
day_of_sacrifice,0.75,2,RR_MP_1,24,14.426508160564795,10.71949440669938
day_of_sacrifice,0.75,2,RR_CFA_1,24,1.50147166002359,0.18072305652652407
days_since_last_peak,0.75,2,RR_P1_1,20,-0.4082702488140551,0.588393392923731
day_of_sacrifice,0.75,2,RR_P1_1,24,-9.097744823206359,1.2345624099715264
days_since_last_peak,0.75,2,RR_OS2_1,20,-1.8958638111289667,0.9716867515515931
day_of_sacrifice,0.75,2,RR_OS2_1,24,-13.137713635830485,-18.582109787823093
days_since_last_peak,0.75,2,RR_P2M_2,22,-0.5870895757619967,0.7781178436888458
day_of_sacrifice,0.75,2,RR_P2M_2,24,8.662490280712879,11.479506712225618
days_since_last_peak,0.75,2,RR_MP_2,19,-0.7924804039151802,-2.040306193084164
day_of_sacrifice,0.75,2,RR_MP_2,24,-0.5766523824783777,1.4271397487190063
days_since_last_peak,0.75,2,RR_R1_2,21,0.2822223169546519,-2.592111379397064
day_of_sacrifice,0.75,2,RR_R1_2,24,-2.21170932192734,6.3495903862736
day_of_sacrifice,0.75,2,RR_CFA_2,24,4.574160202610011,7.949240700676089
days_since_last_peak,0.75,2,RR_P3_1,20,-2.389723162538327,1.2562562886200628
day_of_sacrifice,0.75,2,RR_P3_1,24,-2.557838286562037,-1.4407027219384103
days_since_last_peak,0.75,2,RR_OS2_2,19,-3.948371747553194,-2.614082657143796
day_of_sacrifice,0.75,2,RR_OS2_2,24,-18.53895668897834,-14.320693897277776
days_since_last_peak,0.75,2,RR_P1_2,20,1.638710603647734,0.32094424517732
day_of_sacrifice,0.75,2,RR_P1_2,24,-4.077791174640266,-8.839506728846777
days_since_last_peak,0.75,2,RR_P3_2,20,3.2219351902722364,0.5774028839642031
day_of_sacrifice,0.75,2,RR_P3_2,24,0.2810128626496951,10.40413191208155
day_of_sacrifice,0.75,2,RR_CFA_3,24,0.16368701551918421,4.3623303829612965
days_since_last_peak,0.75,2,RR_MP_3,21,-2.359566724996827,-0.9626152602864827
day_of_sacrifice,0.75,2,RR_MP_3,24,5.877586630045631,10.606778386213163
days_since_last_peak,0.75,2,RR_R2LONG_1,21,-2.8240213015812894,-0.7227714341808966
day_of_sacrifice,0.75,2,RR_R2LONG_1,24,9.966051638533571,11.335621957859232
days_since_last_peak,0.75,2,RR_P1_3,21,-2.502440977103321,-0.09940044544013713
day_of_sacrifice,0.75,2,RR_P1_3,24,-10.977002973682133,-13.95632595760004
days_since_last_peak,0.75,2,RR_MP_4,20,-0.039799764960932335,0.8771997728734593
day_of_sacrifice,0.75,2,RR_MP_4,24,-0.17475640735449408,-0.17342313772543644
days_since_last_peak,0.75,2,RR_P3_3,20,-1.6265073385003292,-1.2475211146683558
day_of_sacrifice,0.75,2,RR_P3_3,24,8.631720468548508,10.392146720371537
days_since_last_peak,0.75,2,RR_P2_3,20,-8.214094339443548,0.048852450962679636
day_of_sacrifice,0.75,2,RR_P2_3,24,-5.6197624274551305,1.6153358439314622
day_of_sacrifice,0.75,2,RR_OS1_2,24,-3.557464894598897,-12.823179814523533
days_since_last_peak,0.75,2,RR_R1_3,22,2.9805499395374904,0.8822531520076106
day_of_sacrifice,0.75,2,RR_R1_3,24,-3.9695954439564356,-7.024463384620278
days_since_last_peak,0.75,2,RR_R1_4,20,4.17795989916241,2.0499054439083153
day_of_sacrifice,0.75,2,RR_R1_4,24,-2.7247232191479247,-0.7383349938143507
days_since_last_peak,0.75,2,RR_P2_4,21,2.939010318578377,1.8784965335068329
day_of_sacrifice,0.75,2,RR_P2_4,24,-11.442335573355168,-10.635272794859414
days_since_last_peak,0.75,2,RR_R2_4,21,-0.13059114696297516,1.6159417708865447
day_of_sacrifice,0.75,2,RR_R2_4,24,5.072841494929074,10.283890705573153
days_since_last_peak,0.75,2,RR_R2_3,20,1.2055515771408625,0.7883607131646093
day_of_sacrifice,0.75,2,RR_R2_3,24,11.6453637309065,14.718430471469246
days_since_last_peak,0.75,2,RR_P1_5,21,-4.378960713274469,0.5740860450672649
day_of_sacrifice,0.75,2,RR_P1_5,24,-21.191090051761694,-17.75142421688434
days_since_last_peak,0.75,2,RR_P3_5,19,0.3344160645510701,1.3169699815985623
day_of_sacrifice,0.75,2,RR_P3_5,24,19.839150356344437,16.802982412337958
days_since_last_peak,0.75,2,RR_R1_6,21,1.962715233298297,0.5060735927571524
day_of_sacrifice,0.75,2,RR_R1_6,24,-4.456905884655139,-1.0968763553796974
days_since_last_peak,0.75,2,RR_R2_5,20,2.8475949708141384,-0.7264473443045489
day_of_sacrifice,0.75,2,RR_R2_5,24,13.81577910417233,14.835810351296292
days_since_last_peak,0.75,2,RR_P3_4,19,0.45107603050709694,1.8844495672840396
day_of_sacrifice,0.75,2,RR_P3_4,24,21.17058336732917,13.548991606646409
