target,arm,sample_name,pred
days_since_last_peak,arm1,RR_R1_1,5.588577973173322
days_since_last_peak,arm1,RR_P2M_1,2.9553128666434176
days_since_last_peak,arm1,RR_MP_1,5.493092394405242
days_since_last_peak,arm1,RR_P1_1,1.5635143415521051
days_since_last_peak,arm1,RR_OS2_1,4.641222392033225
days_since_last_peak,arm1,RR_P2M_2,1.9666929897759962
days_since_last_peak,arm1,RR_MP_2,4.793663496168427
days_since_last_peak,arm1,RR_R1_2,4.646372543484103
days_since_last_peak,arm1,RR_P3_1,1.5524955411789603
days_since_last_peak,arm1,RR_OS2_2,4.632657561414917
days_since_last_peak,arm1,RR_P1_2,0.6124921240114296
days_since_last_peak,arm1,RR_P3_2,0.5027639937574544
days_since_last_peak,arm1,RR_MP_3,5.14598793220714
days_since_last_peak,arm1,RR_R2LONG_1,5.063946641048752
days_since_last_peak,arm1,RR_P1_3,2.1206402147954435
days_since_last_peak,arm1,RR_MP_4,5.471878734241701
days_since_last_peak,arm1,RR_P3_3,0.759465166841574
days_since_last_peak,arm1,RR_P2_3,1.2590709024691553
days_since_last_peak,arm1,RR_R1_3,5.079557202190677
days_since_last_peak,arm1,RR_R1_4,4.112536237967005
days_since_last_peak,arm1,RR_P2_4,0.8084306091295992
days_since_last_peak,arm1,RR_R2_4,3.660659934521669
days_since_last_peak,arm1,RR_R2_3,3.5324033748401593
days_since_last_peak,arm1,RR_P1_5,0.3871845413788533
days_since_last_peak,arm1,RR_P3_5,1.626993689623554
days_since_last_peak,arm1,RR_R1_6,4.473459228977427
days_since_last_peak,arm1,RR_R2_5,3.9568786992610274
days_since_last_peak,arm1,RR_P3_4,2.145892630023408
days_since_last_peak,arm2,RR_R1_1,-2.154413760237921
days_since_last_peak,arm2,RR_P2M_1,0.6720751809146258
days_since_last_peak,arm2,RR_MP_1,-2.8855931017456418
days_since_last_peak,arm2,RR_P1_1,1.8861196400057954
days_since_last_peak,arm2,RR_OS2_1,-2.493335977248668
days_since_last_peak,arm2,RR_P2M_2,-0.5938475540566678
days_since_last_peak,arm2,RR_MP_2,-0.678438909515704
days_since_last_peak,arm2,RR_R1_2,4.233647614735471
days_since_last_peak,arm2,RR_P3_1,-2.0332997633178818
days_since_last_peak,arm2,RR_OS2_2,-3.122828788278821
days_since_last_peak,arm2,RR_P1_2,-0.8203884233848087
days_since_last_peak,arm2,RR_P3_2,0.9482742700976765
days_since_last_peak,arm2,RR_MP_3,-2.9230489420219836
days_since_last_peak,arm2,RR_R2LONG_1,-3.304690401294701
days_since_last_peak,arm2,RR_P1_3,-1.4578175281186847
days_since_last_peak,arm2,RR_MP_4,-1.6026520040075396
days_since_last_peak,arm2,RR_P3_3,-1.8294419948247063
days_since_last_peak,arm2,RR_P2_3,-9.169880326098097
days_since_last_peak,arm2,RR_R1_3,1.1336169095854116
days_since_last_peak,arm2,RR_R1_4,5.381891916375872
days_since_last_peak,arm2,RR_P2_4,1.818270268589405
days_since_last_peak,arm2,RR_R2_4,0.048202060415096656
days_since_last_peak,arm2,RR_R2_3,0.5771903088137937
days_since_last_peak,arm2,RR_P1_5,-0.3413282908186752
days_since_last_peak,arm2,RR_P3_5,1.1971193640134987
days_since_last_peak,arm2,RR_R1_6,2.972253698325199
days_since_last_peak,arm2,RR_R2_5,2.5661598833186545
days_since_last_peak,arm2,RR_P3_4,1.1460712514601494
days_since_last_peak,arm2r,RR_R1_1,-1.1633203746514549
days_since_last_peak,arm2r,RR_P2M_1,2.2995371589579294
days_since_last_peak,arm2r,RR_MP_1,-2.8464413105025157
days_since_last_peak,arm2r,RR_P1_1,2.285624550938117
days_since_last_peak,arm2r,RR_OS2_1,-1.2222089478532125
days_since_last_peak,arm2r,RR_P2M_2,-0.03960284332404109
days_since_last_peak,arm2r,RR_MP_2,0.7830117747532513
days_since_last_peak,arm2r,RR_R1_2,5.764035373758612
days_since_last_peak,arm2r,RR_P3_1,0.43373379543036616
days_since_last_peak,arm2r,RR_OS2_2,-3.922538677941899
days_since_last_peak,arm2r,RR_P1_2,-0.167752342513597
days_since_last_peak,arm2r,RR_P3_2,2.8002926578556915
days_since_last_peak,arm2r,RR_MP_3,-1.031228827446861
days_since_last_peak,arm2r,RR_R2LONG_1,-1.202692264719932
days_since_last_peak,arm2r,RR_P1_3,-0.8642023317242985
days_since_last_peak,arm2r,RR_MP_4,-0.7988641521464573
days_since_last_peak,arm2r,RR_P3_3,-0.3169290489311435
days_since_last_peak,arm2r,RR_P2_3,-8.93238211890246
days_since_last_peak,arm2r,RR_R1_3,3.246979009734372
days_since_last_peak,arm2r,RR_R1_4,2.954966466199382
days_since_last_peak,arm2r,RR_P2_4,-0.8442368018625026
days_since_last_peak,arm2r,RR_R2_4,-1.745180882026654
days_since_last_peak,arm2r,RR_R2_3,-1.1783237045728385
days_since_last_peak,arm2r,RR_P1_5,-2.952572755541003
days_since_last_peak,arm2r,RR_P3_5,-0.28832157452761825
days_since_last_peak,arm2r,RR_R1_6,0.7821011516552724
days_since_last_peak,arm2r,RR_R2_5,0.9284325192475925
days_since_last_peak,arm2r,RR_P3_4,0.4555061268556597
days_since_last_peak,arm3,RR_R1_1,5.338062761451897
days_since_last_peak,arm3,RR_P2M_1,0.3689724571567491
days_since_last_peak,arm3,RR_MP_1,-0.8538431424556818
days_since_last_peak,arm3,RR_P1_1,0.249566966256618
days_since_last_peak,arm3,RR_OS2_1,-3.296892834250234
days_since_last_peak,arm3,RR_P2M_2,-1.0920724442668894
days_since_last_peak,arm3,RR_MP_2,-1.1201939410247674
days_since_last_peak,arm3,RR_R1_2,1.3200089000527508
days_since_last_peak,arm3,RR_P3_1,-5.021636972348046
days_since_last_peak,arm3,RR_OS2_2,-3.4558001996600525
days_since_last_peak,arm3,RR_P1_2,2.772349500692913
days_since_last_peak,arm3,RR_P3_2,7.049126629482279
days_since_last_peak,arm3,RR_MP_3,-0.2554321746637219
days_since_last_peak,arm3,RR_R2LONG_1,-0.7559446973754449
days_since_last_peak,arm3,RR_P1_3,2.9838875897568036
days_since_last_peak,arm3,RR_MP_4,0.6089629977586942
days_since_last_peak,arm3,RR_P3_3,-1.1596653060852973
days_since_last_peak,arm3,RR_P2_3,-0.9343257139030703
days_since_last_peak,arm3,RR_R1_3,1.0925504315120456
days_since_last_peak,arm3,RR_R1_4,7.185559931294398
days_since_last_peak,arm3,RR_P2_4,2.4793441716004354
days_since_last_peak,arm3,RR_R2_4,3.3991014493151486
days_since_last_peak,arm3,RR_R2_3,0.1562655706910606
days_since_last_peak,arm3,RR_P1_5,-4.184023949642472
days_since_last_peak,arm3,RR_P3_5,3.7839177539725255
days_since_last_peak,arm3,RR_R1_6,-0.8045339470269518
days_since_last_peak,arm3,RR_R2_5,-0.3383171470053535
days_since_last_peak,arm3,RR_P3_4,-0.726641775534258
days_since_last_peak,arm4,RR_R1_1,0.05405536394132241
days_since_last_peak,arm4,RR_P2M_1,-4.769847068759932e-16
days_since_last_peak,arm4,RR_MP_1,-0.2715287440921794
days_since_last_peak,arm4,RR_P1_1,0.10412784736398006
days_since_last_peak,arm4,RR_OS2_1,1.9737298215558337e-16
days_since_last_peak,arm4,RR_P2M_2,-0.7103223248782968
days_since_last_peak,arm4,RR_MP_2,0.05121810098482906
days_since_last_peak,arm4,RR_R1_2,2.1382073066854866e-16
days_since_last_peak,arm4,RR_P3_1,-6.579099405186112e-16
days_since_last_peak,arm4,RR_OS2_2,1.9737298215558337e-16
days_since_last_peak,arm4,RR_P1_2,0.30185872528157565
days_since_last_peak,arm4,RR_P3_2,0.4321683984719793
days_since_last_peak,arm4,RR_MP_3,-0.6532245485119194
days_since_last_peak,arm4,RR_R2LONG_1,-0.06910989099621966
days_since_last_peak,arm4,RR_P1_3,-0.03335694119019276
days_since_last_peak,arm4,RR_MP_4,1.1973947670425193
days_since_last_peak,arm4,RR_P3_3,-0.19411041548911395
days_since_last_peak,arm4,RR_P2_3,0.04746589631212692
days_since_last_peak,arm4,RR_R1_3,0.4765700869077691
days_since_last_peak,arm4,RR_R1_4,0.11994059385886749
days_since_last_peak,arm4,RR_P2_4,0.34944910742188684
days_since_last_peak,arm4,RR_R2_4,-0.20869991835405413
days_since_last_peak,arm4,RR_R2_3,-41.3224074312393
days_since_last_peak,arm4,RR_P1_5,0.32734059624515943
days_since_last_peak,arm4,RR_P3_5,-0.7308722933747757
days_since_last_peak,arm4,RR_R1_6,-0.08601445303608148
days_since_last_peak,arm4,RR_R2_5,-0.17543832137865922
days_since_last_peak,arm4,RR_P3_4,-0.01962873169689933
days_since_last_peak,arm5,RR_R1_1,-1.9270217046168219
days_since_last_peak,arm5,RR_P2M_1,0.46558576576020927
days_since_last_peak,arm5,RR_MP_1,-2.4384151875260316
days_since_last_peak,arm5,RR_P1_1,1.6875621656970448
days_since_last_peak,arm5,RR_OS2_1,-2.913551002387706
days_since_last_peak,arm5,RR_P2M_2,-0.47409854241281457
days_since_last_peak,arm5,RR_MP_2,-1.0946770540281325
days_since_last_peak,arm5,RR_R1_2,4.217677154181684
days_since_last_peak,arm5,RR_P3_1,-2.614097867130692
days_since_last_peak,arm5,RR_OS2_2,-3.513808191786665
days_since_last_peak,arm5,RR_P1_2,-0.4028352624365085
days_since_last_peak,arm5,RR_P3_2,0.7859053984856901
days_since_last_peak,arm5,RR_MP_3,-2.7466813303655706
days_since_last_peak,arm5,RR_R2LONG_1,-3.269970713571495
days_since_last_peak,arm5,RR_P1_3,-1.2501891638606344
days_since_last_peak,arm5,RR_MP_4,-1.5536049751655914
days_since_last_peak,arm5,RR_P3_3,-2.0139294302040227
days_since_last_peak,arm5,RR_P2_3,-8.568130283114751
days_since_last_peak,arm5,RR_R1_3,1.436644655640519
days_since_last_peak,arm5,RR_R1_4,5.4113503925537945
days_since_last_peak,arm5,RR_P2_4,2.0508490761685354
days_since_last_peak,arm5,RR_R2_4,0.15248352341141605
days_since_last_peak,arm5,RR_R2_3,-0.1453965254767012
days_since_last_peak,arm5,RR_P1_5,-0.1761239845211275
days_since_last_peak,arm5,RR_P3_5,2.009223857212087
days_since_last_peak,arm5,RR_R1_6,3.031950947310628
days_since_last_peak,arm5,RR_R2_5,2.052731060949021
days_since_last_peak,arm5,RR_P3_4,1.0360047204945955
days_since_last_peak,arm6,RR_R1_1,-0.0510999999999999
days_since_last_peak,arm6,RR_P2M_1,0.3842666666666667
days_since_last_peak,arm6,RR_MP_1,-3.303933333333333
days_since_last_peak,arm6,RR_P1_1,0.2934666666666666
days_since_last_peak,arm6,RR_OS2_1,-1.508133333333333
days_since_last_peak,arm6,RR_P2M_2,0.2231999999999999
days_since_last_peak,arm6,RR_MP_2,-1.104666666666667
days_since_last_peak,arm6,RR_R1_2,-0.8515333333333333
days_since_last_peak,arm6,RR_P3_1,0.3047333333333333
days_since_last_peak,arm6,RR_OS2_2,-1.526066666666667
days_since_last_peak,arm6,RR_P1_2,1.2287
days_since_last_peak,arm6,RR_P3_2,1.3341333333333336
days_since_last_peak,arm6,RR_MP_3,-0.7526
days_since_last_peak,arm6,RR_R2LONG_1,-1.4586666666666668
days_since_last_peak,arm6,RR_P1_3,0.7397666666666667
days_since_last_peak,arm6,RR_MP_4,-0.9592333333333332
days_since_last_peak,arm6,RR_P3_3,0.2320666666666666
days_since_last_peak,arm6,RR_P2_3,-0.5383333333333333
days_since_last_peak,arm6,RR_R1_3,0.5591333333333334
days_since_last_peak,arm6,RR_R1_4,2.8494333333333333
days_since_last_peak,arm6,RR_P2_4,0.7710666666666667
days_since_last_peak,arm6,RR_R2_4,2.8699
days_since_last_peak,arm6,RR_R2_3,1.3738333333333337
days_since_last_peak,arm6,RR_P1_5,0.3521999999999999
days_since_last_peak,arm6,RR_P3_5,2.249733333333334
days_since_last_peak,arm6,RR_R1_6,0.8980333333333334
days_since_last_peak,arm6,RR_R2_5,-0.5122666666666666
days_since_last_peak,arm6,RR_P3_4,1.3941666666666668
days_since_last_peak,arm6b,RR_R1_1,0.0130111514866564
days_since_last_peak,arm6b,RR_P2M_1,-0.1619038186539769
days_since_last_peak,arm6b,RR_MP_1,-3.09494989978674
days_since_last_peak,arm6b,RR_P1_1,-0.2875909433332756
days_since_last_peak,arm6b,RR_OS2_1,-1.2192953005739713
days_since_last_peak,arm6b,RR_P2M_2,0.4664181046612562
days_since_last_peak,arm6b,RR_MP_2,-0.6435666618444881
days_since_last_peak,arm6b,RR_R1_2,-0.958641107944113
days_since_last_peak,arm6b,RR_P3_1,-0.1220138255166911
days_since_last_peak,arm6b,RR_OS2_2,-2.086380121753676
days_since_last_peak,arm6b,RR_P1_2,0.7594794680491368
days_since_last_peak,arm6b,RR_P3_2,1.127433056985656
days_since_last_peak,arm6b,RR_MP_3,-1.118373667762728
days_since_last_peak,arm6b,RR_R2LONG_1,-1.209272452836598
days_since_last_peak,arm6b,RR_P1_3,-0.2449381122343672
days_since_last_peak,arm6b,RR_MP_4,-1.3802672054844976
days_since_last_peak,arm6b,RR_P3_3,-0.3195426365357812
days_since_last_peak,arm6b,RR_P2_3,0.2408574341170986
days_since_last_peak,arm6b,RR_R1_3,-0.6835655851427002
days_since_last_peak,arm6b,RR_R1_4,1.6658600673748465
days_since_last_peak,arm6b,RR_P2_4,0.8234815254644045
days_since_last_peak,arm6b,RR_R2_4,1.7569433863529005
days_since_last_peak,arm6b,RR_R2_3,1.54038803012062
days_since_last_peak,arm6b,RR_P1_5,1.476707045903695
days_since_last_peak,arm6b,RR_P3_5,2.004734766698794
days_since_last_peak,arm6b,RR_R1_6,0.8069470497552605
days_since_last_peak,arm6b,RR_R2_5,0.551254362236686
days_since_last_peak,arm6b,RR_P3_4,1.1677589564559565
days_since_last_peak,arm6r,RR_R1_1,1.1315663747463778
days_since_last_peak,arm6r,RR_P2M_1,0.2224660419828792
days_since_last_peak,arm6r,RR_MP_1,-1.587550149661999
days_since_last_peak,arm6r,RR_P1_1,1.9003803639007395
days_since_last_peak,arm6r,RR_OS2_1,-1.4349782682999157
days_since_last_peak,arm6r,RR_P2M_2,1.1939055123466191
days_since_last_peak,arm6r,RR_MP_2,1.006514146273375
days_since_last_peak,arm6r,RR_R1_2,0.2478555098837527
days_since_last_peak,arm6r,RR_P3_1,0.870569031026422
days_since_last_peak,arm6r,RR_OS2_2,-1.6401354589872306
days_since_last_peak,arm6r,RR_P1_2,1.629928750052536
days_since_last_peak,arm6r,RR_P3_2,2.6121033102303404
days_since_last_peak,arm6r,RR_MP_3,0.3383516205300725
days_since_last_peak,arm6r,RR_R2LONG_1,-0.836736448258638
days_since_last_peak,arm6r,RR_P1_3,1.3540234792856145
days_since_last_peak,arm6r,RR_MP_4,0.3456278521341765
days_since_last_peak,arm6r,RR_P3_3,-0.1558547263498382
days_since_last_peak,arm6r,RR_P2_3,-1.692539340199088
days_since_last_peak,arm6r,RR_R1_3,2.2427467947113864
days_since_last_peak,arm6r,RR_R1_4,1.190051704559856
days_since_last_peak,arm6r,RR_P2_4,-0.3174673730303294
days_since_last_peak,arm6r,RR_R2_4,1.0432205350731545
days_since_last_peak,arm6r,RR_R2_3,-0.0326777706079559
days_since_last_peak,arm6r,RR_P1_5,-1.3473028089811854
days_since_last_peak,arm6r,RR_P3_5,1.3577837476848456
days_since_last_peak,arm6r,RR_R1_6,-0.8116344865450582
days_since_last_peak,arm6r,RR_R2_5,-0.540583130168206
days_since_last_peak,arm6r,RR_P3_4,0.2020255625850916
slope_sign,arm1,RR_R1_1,0.41590720835746187
slope_sign,arm1,RR_P2M_1,0.6208214088431014
slope_sign,arm1,RR_OS1_1,0.27734229834960933
slope_sign,arm1,RR_MP_1,0.41590720835746187
slope_sign,arm1,RR_P1_1,0.7765812612594134
slope_sign,arm1,RR_OS2_1,0.4471597462737084
slope_sign,arm1,RR_P2M_2,0.7203606751090676
slope_sign,arm1,RR_MP_2,0.3985980136712401
slope_sign,arm1,RR_R1_2,0.45405593229934077
slope_sign,arm1,RR_P3_1,0.7087514219534004
slope_sign,arm1,RR_OS2_2,0.44883238250994323
slope_sign,arm1,RR_P1_2,0.7907494087482526
slope_sign,arm1,RR_P3_2,0.7907494087482526
slope_sign,arm1,RR_MP_3,0.4540559322993408
slope_sign,arm1,RR_R2LONG_1,0.3952076680668675
slope_sign,arm1,RR_P1_3,0.6681502811450472
slope_sign,arm1,RR_MP_4,0.4159072083574619
slope_sign,arm1,RR_P3_3,0.7907494087482526
slope_sign,arm1,RR_P2_3,0.7494229290150537
slope_sign,arm1,RR_OS1_2,0.27734229834960933
slope_sign,arm1,RR_R1_3,0.41590720835746187
slope_sign,arm1,RR_R1_4,0.49312559314377563
slope_sign,arm1,RR_P2_4,0.7907494087482526
slope_sign,arm1,RR_R2_4,0.49564323729328325
slope_sign,arm1,RR_R2_3,0.49564323729328325
slope_sign,arm1,RR_P1_5,0.8333893847792162
slope_sign,arm1,RR_P3_5,0.7765812612594134
slope_sign,arm1,RR_R1_6,0.4540559322993408
slope_sign,arm1,RR_R2_5,0.4931255931437757
slope_sign,arm1,RR_P3_4,0.6681502811450472
slope_sign,arm2,RR_R1_1,-0.6551245979744791
slope_sign,arm2,RR_P2M_1,-0.09055887229460657
slope_sign,arm2,RR_OS1_1,0.23021664493729194
slope_sign,arm2,RR_MP_1,0.06347716831612848
slope_sign,arm2,RR_P1_1,-0.1167311396809496
slope_sign,arm2,RR_OS2_1,0.4173889775617588
slope_sign,arm2,RR_P2M_2,-0.1372972222824374
slope_sign,arm2,RR_MP_2,-0.2056719473297407
slope_sign,arm2,RR_R1_2,0.4102044521072426
slope_sign,arm2,RR_P3_1,-0.2141746601622187
slope_sign,arm2,RR_OS2_2,0.3582828624866206
slope_sign,arm2,RR_P1_2,0.17528801877777264
slope_sign,arm2,RR_P3_2,-0.28516556968537193
slope_sign,arm2,RR_MP_3,0.08508206000252652
slope_sign,arm2,RR_R2LONG_1,-0.004473245249116472
slope_sign,arm2,RR_P1_3,0.19936172496078658
slope_sign,arm2,RR_MP_4,0.0028387597790627784
slope_sign,arm2,RR_P3_3,0.028050592493759095
slope_sign,arm2,RR_P2_3,0.15496255742996937
slope_sign,arm2,RR_OS1_2,0.6217671722723412
slope_sign,arm2,RR_R1_3,-0.013487383081364893
slope_sign,arm2,RR_R1_4,-0.2521281123341356
slope_sign,arm2,RR_P2_4,0.15984648308927007
slope_sign,arm2,RR_R2_4,-0.027307946286496687
slope_sign,arm2,RR_R2_3,-0.009901635877859525
slope_sign,arm2,RR_P1_5,0.6678725417419291
slope_sign,arm2,RR_P3_5,0.0795825833107517
slope_sign,arm2,RR_R1_6,-0.5097690173663735
slope_sign,arm2,RR_R2_5,0.12247061691774513
slope_sign,arm2,RR_P3_4,-0.038341991108362936
slope_sign,arm2r,RR_R1_1,-0.9754576863478724
slope_sign,arm2r,RR_P2M_1,-0.11933662794414306
slope_sign,arm2r,RR_OS1_1,0.2574075596203551
slope_sign,arm2r,RR_MP_1,0.047242733406065336
slope_sign,arm2r,RR_P1_1,-0.15173379056740777
slope_sign,arm2r,RR_OS2_1,0.5238780544379473
slope_sign,arm2r,RR_P2M_2,0.07878768606028641
slope_sign,arm2r,RR_MP_2,-0.23844619254822227
slope_sign,arm2r,RR_R1_2,0.44611823718763133
slope_sign,arm2r,RR_P3_1,-0.24497495638912134
slope_sign,arm2r,RR_OS2_2,0.5338337715590211
slope_sign,arm2r,RR_P1_2,0.14896750650101165
slope_sign,arm2r,RR_P3_2,-0.4894377956627022
slope_sign,arm2r,RR_MP_3,0.19599910638997053
slope_sign,arm2r,RR_R2LONG_1,-0.058477882084595145
slope_sign,arm2r,RR_P1_3,0.18613892273962593
slope_sign,arm2r,RR_MP_4,0.2561951613829545
slope_sign,arm2r,RR_P3_3,-0.6467963141573136
slope_sign,arm2r,RR_P2_3,-0.8198836902003706
slope_sign,arm2r,RR_OS1_2,0.6527368897141997
slope_sign,arm2r,RR_R1_3,-0.023731970811022882
slope_sign,arm2r,RR_R1_4,-0.3464712848499959
slope_sign,arm2r,RR_P2_4,0.21307312967660536
slope_sign,arm2r,RR_R2_4,-0.03502342768887079
slope_sign,arm2r,RR_R2_3,0.07918429197409133
slope_sign,arm2r,RR_P1_5,0.7528603141903487
slope_sign,arm2r,RR_P3_5,0.10934997711167839
slope_sign,arm2r,RR_R1_6,-0.48559060815081534
slope_sign,arm2r,RR_R2_5,0.3237201213905037
slope_sign,arm2r,RR_P3_4,0.03337681981745195
slope_sign,arm3,RR_R1_1,5.16827959739297e-17
slope_sign,arm3,RR_P2M_1,-3.828355257328126e-18
slope_sign,arm3,RR_OS1_1,9.570888143320316e-18
slope_sign,arm3,RR_MP_1,2.871266442996095e-17
slope_sign,arm3,RR_P1_1,0.14091627564933845
slope_sign,arm3,RR_OS2_1,0.16723835171215093
slope_sign,arm3,RR_P2M_2,9.188052617587502e-17
slope_sign,arm3,RR_MP_2,-0.09742581716434195
slope_sign,arm3,RR_R1_2,0.0770773894084743
slope_sign,arm3,RR_P3_1,-0.1940083403306176
slope_sign,arm3,RR_OS2_2,3.6369374944617196e-17
slope_sign,arm3,RR_P1_2,0.14842611858267926
slope_sign,arm3,RR_P3_2,-0.002666343555097904
slope_sign,arm3,RR_MP_3,0.012158718729154137
slope_sign,arm3,RR_R2LONG_1,-0.003128874870011064
slope_sign,arm3,RR_P1_3,1.3399243400648442e-17
slope_sign,arm3,RR_MP_4,-0.009577725115084658
slope_sign,arm3,RR_P3_3,0.0693320351918285
slope_sign,arm3,RR_P2_3,-0.12339678007725748
slope_sign,arm3,RR_OS1_2,-1.1485065771984378e-17
slope_sign,arm3,RR_R1_3,-0.0901169375869099
slope_sign,arm3,RR_R1_4,-0.08895143889372452
slope_sign,arm3,RR_P2_4,0.17590623437271846
slope_sign,arm3,RR_R2_4,-0.45492033867474635
slope_sign,arm3,RR_R2_3,-0.022667862120413985
slope_sign,arm3,RR_P1_5,0.17919195171754507
slope_sign,arm3,RR_P3_5,7.082457226057034e-17
slope_sign,arm3,RR_R1_6,-0.10313851049021644
slope_sign,arm3,RR_R2_5,0.032549197833985286
slope_sign,arm3,RR_P3_4,-0.15102242637389507
slope_sign,arm4,RR_R1_1,-0.12997373054901154
slope_sign,arm4,RR_P2M_1,-3.828355257328126e-18
slope_sign,arm4,RR_OS1_1,9.570888143320316e-18
slope_sign,arm4,RR_MP_1,2.871266442996095e-17
slope_sign,arm4,RR_P1_1,7.656710514656253e-17
slope_sign,arm4,RR_OS2_1,3.062684205862501e-17
slope_sign,arm4,RR_P2M_2,9.188052617587502e-17
slope_sign,arm4,RR_MP_2,-0.3084110390661832
slope_sign,arm4,RR_R1_2,7.848128277522658e-17
slope_sign,arm4,RR_P3_1,-0.37571902794077555
slope_sign,arm4,RR_OS2_2,3.6369374944617196e-17
slope_sign,arm4,RR_P1_2,0.05854863570383481
slope_sign,arm4,RR_P3_2,-0.0018403753215740675
slope_sign,arm4,RR_MP_3,0.010600277123121546
slope_sign,arm4,RR_R2LONG_1,0.01036318434677856
slope_sign,arm4,RR_P1_3,0.01391807983156085
slope_sign,arm4,RR_MP_4,0.01386859501495955
slope_sign,arm4,RR_P3_3,-0.00942574198479296
slope_sign,arm4,RR_P2_3,-0.2112772580286181
slope_sign,arm4,RR_OS1_2,0.024315182705425823
slope_sign,arm4,RR_R1_3,-0.047230396204064495
slope_sign,arm4,RR_R1_4,-0.03267649748291227
slope_sign,arm4,RR_P2_4,0.06434280709720061
slope_sign,arm4,RR_R2_4,0.011474205688722499
slope_sign,arm4,RR_R2_3,-0.3357338866585873
slope_sign,arm4,RR_P1_5,0.6653478788626143
slope_sign,arm4,RR_P3_5,0.15134842147863475
slope_sign,arm4,RR_R1_6,-0.0016194200534828654
slope_sign,arm4,RR_R2_5,0.11481847521425886
slope_sign,arm4,RR_P3_4,-0.025822951208462636
slope_sign,arm5,RR_R1_1,-0.6551245979744791
slope_sign,arm5,RR_P2M_1,-0.022615131547126636
slope_sign,arm5,RR_OS1_1,0.25550712858433167
slope_sign,arm5,RR_MP_1,0.06347716831612848
slope_sign,arm5,RR_P1_1,-0.027705909621620756
slope_sign,arm5,RR_OS2_1,0.4492381758811473
slope_sign,arm5,RR_P2M_2,-0.13277956775553232
slope_sign,arm5,RR_MP_2,-0.21041111717212332
slope_sign,arm5,RR_R1_2,0.5100445427004328
slope_sign,arm5,RR_P3_1,-0.2141746601622187
slope_sign,arm5,RR_OS2_2,0.3582828624866206
slope_sign,arm5,RR_P1_2,0.17528801877777264
slope_sign,arm5,RR_P3_2,-0.28516556968537193
slope_sign,arm5,RR_MP_3,0.15489831821935066
slope_sign,arm5,RR_R2LONG_1,-0.03448916195843306
slope_sign,arm5,RR_P1_3,0.19936172496078658
slope_sign,arm5,RR_MP_4,0.004521665254676263
slope_sign,arm5,RR_P3_3,0.03310296114599243
slope_sign,arm5,RR_P2_3,0.15496255742996937
slope_sign,arm5,RR_OS1_2,0.6217671722723412
slope_sign,arm5,RR_R1_3,-0.013487383081364893
slope_sign,arm5,RR_R1_4,-0.27225466520182445
slope_sign,arm5,RR_P2_4,0.15984648308927007
slope_sign,arm5,RR_R2_4,-0.7365882306434887
slope_sign,arm5,RR_R2_3,-0.009901635877859525
slope_sign,arm5,RR_P1_5,0.6678725417419291
slope_sign,arm5,RR_P3_5,0.0795825833107517
slope_sign,arm5,RR_R1_6,-0.5957753937493874
slope_sign,arm5,RR_R2_5,0.3179661158457696
slope_sign,arm5,RR_P3_4,-0.03321158746751276
slope_sign,arm6,RR_R1_1,-0.6123
slope_sign,arm6,RR_P2M_1,-0.2659
slope_sign,arm6,RR_OS1_1,0.6051333333333334
slope_sign,arm6,RR_MP_1,0.1296
slope_sign,arm6,RR_P1_1,0.017
slope_sign,arm6,RR_OS2_1,0.3503333333333334
slope_sign,arm6,RR_P2M_2,-0.2176666666666666
slope_sign,arm6,RR_MP_2,-0.5414666666666667
slope_sign,arm6,RR_R1_2,-0.0708
slope_sign,arm6,RR_P3_1,-0.1530666666666666
slope_sign,arm6,RR_OS2_2,0.5673
slope_sign,arm6,RR_P1_2,-0.0616333333333333
slope_sign,arm6,RR_P3_2,-0.3088666666666666
slope_sign,arm6,RR_MP_3,-0.1998666666666666
slope_sign,arm6,RR_R2LONG_1,-0.2799999999999999
slope_sign,arm6,RR_P1_3,-0.1512
slope_sign,arm6,RR_MP_4,-0.1384333333333333
slope_sign,arm6,RR_P3_3,0.0022666666666666
slope_sign,arm6,RR_P2_3,-0.0149333333333333
slope_sign,arm6,RR_OS1_2,0.4920333333333333
slope_sign,arm6,RR_R1_3,-0.2503666666666667
slope_sign,arm6,RR_R1_4,-0.1526333333333333
slope_sign,arm6,RR_P2_4,0.3422666666666666
slope_sign,arm6,RR_R2_4,-0.2285666666666666
slope_sign,arm6,RR_R2_3,-0.0775333333333333
slope_sign,arm6,RR_P1_5,0.3473333333333333
slope_sign,arm6,RR_P3_5,0.0755
slope_sign,arm6,RR_R1_6,-0.1872
slope_sign,arm6,RR_R2_5,0.3448
slope_sign,arm6,RR_P3_4,-0.0718333333333333
slope_sign,arm6b,RR_R1_1,-0.7974508705942283
slope_sign,arm6b,RR_P2M_1,-0.2718510572256706
slope_sign,arm6b,RR_OS1_1,0.3808140876289276
slope_sign,arm6b,RR_MP_1,0.084462582187782
slope_sign,arm6b,RR_P1_1,-0.0406247876019894
slope_sign,arm6b,RR_OS2_1,0.3744824554796856
slope_sign,arm6b,RR_P2M_2,-0.290996897645296
slope_sign,arm6b,RR_MP_2,-0.3259390662164252
slope_sign,arm6b,RR_R1_2,-0.0094396110866567
slope_sign,arm6b,RR_P3_1,-0.2789472482208791
slope_sign,arm6b,RR_OS2_2,0.5275065402604578
slope_sign,arm6b,RR_P1_2,-0.1627700542733882
slope_sign,arm6b,RR_P3_2,-0.4033575602685488
slope_sign,arm6b,RR_MP_3,-0.0317929743632884
slope_sign,arm6b,RR_R2LONG_1,-0.1394315570392286
slope_sign,arm6b,RR_P1_3,-0.0651653589710543
slope_sign,arm6b,RR_MP_4,-0.0060528341075093
slope_sign,arm6b,RR_P3_3,0.1699622051244195
slope_sign,arm6b,RR_P2_3,-0.0105524653629566
slope_sign,arm6b,RR_OS1_2,0.5155824968868303
slope_sign,arm6b,RR_R1_3,-0.2762809505283818
slope_sign,arm6b,RR_R1_4,-0.0989602207725074
slope_sign,arm6b,RR_P2_4,0.3776294111453256
slope_sign,arm6b,RR_R2_4,-0.1502016229405829
slope_sign,arm6b,RR_R2_3,-0.178713455900118
slope_sign,arm6b,RR_P1_5,0.376396040912473
slope_sign,arm6b,RR_P3_5,0.094252162949934
slope_sign,arm6b,RR_R1_6,-0.147535861666876
slope_sign,arm6b,RR_R2_5,0.2840570079320053
slope_sign,arm6b,RR_P3_4,-0.0319331965782781
onset_day_rr,arm1,RR_R1_1,12.962962962962964
onset_day_rr,arm1,RR_P2M_1,12.925925925925926
onset_day_rr,arm1,RR_MP_1,12.925925925925926
onset_day_rr,arm1,RR_P1_1,12.962962962962964
onset_day_rr,arm1,RR_OS2_1,12.962962962962964
onset_day_rr,arm1,RR_P2M_2,13.0
onset_day_rr,arm1,RR_MP_2,12.88888888888889
onset_day_rr,arm1,RR_R1_2,12.962962962962964
onset_day_rr,arm1,RR_P3_1,12.668425955561027
onset_day_rr,arm1,RR_OS2_2,12.962962962962964
onset_day_rr,arm1,RR_P1_2,12.453513832943859
onset_day_rr,arm1,RR_P3_2,12.453513832943859
onset_day_rr,arm1,RR_MP_3,12.962962962962964
onset_day_rr,arm1,RR_R2LONG_1,12.925925925925926
onset_day_rr,arm1,RR_P1_3,12.783093179780488
onset_day_rr,arm1,RR_MP_4,13.214086933765431
onset_day_rr,arm1,RR_P3_3,12.962962962962964
onset_day_rr,arm1,RR_P2_3,13.0
onset_day_rr,arm1,RR_R1_3,12.925925925925926
onset_day_rr,arm1,RR_R1_4,13.12615201474707
onset_day_rr,arm1,RR_P2_4,13.0
onset_day_rr,arm1,RR_R2_4,13.147754232270378
onset_day_rr,arm1,RR_R2_3,13.104609018366643
onset_day_rr,arm1,RR_P1_5,13.037037037037036
onset_day_rr,arm1,RR_P3_5,13.037037037037036
onset_day_rr,arm1,RR_R1_6,13.254379604182986
onset_day_rr,arm1,RR_R2_5,13.130576651506436
onset_day_rr,arm1,RR_P3_4,12.962962962962964
onset_day_rr,arm2,RR_R1_1,13.720685359624474
onset_day_rr,arm2,RR_P2M_1,13.190255793393947
onset_day_rr,arm2,RR_MP_1,13.466100271901215
onset_day_rr,arm2,RR_P1_1,13.845127309704527
onset_day_rr,arm2,RR_OS2_1,13.1072953957107
onset_day_rr,arm2,RR_P2M_2,12.910560848680888
onset_day_rr,arm2,RR_MP_2,13.246368395852828
onset_day_rr,arm2,RR_R1_2,13.377752410161035
onset_day_rr,arm2,RR_P3_1,13.449189762380552
onset_day_rr,arm2,RR_OS2_2,13.634389287841927
onset_day_rr,arm2,RR_P1_2,15.450682616038492
onset_day_rr,arm2,RR_P3_2,12.788226002549148
onset_day_rr,arm2,RR_MP_3,13.105789577846348
onset_day_rr,arm2,RR_R2LONG_1,13.9610023253284
onset_day_rr,arm2,RR_P1_3,13.29469267559885
onset_day_rr,arm2,RR_MP_4,14.034349016346884
onset_day_rr,arm2,RR_P3_3,12.713611464446716
onset_day_rr,arm2,RR_P2_3,12.829976980526268
onset_day_rr,arm2,RR_R1_3,12.843453941988066
onset_day_rr,arm2,RR_R1_4,11.892542366375432
onset_day_rr,arm2,RR_P2_4,12.469000013403651
onset_day_rr,arm2,RR_R2_4,12.41531968226565
onset_day_rr,arm2,RR_R2_3,12.18786488748285
onset_day_rr,arm2,RR_P1_5,9.137461685209532
onset_day_rr,arm2,RR_P3_5,12.344215286175912
onset_day_rr,arm2,RR_R1_6,12.212015255677477
onset_day_rr,arm2,RR_R2_5,12.915002702577135
onset_day_rr,arm2,RR_P3_4,12.577552005883655
onset_day_rr,arm2r,RR_R1_1,-0.19439892986832097
onset_day_rr,arm2r,RR_P2M_1,0.23389975731543186
onset_day_rr,arm2r,RR_MP_1,0.11396045332301227
onset_day_rr,arm2r,RR_P1_1,0.1676120713138464
onset_day_rr,arm2r,RR_OS2_1,-0.22287551387371327
onset_day_rr,arm2r,RR_P2M_2,-0.04175360273794848
onset_day_rr,arm2r,RR_MP_2,0.14430069554701228
onset_day_rr,arm2r,RR_R1_2,-0.11261356045924417
onset_day_rr,arm2r,RR_P3_1,-0.01883458923650349
onset_day_rr,arm2r,RR_OS2_2,-0.42919423426990827
onset_day_rr,arm2r,RR_P1_2,2.3544030412854733
onset_day_rr,arm2r,RR_P3_2,-0.1521748879047639
onset_day_rr,arm2r,RR_MP_3,0.015239939710695233
onset_day_rr,arm2r,RR_R2LONG_1,0.11101777471825859
onset_day_rr,arm2r,RR_P1_3,-0.1564131159647442
onset_day_rr,arm2r,RR_MP_4,0.6608037493270584
onset_day_rr,arm2r,RR_P3_3,0.24536396097861912
onset_day_rr,arm2r,RR_P2_3,-0.04969479268010989
onset_day_rr,arm2r,RR_R1_3,-0.6536913221572827
onset_day_rr,arm2r,RR_R1_4,-0.1964531855070359
onset_day_rr,arm2r,RR_P2_4,-0.1646211341940355
onset_day_rr,arm2r,RR_R2_4,0.05738946706706223
onset_day_rr,arm2r,RR_R2_3,0.020500184631458106
onset_day_rr,arm2r,RR_P1_5,-2.359308701508279
onset_day_rr,arm2r,RR_P3_5,0.11559619534061565
onset_day_rr,arm2r,RR_R1_6,0.004390457749402872
onset_day_rr,arm2r,RR_R2_5,1.1804012401000523
onset_day_rr,arm2r,RR_P3_4,-0.06642701140346403
onset_day_rr,arm3,RR_R1_1,13.984754514236858
onset_day_rr,arm3,RR_P2M_1,13.417513421209657
onset_day_rr,arm3,RR_MP_1,13.443515501674442
onset_day_rr,arm3,RR_P1_1,13.719184585257238
onset_day_rr,arm3,RR_OS2_1,12.987977048328393
onset_day_rr,arm3,RR_P2M_2,12.564995510063707
onset_day_rr,arm3,RR_MP_2,13.82686009388338
onset_day_rr,arm3,RR_R1_2,13.695878436881872
onset_day_rr,arm3,RR_P3_1,13.605653699603526
onset_day_rr,arm3,RR_OS2_2,12.39282868993967
onset_day_rr,arm3,RR_P1_2,14.084091739318986
onset_day_rr,arm3,RR_P3_2,12.93497865352943
onset_day_rr,arm3,RR_MP_3,13.820833430651298
onset_day_rr,arm3,RR_R2LONG_1,13.203804680814832
onset_day_rr,arm3,RR_P1_3,13.14611274292631
onset_day_rr,arm3,RR_MP_4,14.441520932657044
onset_day_rr,arm3,RR_P3_3,12.930212679380235
onset_day_rr,arm3,RR_P2_3,11.435937780785132
onset_day_rr,arm3,RR_R1_3,13.476181484287078
onset_day_rr,arm3,RR_R1_4,11.665431128185926
onset_day_rr,arm3,RR_P2_4,12.030710268410186
onset_day_rr,arm3,RR_R2_4,10.579623551703875
onset_day_rr,arm3,RR_R2_3,13.582547954104614
onset_day_rr,arm3,RR_P1_5,11.883202996869056
onset_day_rr,arm3,RR_P3_5,11.363141096613713
onset_day_rr,arm3,RR_R1_6,13.247933541404487
onset_day_rr,arm3,RR_R2_5,13.800286871677544
onset_day_rr,arm3,RR_P3_4,12.68821012208849
onset_day_rr,arm4,RR_R1_1,12.630672155420273
onset_day_rr,arm4,RR_P2M_1,13.148781742408733
onset_day_rr,arm4,RR_MP_1,12.925925925925926
onset_day_rr,arm4,RR_P1_1,15.370709243118618
onset_day_rr,arm4,RR_OS2_1,12.287259839375405
onset_day_rr,arm4,RR_P2M_2,13.417108738046787
onset_day_rr,arm4,RR_MP_2,12.88888888888889
onset_day_rr,arm4,RR_R1_2,13.109994535083409
onset_day_rr,arm4,RR_P3_1,12.925925925925926
onset_day_rr,arm4,RR_OS2_2,13.229892568949307
onset_day_rr,arm4,RR_P1_2,12.737194576698075
onset_day_rr,arm4,RR_P3_2,12.03816370772055
onset_day_rr,arm4,RR_MP_3,13.416857240033266
onset_day_rr,arm4,RR_R2LONG_1,12.503296211098244
onset_day_rr,arm4,RR_P1_3,12.925925925925926
onset_day_rr,arm4,RR_MP_4,13.58092673390251
onset_day_rr,arm4,RR_P3_3,12.962962962962964
onset_day_rr,arm4,RR_P2_3,13.0
onset_day_rr,arm4,RR_R1_3,12.676564656907786
onset_day_rr,arm4,RR_R1_4,12.70182929905621
onset_day_rr,arm4,RR_P2_4,12.89562268962636
onset_day_rr,arm4,RR_R2_4,13.037037037037036
onset_day_rr,arm4,RR_R2_3,13.88207673486142
onset_day_rr,arm4,RR_P1_5,13.037037037037036
onset_day_rr,arm4,RR_P3_5,13.134734213045224
onset_day_rr,arm4,RR_R1_6,13.177720380902116
onset_day_rr,arm4,RR_R2_5,12.634819052457146
onset_day_rr,arm4,RR_P3_4,11.90924868276727
onset_day_rr,arm5,RR_R1_1,13.820921604347054
onset_day_rr,arm5,RR_P2M_1,13.132831913105123
onset_day_rr,arm5,RR_MP_1,13.603186488734085
onset_day_rr,arm5,RR_P1_1,13.9487311725497
onset_day_rr,arm5,RR_OS2_1,13.004895504430344
onset_day_rr,arm5,RR_P2M_2,12.93612894498584
onset_day_rr,arm5,RR_MP_2,13.654879585023812
onset_day_rr,arm5,RR_R1_2,13.228791242834843
onset_day_rr,arm5,RR_P3_1,13.504514455639619
onset_day_rr,arm5,RR_OS2_2,13.71516951333961
onset_day_rr,arm5,RR_P1_2,15.448140748481663
onset_day_rr,arm5,RR_P3_2,11.819079483569771
onset_day_rr,arm5,RR_MP_3,13.147388542656744
onset_day_rr,arm5,RR_R2LONG_1,13.932016712157306
onset_day_rr,arm5,RR_P1_3,13.203443511242321
onset_day_rr,arm5,RR_MP_4,14.292325932529524
onset_day_rr,arm5,RR_P3_3,12.804107767682263
onset_day_rr,arm5,RR_P2_3,13.031497595325707
onset_day_rr,arm5,RR_R1_3,12.603495661229536
onset_day_rr,arm5,RR_R1_4,11.75795465485824
onset_day_rr,arm5,RR_P2_4,12.885821671484193
onset_day_rr,arm5,RR_R2_4,12.26307472371559
onset_day_rr,arm5,RR_R2_3,12.523590857152179
onset_day_rr,arm5,RR_P1_5,10.832318499931414
onset_day_rr,arm5,RR_P3_5,11.548602925341946
onset_day_rr,arm5,RR_R1_6,12.635302168514555
onset_day_rr,arm5,RR_R2_5,12.656040355592854
onset_day_rr,arm5,RR_P3_4,12.488111198695083
onset_day_rr,arm6,RR_R1_1,14.247933333333334
onset_day_rr,arm6,RR_P2M_1,13.128766666666666
onset_day_rr,arm6,RR_MP_1,13.364833333333335
onset_day_rr,arm6,RR_P1_1,14.082566666666663
onset_day_rr,arm6,RR_OS2_1,12.680333333333332
onset_day_rr,arm6,RR_P2M_2,13.183266666666666
onset_day_rr,arm6,RR_MP_2,13.196966666666668
onset_day_rr,arm6,RR_R1_2,13.856166666666669
onset_day_rr,arm6,RR_P3_1,13.404433333333335
onset_day_rr,arm6,RR_OS2_2,12.865233333333334
onset_day_rr,arm6,RR_P1_2,13.323633333333332
onset_day_rr,arm6,RR_P3_2,11.8678
onset_day_rr,arm6,RR_MP_3,13.1765
onset_day_rr,arm6,RR_R2LONG_1,12.815033333333332
onset_day_rr,arm6,RR_P1_3,13.265933333333336
onset_day_rr,arm6,RR_MP_4,13.720366666666663
onset_day_rr,arm6,RR_P3_3,13.318
onset_day_rr,arm6,RR_P2_3,13.079066666666668
onset_day_rr,arm6,RR_R1_3,13.451766666666666
onset_day_rr,arm6,RR_R1_4,12.696533333333331
onset_day_rr,arm6,RR_P2_4,12.407566666666668
onset_day_rr,arm6,RR_R2_4,12.861833333333331
onset_day_rr,arm6,RR_R2_3,11.912933333333331
onset_day_rr,arm6,RR_P1_5,12.1816
onset_day_rr,arm6,RR_P3_5,11.837933333333334
onset_day_rr,arm6,RR_R1_6,12.720366666666663
onset_day_rr,arm6,RR_R2_5,12.403
onset_day_rr,arm6,RR_P3_4,12.744099999999998
onset_day_rr,arm6b,RR_R1_1,14.019583521721236
onset_day_rr,arm6b,RR_P2M_1,13.181992614068156
onset_day_rr,arm6b,RR_MP_1,13.613755067414198
onset_day_rr,arm6b,RR_P1_1,14.412902491734371
onset_day_rr,arm6b,RR_OS2_1,12.839850398010318
onset_day_rr,arm6b,RR_P2M_2,13.137600210802736
onset_day_rr,arm6b,RR_MP_2,13.212552509124768
onset_day_rr,arm6b,RR_R1_2,13.4257303038273
onset_day_rr,arm6b,RR_P3_1,13.322826806132271
onset_day_rr,arm6b,RR_OS2_2,13.074818510175124
onset_day_rr,arm6b,RR_P1_2,13.25208697149747
onset_day_rr,arm6b,RR_P3_2,11.934351045818
onset_day_rr,arm6b,RR_MP_3,13.409301253406198
onset_day_rr,arm6b,RR_R2LONG_1,13.18674244779897
onset_day_rr,arm6b,RR_P1_3,13.261743434728231
onset_day_rr,arm6b,RR_MP_4,13.79604520688876
onset_day_rr,arm6b,RR_P3_3,13.360003273945024
onset_day_rr,arm6b,RR_P2_3,12.84116592279698
onset_day_rr,arm6b,RR_R1_3,13.057298170503293
onset_day_rr,arm6b,RR_R1_4,12.518163639894889
onset_day_rr,arm6b,RR_P2_4,12.456917239478775
onset_day_rr,arm6b,RR_R2_4,12.650977619285158
onset_day_rr,arm6b,RR_R2_3,11.91487404610929
onset_day_rr,arm6b,RR_P1_5,11.701584617323206
onset_day_rr,arm6b,RR_P3_5,12.203652657142722
onset_day_rr,arm6b,RR_R1_6,12.614148667341231
onset_day_rr,arm6b,RR_R2_5,12.364161668483568
onset_day_rr,arm6b,RR_P3_4,12.87213840911073
onset_day_rr,arm6r,RR_R1_1,0.5257827454206868
onset_day_rr,arm6r,RR_P2M_1,0.0562151073899006
onset_day_rr,arm6r,RR_MP_1,0.4123006665509446
onset_day_rr,arm6r,RR_P1_1,0.4812861662468919
onset_day_rr,arm6r,RR_OS2_1,-0.479293650288505
onset_day_rr,arm6r,RR_P2M_2,0.296939186033444
onset_day_rr,arm6r,RR_MP_2,0.10648412608611
onset_day_rr,arm6r,RR_R1_2,0.2553850824609786
onset_day_rr,arm6r,RR_P3_1,0.107053758043715
onset_day_rr,arm6r,RR_OS2_2,-0.1007631306872901
onset_day_rr,arm6r,RR_P1_2,0.1755198747423917
onset_day_rr,arm6r,RR_P3_2,-0.8039277794797186
onset_day_rr,arm6r,RR_MP_3,-0.1510636555792742
onset_day_rr,arm6r,RR_R2LONG_1,-0.2108300792810178
onset_day_rr,arm6r,RR_P1_3,-0.0183823568458472
onset_day_rr,arm6r,RR_MP_4,0.0100825887052186
onset_day_rr,arm6r,RR_P3_3,0.4589626167016166
onset_day_rr,arm6r,RR_P2_3,-0.3493883937895377
onset_day_rr,arm6r,RR_R1_3,-0.3642470172506621
onset_day_rr,arm6r,RR_R1_4,0.0026062246977851
onset_day_rr,arm6r,RR_P2_4,-0.2076710107743962
onset_day_rr,arm6r,RR_R2_4,0.2831466324736762
onset_day_rr,arm6r,RR_R2_3,-0.055525452312608
onset_day_rr,arm6r,RR_P1_5,-0.1233091160552712
onset_day_rr,arm6r,RR_P3_5,-0.4640862257392055
onset_day_rr,arm6r,RR_R1_6,0.316361525117837
onset_day_rr,arm6r,RR_R2_5,0.4437604050417159
onset_day_rr,arm6r,RR_P3_4,-0.0152271235143855
onset_day_chronic,arm1,C_S16_2,12.10987194421054
onset_day_chronic,arm1,C_M16_1,12.82018891937169
onset_day_chronic,arm1,C_S30_2,12.398192236050129
onset_day_chronic,arm1,C_S16_1,12.10987194421054
onset_day_chronic,arm1,C_P1_4,12.255208048288777
onset_day_chronic,arm1,C_M16_2,12.990575854087709
onset_day_chronic,arm1,C_P1_5,11.991874068301128
onset_day_chronic,arm1,C_S30_1,12.255208048288777
onset_day_chronic,arm1,C_M16_3,12.990575854087709
onset_day_chronic,arm1,C_S16_3,12.182539038652884
onset_day_chronic,arm1,C_P1_6,11.880347143714474
onset_day_chronic,arm1,C_P1_1,11.719282350849651
onset_day_chronic,arm1,C_OS1_3,13.584625582508748
onset_day_chronic,arm1,C_OS1_1,12.79805762983822
onset_day_chronic,arm1,C_P1_2,12.009921705819727
onset_day_chronic,arm1,C_OS1_2,14.281000690802198
onset_day_chronic,arm1,C_P1_3,11.741707705277486
onset_day_chronic,arm1,C_L_1,13.074430116093934
onset_day_chronic,arm1,C_L_4,12.272727272727273
onset_day_chronic,arm1,C_L_2,12.5
onset_day_chronic,arm1,C_L_5,12.454545454545455
onset_day_chronic,arm1,C_L_3,12.5
onset_day_chronic,arm1,C_OS1_4,12.590909090909092
onset_day_chronic,arm2,C_S16_2,12.708136051133177
onset_day_chronic,arm2,C_M16_1,9.251642181627362
onset_day_chronic,arm2,C_S30_2,13.392580278722765
onset_day_chronic,arm2,C_S16_1,11.445092229385676
onset_day_chronic,arm2,C_P1_4,9.563168963540614
onset_day_chronic,arm2,C_M16_2,13.232453795498515
onset_day_chronic,arm2,C_P1_5,11.426889779539882
onset_day_chronic,arm2,C_S30_1,13.047066992086467
onset_day_chronic,arm2,C_M16_3,12.221417744287132
onset_day_chronic,arm2,C_S16_3,12.015853155372374
onset_day_chronic,arm2,C_P1_6,12.038565568229144
onset_day_chronic,arm2,C_P1_1,15.006387285103056
onset_day_chronic,arm2,C_OS1_3,13.583805983753384
onset_day_chronic,arm2,C_OS1_1,11.714708874419975
onset_day_chronic,arm2,C_P1_2,13.721232750988944
onset_day_chronic,arm2,C_OS1_2,13.35544428445361
onset_day_chronic,arm2,C_P1_3,10.987214252973914
onset_day_chronic,arm2,C_L_1,14.031394036349656
onset_day_chronic,arm2,C_L_4,12.272727272727273
onset_day_chronic,arm2,C_L_2,12.5
onset_day_chronic,arm2,C_L_5,12.454545454545455
onset_day_chronic,arm2,C_L_3,12.5
onset_day_chronic,arm2,C_OS1_4,12.590909090909092
onset_day_chronic,arm2r,C_S16_2,0.1544467780509681
onset_day_chronic,arm2r,C_M16_1,0.058970779728109095
onset_day_chronic,arm2r,C_S30_2,1.361213121928155
onset_day_chronic,arm2r,C_S16_1,-0.41924047416714877
onset_day_chronic,arm2r,C_P1_4,-2.232812610822058
onset_day_chronic,arm2r,C_M16_2,1.5192671337778256
onset_day_chronic,arm2r,C_P1_5,-0.4189823232034844
onset_day_chronic,arm2r,C_S30_1,1.181477746857117
onset_day_chronic,arm2r,C_M16_3,0.5264125557242384
onset_day_chronic,arm2r,C_S16_3,-1.438823830809539
onset_day_chronic,arm2r,C_P1_6,-0.5769785170191819
onset_day_chronic,arm2r,C_P1_1,0.9725186517662122
onset_day_chronic,arm2r,C_OS1_3,0.10203789533806505
onset_day_chronic,arm2r,C_OS1_1,-1.8153370180204336
onset_day_chronic,arm2r,C_P1_2,0.15309121218268124
onset_day_chronic,arm2r,C_OS1_2,-0.31020081403952854
onset_day_chronic,arm2r,C_P1_3,-2.2128422402011885
onset_day_chronic,arm2r,C_L_1,1.2473744731652523
onset_day_chronic,arm2r,C_L_4,3.1990428861911573
onset_day_chronic,arm2r,C_L_2,-2.258433542682182
onset_day_chronic,arm2r,C_L_5,3.332797275756221
onset_day_chronic,arm2r,C_L_3,2.797872208081116
onset_day_chronic,arm2r,C_OS1_4,-2.2810004637125303
onset_day_chronic,arm3,C_S16_2,12.590909090909092
onset_day_chronic,arm3,C_M16_1,12.636363636363637
onset_day_chronic,arm3,C_S30_2,13.27468974240128
onset_day_chronic,arm3,C_S16_1,12.590909090909092
onset_day_chronic,arm3,C_P1_4,12.681818181818182
onset_day_chronic,arm3,C_M16_2,12.636363636363637
onset_day_chronic,arm3,C_P1_5,12.681818181818182
onset_day_chronic,arm3,C_S30_1,13.132358265229767
onset_day_chronic,arm3,C_M16_3,12.636363636363637
onset_day_chronic,arm3,C_S16_3,12.636363636363637
onset_day_chronic,arm3,C_P1_6,12.681818181818182
onset_day_chronic,arm3,C_P1_1,12.590909090909092
onset_day_chronic,arm3,C_OS1_3,12.636363636363637
onset_day_chronic,arm3,C_OS1_1,12.35581131428955
onset_day_chronic,arm3,C_P1_2,12.681818181818182
onset_day_chronic,arm3,C_OS1_2,14.610139324913254
onset_day_chronic,arm3,C_P1_3,12.590909090909092
onset_day_chronic,arm3,C_L_1,12.590909090909092
onset_day_chronic,arm3,C_L_4,12.272727272727273
onset_day_chronic,arm3,C_L_2,12.5
onset_day_chronic,arm3,C_L_5,12.454545454545455
onset_day_chronic,arm3,C_L_3,12.5
onset_day_chronic,arm3,C_OS1_4,12.590909090909092
onset_day_chronic,arm4,C_S16_2,12.590909090909092
onset_day_chronic,arm4,C_M16_1,12.636363636363637
onset_day_chronic,arm4,C_S30_2,12.681818181818182
onset_day_chronic,arm4,C_S16_1,12.590909090909092
onset_day_chronic,arm4,C_P1_4,12.681818181818182
onset_day_chronic,arm4,C_M16_2,12.636363636363637
onset_day_chronic,arm4,C_P1_5,12.681818181818182
onset_day_chronic,arm4,C_S30_1,12.681818181818182
onset_day_chronic,arm4,C_M16_3,12.636363636363637
onset_day_chronic,arm4,C_S16_3,12.636363636363637
onset_day_chronic,arm4,C_P1_6,12.681818181818182
onset_day_chronic,arm4,C_P1_1,12.590909090909092
onset_day_chronic,arm4,C_OS1_3,12.636363636363637
onset_day_chronic,arm4,C_OS1_1,12.545454545454545
onset_day_chronic,arm4,C_P1_2,12.681818181818182
onset_day_chronic,arm4,C_OS1_2,14.6128278302283
onset_day_chronic,arm4,C_P1_3,12.590909090909092
onset_day_chronic,arm4,C_L_1,12.590909090909092
onset_day_chronic,arm4,C_L_4,12.272727272727273
onset_day_chronic,arm4,C_L_2,12.5
onset_day_chronic,arm4,C_L_5,12.454545454545455
onset_day_chronic,arm4,C_L_3,12.5
onset_day_chronic,arm4,C_OS1_4,12.590909090909092
onset_day_chronic,arm5,C_S16_2,12.890721342183108
onset_day_chronic,arm5,C_M16_1,9.2463926500272
onset_day_chronic,arm5,C_S30_2,13.465018443393207
onset_day_chronic,arm5,C_S16_1,11.516173939821574
onset_day_chronic,arm5,C_P1_4,9.509496573028837
onset_day_chronic,arm5,C_M16_2,14.03901060539563
onset_day_chronic,arm5,C_P1_5,11.330496322354216
onset_day_chronic,arm5,C_S30_1,13.268996858525014
onset_day_chronic,arm5,C_M16_3,12.031748208785208
onset_day_chronic,arm5,C_S16_3,12.015853155372374
onset_day_chronic,arm5,C_P1_6,12.162285155626307
onset_day_chronic,arm5,C_P1_1,15.044462161230749
onset_day_chronic,arm5,C_OS1_3,13.586376987979135
onset_day_chronic,arm5,C_OS1_1,11.449583278754233
onset_day_chronic,arm5,C_P1_2,13.932385405675106
onset_day_chronic,arm5,C_OS1_2,13.253153853025838
onset_day_chronic,arm5,C_P1_3,11.029437705062948
onset_day_chronic,arm5,C_L_1,15.895303995926076
onset_day_chronic,arm5,C_L_4,12.272727272727273
onset_day_chronic,arm5,C_L_2,12.5
onset_day_chronic,arm5,C_L_5,12.454545454545455
onset_day_chronic,arm5,C_L_3,12.5
onset_day_chronic,arm5,C_OS1_4,12.590909090909092
onset_day_chronic,arm6,C_S16_2,11.6312
onset_day_chronic,arm6,C_M16_1,9.894033333333336
onset_day_chronic,arm6,C_S30_2,14.346833333333334
onset_day_chronic,arm6,C_S16_1,10.7787
onset_day_chronic,arm6,C_P1_4,12.065
onset_day_chronic,arm6,C_M16_2,10.747066666666669
onset_day_chronic,arm6,C_P1_5,10.685633333333334
onset_day_chronic,arm6,C_S30_1,13.763666666666666
onset_day_chronic,arm6,C_M16_3,11.9927
onset_day_chronic,arm6,C_S16_3,11.7553
onset_day_chronic,arm6,C_P1_6,10.793933333333332
onset_day_chronic,arm6,C_P1_1,11.070233333333334
onset_day_chronic,arm6,C_OS1_3,12.142233333333332
onset_day_chronic,arm6,C_OS1_1,12.125066666666669
onset_day_chronic,arm6,C_P1_2,13.548
onset_day_chronic,arm6,C_OS1_2,12.273033333333332
onset_day_chronic,arm6,C_P1_3,13.325233333333337
onset_day_chronic,arm6,C_L_1,14.091699999999998
onset_day_chronic,arm6,C_L_4,14.153466666666668
onset_day_chronic,arm6,C_L_2,13.326833333333331
onset_day_chronic,arm6,C_L_5,14.8679
onset_day_chronic,arm6,C_L_3,12.705633333333331
onset_day_chronic,arm6,C_OS1_4,11.450333333333331
onset_day_chronic,arm6b,C_S16_2,12.532520165129148
onset_day_chronic,arm6b,C_M16_1,10.120469436875984
onset_day_chronic,arm6b,C_S30_2,13.972783435690753
onset_day_chronic,arm6b,C_S16_1,10.935039852565518
onset_day_chronic,arm6b,C_P1_4,11.495955028575722
onset_day_chronic,arm6b,C_M16_2,12.670219462398189
onset_day_chronic,arm6b,C_P1_5,11.465349755631845
onset_day_chronic,arm6b,C_S30_1,13.774925346202105
onset_day_chronic,arm6b,C_M16_3,12.883648415058248
onset_day_chronic,arm6b,C_S16_3,11.695856676337756
onset_day_chronic,arm6b,C_P1_6,10.742542917219051
onset_day_chronic,arm6b,C_P1_1,11.71109630808982
onset_day_chronic,arm6b,C_OS1_3,10.664567229932532
onset_day_chronic,arm6b,C_OS1_1,11.100557765534326
onset_day_chronic,arm6b,C_P1_2,13.058562810109924
onset_day_chronic,arm6b,C_OS1_2,13.312416655641895
onset_day_chronic,arm6b,C_P1_3,13.527204565412216
onset_day_chronic,arm6b,C_L_1,14.579556486629665
onset_day_chronic,arm6b,C_L_4,14.417778310700228
onset_day_chronic,arm6b,C_L_2,14.233231292902484
onset_day_chronic,arm6b,C_L_5,14.625807713538109
onset_day_chronic,arm6b,C_L_3,13.479337747086827
onset_day_chronic,arm6b,C_OS1_4,12.52990073255314
cumulative_chronic,arm1,C_S16_2,27.8404842769472
cumulative_chronic,arm1,C_M16_1,21.83093322712984
cumulative_chronic,arm1,C_S30_2,24.550943432925003
cumulative_chronic,arm1,C_OS1_5,13.902161932723427
cumulative_chronic,arm1,C_S16_1,27.95334951421222
cumulative_chronic,arm1,C_P1_4,29.82353494792494
cumulative_chronic,arm1,C_M16_2,20.01330192418637
cumulative_chronic,arm1,C_NS_4,12.695285851224288
cumulative_chronic,arm1,C_P1_5,34.99787721361584
cumulative_chronic,arm1,C_S30_1,23.427287427398458
cumulative_chronic,arm1,C_M16_3,20.15919034837114
cumulative_chronic,arm1,C_S16_3,27.33675898699909
cumulative_chronic,arm1,C_P1_6,37.03345023313584
cumulative_chronic,arm1,C_NS_5,14.112596372737372
cumulative_chronic,arm1,C_NS_1,14.112596372737372
cumulative_chronic,arm1,C_P1_1,34.990399936075285
cumulative_chronic,arm1,C_OS1_3,16.724483778777273
cumulative_chronic,arm1,C_NS_2,14.11259637273737
cumulative_chronic,arm1,C_OS1_1,16.724483778777273
cumulative_chronic,arm1,C_P1_2,34.0363790266169
cumulative_chronic,arm1,C_NS_3,13.847206833274877
cumulative_chronic,arm1,C_OS1_2,16.402950641460826
cumulative_chronic,arm1,C_P1_3,34.384204719922124
cumulative_chronic,arm1,C_L_1,17.411791129737892
cumulative_chronic,arm1,C_L_4,17.817348975040716
cumulative_chronic,arm1,C_L_2,17.936083915389293
cumulative_chronic,arm1,C_L_5,18.00535332572735
cumulative_chronic,arm1,C_L_3,17.61949275401498
cumulative_chronic,arm1,C_OS1_4,16.388360272303768
cumulative_chronic,arm2,C_S16_2,13.545286510161317
cumulative_chronic,arm2,C_M16_1,18.928021224298693
cumulative_chronic,arm2,C_S30_2,10.67663904795044
cumulative_chronic,arm2,C_OS1_5,-1.2019014844507054
cumulative_chronic,arm2,C_S16_1,8.209695814784101
cumulative_chronic,arm2,C_P1_4,-2.2598848107642233
cumulative_chronic,arm2,C_M16_2,-0.39885484743797406
cumulative_chronic,arm2,C_NS_4,17.856420965998417
cumulative_chronic,arm2,C_P1_5,-13.785985243474785
cumulative_chronic,arm2,C_S30_1,11.81175969963268
cumulative_chronic,arm2,C_M16_3,1.7440699001209197
cumulative_chronic,arm2,C_S16_3,17.292330505036936
cumulative_chronic,arm2,C_P1_6,-1.5740361623806371
cumulative_chronic,arm2,C_NS_5,-2.1781956181151774
cumulative_chronic,arm2,C_NS_1,7.734557745085881
cumulative_chronic,arm2,C_P1_1,-14.581897597175676
cumulative_chronic,arm2,C_OS1_3,-2.2884002666034235
cumulative_chronic,arm2,C_NS_2,-1.3852758209907108
cumulative_chronic,arm2,C_OS1_1,-7.880170925286791
cumulative_chronic,arm2,C_P1_2,-9.511156498036422
cumulative_chronic,arm2,C_NS_3,7.104196158033611
cumulative_chronic,arm2,C_OS1_2,2.7368641434025083
cumulative_chronic,arm2,C_P1_3,-5.359069506761401
cumulative_chronic,arm2,C_L_1,-4.4054961209028125
cumulative_chronic,arm2,C_L_4,-7.562163253705151
cumulative_chronic,arm2,C_L_2,-5.35359667825481
cumulative_chronic,arm2,C_L_5,-9.901158404587488
cumulative_chronic,arm2,C_L_3,-16.30649622745085
cumulative_chronic,arm2,C_OS1_4,-16.709155000144243
cumulative_chronic,arm2r,C_S16_2,10.455559153639092
cumulative_chronic,arm2r,C_M16_1,7.014958839582691
cumulative_chronic,arm2r,C_S30_2,8.5363787995474
cumulative_chronic,arm2r,C_OS1_5,-6.787733090981346
cumulative_chronic,arm2r,C_S16_1,5.051573736498087
cumulative_chronic,arm2r,C_P1_4,-4.621546771046189
cumulative_chronic,arm2r,C_M16_2,-7.184574737160073
cumulative_chronic,arm2r,C_NS_4,5.0798323930870515
cumulative_chronic,arm2r,C_P1_5,-16.430880454440953
cumulative_chronic,arm2r,C_S30_1,10.832782262702251
cumulative_chronic,arm2r,C_M16_3,-7.839453119925621
cumulative_chronic,arm2r,C_S16_3,13.311991204206569
cumulative_chronic,arm2r,C_P1_6,-6.950036040020245
cumulative_chronic,arm2r,C_NS_5,-6.89470431419882
cumulative_chronic,arm2r,C_NS_1,10.64204266817171
cumulative_chronic,arm2r,C_P1_1,-7.027147754269122
cumulative_chronic,arm2r,C_OS1_3,3.4128478581995516
cumulative_chronic,arm2r,C_NS_2,5.7610025082610905
cumulative_chronic,arm2r,C_OS1_1,-2.3773585089079976
cumulative_chronic,arm2r,C_P1_2,1.5151631976434754
cumulative_chronic,arm2r,C_NS_3,10.638530974122727
cumulative_chronic,arm2r,C_OS1_2,4.249683667670968
cumulative_chronic,arm2r,C_P1_3,4.316141551407742
cumulative_chronic,arm2r,C_L_1,-3.1474515106911447
cumulative_chronic,arm2r,C_L_4,-7.5879871556162435
cumulative_chronic,arm2r,C_L_2,-2.243152498751348
cumulative_chronic,arm2r,C_L_5,-11.112676268070674
cumulative_chronic,arm2r,C_L_3,-8.777857106095812
cumulative_chronic,arm2r,C_OS1_4,-11.37602929950014
cumulative_chronic,arm3,C_S16_2,10.369727877192926
cumulative_chronic,arm3,C_M16_1,2.7900040262953794
cumulative_chronic,arm3,C_S30_2,8.109326703003333
cumulative_chronic,arm3,C_OS1_5,0.5040877902058013
cumulative_chronic,arm3,C_S16_1,-1.3218982278082383
cumulative_chronic,arm3,C_P1_4,-22.92799539945444
cumulative_chronic,arm3,C_M16_2,2.5853458832090235
cumulative_chronic,arm3,C_NS_4,16.709487308403347
cumulative_chronic,arm3,C_P1_5,-7.988123015593755
cumulative_chronic,arm3,C_S30_1,9.026865096587679
cumulative_chronic,arm3,C_M16_3,3.0313283672991926
cumulative_chronic,arm3,C_S16_3,7.482534749958365
cumulative_chronic,arm3,C_P1_6,9.388386877562906
cumulative_chronic,arm3,C_NS_5,9.450753201019449
cumulative_chronic,arm3,C_NS_1,-7.767416303215449
cumulative_chronic,arm3,C_P1_1,-0.11099085675470514
cumulative_chronic,arm3,C_OS1_3,-7.125512968215501
cumulative_chronic,arm3,C_NS_2,-3.5455643661096237
cumulative_chronic,arm3,C_OS1_1,-3.656383030559257
cumulative_chronic,arm3,C_P1_2,-18.376377233108673
cumulative_chronic,arm3,C_NS_3,23.874601805217466
cumulative_chronic,arm3,C_OS1_2,-11.968403884944811
cumulative_chronic,arm3,C_P1_3,3.450887160090831
cumulative_chronic,arm3,C_L_1,-20.308977748751527
cumulative_chronic,arm3,C_L_4,-1.4101407679978408
cumulative_chronic,arm3,C_L_2,6.422334513614386
cumulative_chronic,arm3,C_L_5,-11.68853503002802
cumulative_chronic,arm3,C_L_3,-23.51407742179941
cumulative_chronic,arm3,C_OS1_4,2.471347457172579
cumulative_chronic,arm4,C_S16_2,2.304439080522811
cumulative_chronic,arm4,C_M16_1,4.195044477784898
cumulative_chronic,arm4,C_S30_2,3.8572623708404703
cumulative_chronic,arm4,C_OS1_5,-2.8434947761255125
cumulative_chronic,arm4,C_S16_1,1.899964015183023
cumulative_chronic,arm4,C_P1_4,-11.106669467420978
cumulative_chronic,arm4,C_M16_2,-1.4845565540568657
cumulative_chronic,arm4,C_NS_4,3.5821547168313677
cumulative_chronic,arm4,C_P1_5,-7.0110885963028835
cumulative_chronic,arm4,C_S30_1,4.915247458677948
cumulative_chronic,arm4,C_M16_3,7.001834665019933
cumulative_chronic,arm4,C_S16_3,5.947745607273711
cumulative_chronic,arm4,C_P1_6,7.582691188371117
cumulative_chronic,arm4,C_NS_5,1.4775309995969998
cumulative_chronic,arm4,C_NS_1,0.043330638910626953
cumulative_chronic,arm4,C_P1_1,-3.3601876138346163
cumulative_chronic,arm4,C_OS1_3,-3.2131880910321113
cumulative_chronic,arm4,C_NS_2,3.3418595918983502
cumulative_chronic,arm4,C_OS1_1,-8.218252057045115
cumulative_chronic,arm4,C_P1_2,-1.1900985276348908
cumulative_chronic,arm4,C_NS_3,3.6955448541591043
cumulative_chronic,arm4,C_OS1_2,4.088589604783096
cumulative_chronic,arm4,C_P1_3,4.1472401525117615
cumulative_chronic,arm4,C_L_1,0.37607897471638674
cumulative_chronic,arm4,C_L_4,-1.9432320594557524
cumulative_chronic,arm4,C_L_2,-1.2983183743988331
cumulative_chronic,arm4,C_L_5,-4.051718169973383
cumulative_chronic,arm4,C_L_3,-31.61849639201956
cumulative_chronic,arm4,C_OS1_4,-1.048116714604185
cumulative_chronic,arm5,C_S16_2,20.258826808786154
cumulative_chronic,arm5,C_M16_1,17.604829045866317
cumulative_chronic,arm5,C_S30_2,10.821119160547592
cumulative_chronic,arm5,C_OS1_5,-1.5051875608370304
cumulative_chronic,arm5,C_S16_1,6.281803302274873
cumulative_chronic,arm5,C_P1_4,-0.987926381977473
cumulative_chronic,arm5,C_M16_2,1.4470943591852437
cumulative_chronic,arm5,C_NS_4,18.68452568059536
cumulative_chronic,arm5,C_P1_5,-14.911734362537436
cumulative_chronic,arm5,C_S30_1,12.574656120519348
cumulative_chronic,arm5,C_M16_3,-0.2826700156231729
cumulative_chronic,arm5,C_S16_3,16.10801162999318
cumulative_chronic,arm5,C_P1_6,-0.5583731263394803
cumulative_chronic,arm5,C_NS_5,-0.39740274646945967
cumulative_chronic,arm5,C_NS_1,7.3801127116900265
cumulative_chronic,arm5,C_P1_1,-14.934751322232925
cumulative_chronic,arm5,C_OS1_3,-4.072623922180904
cumulative_chronic,arm5,C_NS_2,-1.894729490674955
cumulative_chronic,arm5,C_OS1_1,-8.1477575105131
cumulative_chronic,arm5,C_P1_2,-7.985219284216593
cumulative_chronic,arm5,C_NS_3,10.521487787475227
cumulative_chronic,arm5,C_OS1_2,2.9700042217976055
cumulative_chronic,arm5,C_P1_3,-7.072942860036617
cumulative_chronic,arm5,C_L_1,-3.9859181676773847
cumulative_chronic,arm5,C_L_4,-3.6961330202233795
cumulative_chronic,arm5,C_L_2,-2.6811535305751844
cumulative_chronic,arm5,C_L_5,-12.192017394221638
cumulative_chronic,arm5,C_L_3,-18.945125324882707
cumulative_chronic,arm5,C_OS1_4,-14.965969351883635
cumulative_chronic,arm6,C_S16_2,13.687066666666666
cumulative_chronic,arm6,C_M16_1,11.4639
cumulative_chronic,arm6,C_S30_2,2.9194666666666667
cumulative_chronic,arm6,C_OS1_5,5.2947999999999995
cumulative_chronic,arm6,C_S16_1,16.729266666666664
cumulative_chronic,arm6,C_P1_4,-5.6863
cumulative_chronic,arm6,C_M16_2,-0.0132666666666665
cumulative_chronic,arm6,C_NS_4,7.348533333333333
cumulative_chronic,arm6,C_P1_5,-7.040900000000001
cumulative_chronic,arm6,C_S30_1,5.3572
cumulative_chronic,arm6,C_M16_3,-9.491566666666666
cumulative_chronic,arm6,C_S16_3,4.936266666666667
cumulative_chronic,arm6,C_P1_6,-4.898633333333334
cumulative_chronic,arm6,C_NS_5,6.2632
cumulative_chronic,arm6,C_NS_1,4.277566666666666
cumulative_chronic,arm6,C_P1_1,-10.7399
cumulative_chronic,arm6,C_OS1_3,-5.305766666666666
cumulative_chronic,arm6,C_NS_2,6.859166666666667
cumulative_chronic,arm6,C_OS1_1,-6.581733333333333
cumulative_chronic,arm6,C_P1_2,-8.102633333333333
cumulative_chronic,arm6,C_NS_3,2.2538666666666667
cumulative_chronic,arm6,C_OS1_2,-0.6010666666666666
cumulative_chronic,arm6,C_P1_3,-10.227366666666668
cumulative_chronic,arm6,C_L_1,1.2687333333333333
cumulative_chronic,arm6,C_L_4,6.0927999999999995
cumulative_chronic,arm6,C_L_2,0.5801666666666666
cumulative_chronic,arm6,C_L_5,-7.4289
cumulative_chronic,arm6,C_L_3,-5.259366666666666
cumulative_chronic,arm6,C_OS1_4,-8.4689
cumulative_chronic,arm6b,C_S16_2,10.898327825752604
cumulative_chronic,arm6b,C_M16_1,15.395625582769496
cumulative_chronic,arm6b,C_S30_2,3.5976651728360274
cumulative_chronic,arm6b,C_OS1_5,10.627159158981287
cumulative_chronic,arm6b,C_S16_1,15.52929422301669
cumulative_chronic,arm6b,C_P1_4,-4.697678646186398
cumulative_chronic,arm6b,C_M16_2,0.702068919650194
cumulative_chronic,arm6b,C_NS_4,9.621368013698218
cumulative_chronic,arm6b,C_P1_5,-8.867526532669409
cumulative_chronic,arm6b,C_S30_1,9.962709640730232
cumulative_chronic,arm6b,C_M16_3,-2.716746353650738
cumulative_chronic,arm6b,C_S16_3,6.89198029251238
cumulative_chronic,arm6b,C_P1_6,-5.61124054228056
cumulative_chronic,arm6b,C_NS_5,4.191417401637099
cumulative_chronic,arm6b,C_NS_1,1.100526998978128
cumulative_chronic,arm6b,C_P1_1,-9.944230061954798
cumulative_chronic,arm6b,C_OS1_3,-4.097899385138648
cumulative_chronic,arm6b,C_NS_2,4.4787781818769385
cumulative_chronic,arm6b,C_OS1_1,-8.899410807353366
cumulative_chronic,arm6b,C_P1_2,-7.775368972482695
cumulative_chronic,arm6b,C_NS_3,1.1710262268475846
cumulative_chronic,arm6b,C_OS1_2,-2.1535527894142645
cumulative_chronic,arm6b,C_P1_3,-9.766169779611786
cumulative_chronic,arm6b,C_L_1,1.143133866315826
cumulative_chronic,arm6b,C_L_4,-1.447013203405786
cumulative_chronic,arm6b,C_L_2,1.5563103508105298
cumulative_chronic,arm6b,C_L_5,-6.673214188977327
cumulative_chronic,arm6b,C_L_3,-3.8007759127401215
cumulative_chronic,arm6b,C_OS1_4,-9.455521023066328
day_of_sacrifice,arm1,RR_R1_1,29.452846805618048
day_of_sacrifice,arm1,RR_P2M_1,30.834249664283153
day_of_sacrifice,arm1,RR_OS1_1,30.875
day_of_sacrifice,arm1,RR_MP_1,28.737157787122996
day_of_sacrifice,arm1,RR_CFA_1,28.062387086258934
day_of_sacrifice,arm1,RR_P1_1,32.82688792010763
day_of_sacrifice,arm1,RR_OS2_1,30.23770524210701
day_of_sacrifice,arm1,RR_P2M_2,31.757416360309957
day_of_sacrifice,arm1,RR_MP_2,29.004796377738575
day_of_sacrifice,arm1,RR_R1_2,29.3339434774608
day_of_sacrifice,arm1,RR_CFA_2,27.740241955099425
day_of_sacrifice,arm1,RR_P3_1,30.99864175548437
day_of_sacrifice,arm1,RR_OS2_2,30.147997023298785
day_of_sacrifice,arm1,RR_P1_2,34.23795114530355
day_of_sacrifice,arm1,RR_P3_2,29.71875
day_of_sacrifice,arm1,RR_CFA_3,26.944064364745437
day_of_sacrifice,arm1,RR_MP_3,28.81550347090378
day_of_sacrifice,arm1,RR_R2LONG_1,28.103672271011984
day_of_sacrifice,arm1,RR_P1_3,32.65007769711652
day_of_sacrifice,arm1,RR_MP_4,28.198355802959426
day_of_sacrifice,arm1,RR_P3_3,32.90409812880661
day_of_sacrifice,arm1,RR_P2_3,32.878470432847195
day_of_sacrifice,arm1,RR_OS1_2,28.905091067152746
day_of_sacrifice,arm1,RR_R1_3,28.877388752147933
day_of_sacrifice,arm1,RR_R1_4,29.71771787331965
day_of_sacrifice,arm1,RR_P2_4,33.410164891729586
day_of_sacrifice,arm1,RR_R2_4,29.41526098966368
day_of_sacrifice,arm1,RR_R2_3,29.568293108105408
day_of_sacrifice,arm1,RR_P1_5,35.868898478894195
day_of_sacrifice,arm1,RR_P3_5,29.6875
day_of_sacrifice,arm1,RR_R1_6,29.26046804850399
day_of_sacrifice,arm1,RR_R2_5,28.94277329777716
day_of_sacrifice,arm1,RR_P3_4,29.6875
day_of_sacrifice,arm2,RR_R1_1,-12.998564460502767
day_of_sacrifice,arm2,RR_P2M_1,4.212194835731596
day_of_sacrifice,arm2,RR_OS1_1,-17.33353200355569
day_of_sacrifice,arm2,RR_MP_1,12.20234751383486
day_of_sacrifice,arm2,RR_CFA_1,3.7209817872869344
day_of_sacrifice,arm2,RR_P1_1,-8.49512011308917
day_of_sacrifice,arm2,RR_OS2_1,-13.14394498295561
day_of_sacrifice,arm2,RR_P2M_2,7.486245758674363
day_of_sacrifice,arm2,RR_MP_2,3.114812740648093
day_of_sacrifice,arm2,RR_R1_2,8.292083774461368
day_of_sacrifice,arm2,RR_CFA_2,5.161575132116888
day_of_sacrifice,arm2,RR_P3_1,1.111126204859333
day_of_sacrifice,arm2,RR_OS2_2,-18.168695530048975
day_of_sacrifice,arm2,RR_P1_2,-14.464362924130125
day_of_sacrifice,arm2,RR_P3_2,3.960774851233606
day_of_sacrifice,arm2,RR_CFA_3,0.9549843289150132
day_of_sacrifice,arm2,RR_MP_3,7.230546349064985
day_of_sacrifice,arm2,RR_R2LONG_1,13.73793447097632
day_of_sacrifice,arm2,RR_P1_3,-15.26643288653771
day_of_sacrifice,arm2,RR_MP_4,-0.4712737812961041
day_of_sacrifice,arm2,RR_P3_3,5.847218377012779
day_of_sacrifice,arm2,RR_P2_3,-6.849974203662088
day_of_sacrifice,arm2,RR_OS1_2,-8.480925178130533
day_of_sacrifice,arm2,RR_R1_3,-6.890393304622924
day_of_sacrifice,arm2,RR_R1_4,1.0576491654253957
day_of_sacrifice,arm2,RR_P2_4,-8.581871514757468
day_of_sacrifice,arm2,RR_R2_4,7.237224892184271
day_of_sacrifice,arm2,RR_R2_3,10.043074728997402
day_of_sacrifice,arm2,RR_P1_5,-14.735101127578101
day_of_sacrifice,arm2,RR_P3_5,20.56076854925687
day_of_sacrifice,arm2,RR_R1_6,-3.784707743932002
day_of_sacrifice,arm2,RR_R2_5,10.255793046431387
day_of_sacrifice,arm2,RR_P3_4,22.41943571805261
day_of_sacrifice,arm2r,RR_R1_1,-11.923399016657905
day_of_sacrifice,arm2r,RR_P2M_1,5.210590782763654
day_of_sacrifice,arm2r,RR_OS1_1,-15.960691132278109
day_of_sacrifice,arm2r,RR_MP_1,13.832534194611888
day_of_sacrifice,arm2r,RR_CFA_1,5.398688885353717
day_of_sacrifice,arm2r,RR_P1_1,-6.438114568551602
day_of_sacrifice,arm2r,RR_OS2_1,-12.238773980787673
day_of_sacrifice,arm2r,RR_P2M_2,10.246906930117841
day_of_sacrifice,arm2r,RR_MP_2,5.409103309052775
day_of_sacrifice,arm2r,RR_R1_2,9.01835234656813
day_of_sacrifice,arm2r,RR_CFA_2,6.52605289815789
day_of_sacrifice,arm2r,RR_P3_1,5.095472709031571
day_of_sacrifice,arm2r,RR_OS2_2,-17.13190242221841
day_of_sacrifice,arm2r,RR_P1_2,-14.289862089260366
day_of_sacrifice,arm2r,RR_P3_2,8.365137026052706
day_of_sacrifice,arm2r,RR_CFA_3,1.358516194025424
day_of_sacrifice,arm2r,RR_MP_3,8.472098916855064
day_of_sacrifice,arm2r,RR_R2LONG_1,14.306781683264585
day_of_sacrifice,arm2r,RR_P1_3,-10.143530823189387
day_of_sacrifice,arm2r,RR_MP_4,-1.3719909989024877
day_of_sacrifice,arm2r,RR_P3_3,9.005644127024159
day_of_sacrifice,arm2r,RR_P2_3,-8.670368287707541
day_of_sacrifice,arm2r,RR_OS1_2,-6.117644004113677
day_of_sacrifice,arm2r,RR_R1_3,-5.607571475714382
day_of_sacrifice,arm2r,RR_R1_4,-6.654958528066025
day_of_sacrifice,arm2r,RR_P2_4,-14.044009748785019
day_of_sacrifice,arm2r,RR_R2_4,1.5273508414714292
day_of_sacrifice,arm2r,RR_R2_3,4.048209607817926
day_of_sacrifice,arm2r,RR_P1_5,-13.687351394868724
day_of_sacrifice,arm2r,RR_P3_5,17.445703036706085
day_of_sacrifice,arm2r,RR_R1_6,-14.055917710339859
day_of_sacrifice,arm2r,RR_R2_5,10.026995384225229
day_of_sacrifice,arm2r,RR_P3_4,22.113127721068984
day_of_sacrifice,arm3,RR_R1_1,-14.961160019142248
day_of_sacrifice,arm3,RR_P2M_1,13.207736348675978
day_of_sacrifice,arm3,RR_OS1_1,-10.7200928516156
day_of_sacrifice,arm3,RR_MP_1,10.12763535718722
day_of_sacrifice,arm3,RR_CFA_1,0.4131142924000205
day_of_sacrifice,arm3,RR_P1_1,6.0051526931631765
day_of_sacrifice,arm3,RR_OS2_1,-11.038286443384662
day_of_sacrifice,arm3,RR_P2M_2,7.645502606487397
day_of_sacrifice,arm3,RR_MP_2,0.18347467744842966
day_of_sacrifice,arm3,RR_R1_2,-6.539181077241783
day_of_sacrifice,arm3,RR_CFA_2,4.275697965773153
day_of_sacrifice,arm3,RR_P3_1,-0.43483351961373723
day_of_sacrifice,arm3,RR_OS2_2,-14.362661732630832
day_of_sacrifice,arm3,RR_P1_2,-6.416707570137705
day_of_sacrifice,arm3,RR_P3_2,3.9333226412817606
day_of_sacrifice,arm3,RR_CFA_3,4.522890776307377
day_of_sacrifice,arm3,RR_MP_3,5.327410761275039
day_of_sacrifice,arm3,RR_R2LONG_1,7.920362330940836
day_of_sacrifice,arm3,RR_P1_3,-15.832363539654416
day_of_sacrifice,arm3,RR_MP_4,-4.9491424162529905
day_of_sacrifice,arm3,RR_P3_3,-2.933315579408297
day_of_sacrifice,arm3,RR_P2_3,-5.84879265024247
day_of_sacrifice,arm3,RR_OS1_2,-3.5874461301196323
day_of_sacrifice,arm3,RR_R1_3,-6.748240661512625
day_of_sacrifice,arm3,RR_R1_4,2.929180946493087
day_of_sacrifice,arm3,RR_P2_4,-13.953514150713149
day_of_sacrifice,arm3,RR_R2_4,8.92859387924456
day_of_sacrifice,arm3,RR_R2_3,11.097802437183127
day_of_sacrifice,arm3,RR_P1_5,-6.083992617467011
day_of_sacrifice,arm3,RR_P3_5,30.140274923004533
day_of_sacrifice,arm3,RR_R1_6,-0.33484272036677154
day_of_sacrifice,arm3,RR_R2_5,7.593707559785887
day_of_sacrifice,arm3,RR_P3_4,8.414449653919247
day_of_sacrifice,arm4,RR_R1_1,-5.127990760556838
day_of_sacrifice,arm4,RR_P2M_1,6.863663144627133
day_of_sacrifice,arm4,RR_OS1_1,-2.4690605421364107
day_of_sacrifice,arm4,RR_MP_1,9.259162739464157
day_of_sacrifice,arm4,RR_CFA_1,-0.8537028763663035
day_of_sacrifice,arm4,RR_P1_1,-4.610375924468982
day_of_sacrifice,arm4,RR_OS2_1,-0.16909363479745498
day_of_sacrifice,arm4,RR_P2M_2,7.115224330083817
day_of_sacrifice,arm4,RR_MP_2,1.4852548484843113
day_of_sacrifice,arm4,RR_R1_2,-5.13359261512966
day_of_sacrifice,arm4,RR_CFA_2,0.48468324371062843
day_of_sacrifice,arm4,RR_P3_1,-3.6444936211388734
day_of_sacrifice,arm4,RR_OS2_2,-3.5276460700866736
day_of_sacrifice,arm4,RR_P1_2,-4.422740618590416
day_of_sacrifice,arm4,RR_P3_2,-11.14760586494505
day_of_sacrifice,arm4,RR_CFA_3,-10.261749458603726
day_of_sacrifice,arm4,RR_MP_3,4.192599197069149
day_of_sacrifice,arm4,RR_R2LONG_1,4.767659767942188
day_of_sacrifice,arm4,RR_P1_3,-12.46650506021913
day_of_sacrifice,arm4,RR_MP_4,-0.8218035710196218
day_of_sacrifice,arm4,RR_P3_3,5.647944078714004
day_of_sacrifice,arm4,RR_P2_3,-27.044828511200024
day_of_sacrifice,arm4,RR_OS1_2,-5.251062796650599
day_of_sacrifice,arm4,RR_R1_3,-1.4451278359852386
day_of_sacrifice,arm4,RR_R1_4,-0.3239509682284786
day_of_sacrifice,arm4,RR_P2_4,-6.180037540248652
day_of_sacrifice,arm4,RR_R2_4,2.0034141147815654
day_of_sacrifice,arm4,RR_R2_3,6.736570529407712
day_of_sacrifice,arm4,RR_P1_5,0.016871799147477343
day_of_sacrifice,arm4,RR_P3_5,19.75877853113289
day_of_sacrifice,arm4,RR_R1_6,-4.052100368963574
day_of_sacrifice,arm4,RR_R2_5,4.4759296320919955
day_of_sacrifice,arm4,RR_P3_4,1.9831540518374928
day_of_sacrifice,arm5,RR_R1_1,-12.541576926512484
day_of_sacrifice,arm5,RR_P2M_1,4.118234656748222
day_of_sacrifice,arm5,RR_OS1_1,-18.395400537935103
day_of_sacrifice,arm5,RR_MP_1,12.312701690915407
day_of_sacrifice,arm5,RR_CFA_1,4.237608810164833
day_of_sacrifice,arm5,RR_P1_1,-7.607742262000419
day_of_sacrifice,arm5,RR_OS2_1,-12.734624537648752
day_of_sacrifice,arm5,RR_P2M_2,7.113619275752655
day_of_sacrifice,arm5,RR_MP_2,3.0165581745754917
day_of_sacrifice,arm5,RR_R1_2,7.899195459559626
day_of_sacrifice,arm5,RR_CFA_2,5.39191743697017
day_of_sacrifice,arm5,RR_P3_1,0.14443403647556624
day_of_sacrifice,arm5,RR_OS2_2,-18.063388952745658
day_of_sacrifice,arm5,RR_P1_2,-14.730253826501327
day_of_sacrifice,arm5,RR_P3_2,2.2094895213020034
day_of_sacrifice,arm5,RR_CFA_3,0.9349974315476965
day_of_sacrifice,arm5,RR_MP_3,6.972922813420981
day_of_sacrifice,arm5,RR_R2LONG_1,13.502608559268566
day_of_sacrifice,arm5,RR_P1_3,-14.76868945557739
day_of_sacrifice,arm5,RR_MP_4,-0.2842823886496155
day_of_sacrifice,arm5,RR_P3_3,5.700850783248284
day_of_sacrifice,arm5,RR_P2_3,-7.184781014966968
day_of_sacrifice,arm5,RR_OS1_2,-8.818704544168149
day_of_sacrifice,arm5,RR_R1_3,-6.919251051699519
day_of_sacrifice,arm5,RR_R1_4,1.215284760574429
day_of_sacrifice,arm5,RR_P2_4,-8.280084033264247
day_of_sacrifice,arm5,RR_R2_4,7.521432689426564
day_of_sacrifice,arm5,RR_R2_3,9.649167263535215
day_of_sacrifice,arm5,RR_P1_5,-14.921460264648948
day_of_sacrifice,arm5,RR_P3_5,22.45124371452781
day_of_sacrifice,arm5,RR_R1_6,-4.227028199251955
day_of_sacrifice,arm5,RR_R2_5,10.47151371876974
day_of_sacrifice,arm5,RR_P3_4,20.8377632756146
day_of_sacrifice,arm6,RR_R1_1,-12.2495
day_of_sacrifice,arm6,RR_P2M_1,0.6946333333333333
day_of_sacrifice,arm6,RR_OS1_1,-9.446599999999998
day_of_sacrifice,arm6,RR_MP_1,8.8666
day_of_sacrifice,arm6,RR_CFA_1,4.092233333333334
day_of_sacrifice,arm6,RR_P1_1,-6.050999999999999
day_of_sacrifice,arm6,RR_OS2_1,-14.7496
day_of_sacrifice,arm6,RR_P2M_2,6.843299999999999
day_of_sacrifice,arm6,RR_MP_2,3.803700000000001
day_of_sacrifice,arm6,RR_R1_2,5.962133333333333
day_of_sacrifice,arm6,RR_CFA_2,4.338666666666667
day_of_sacrifice,arm6,RR_P3_1,2.5234
day_of_sacrifice,arm6,RR_OS2_2,-14.2037
day_of_sacrifice,arm6,RR_P1_2,-14.209966666666668
day_of_sacrifice,arm6,RR_P3_2,15.341166666666666
day_of_sacrifice,arm6,RR_CFA_3,3.007733333333333
day_of_sacrifice,arm6,RR_MP_3,8.9203
day_of_sacrifice,arm6,RR_R2LONG_1,10.4955
day_of_sacrifice,arm6,RR_P1_3,-14.256
day_of_sacrifice,arm6,RR_MP_4,1.4411333333333334
day_of_sacrifice,arm6,RR_P3_3,1.8532
day_of_sacrifice,arm6,RR_P2_3,-4.105766666666667
day_of_sacrifice,arm6,RR_OS1_2,-8.295533333333333
day_of_sacrifice,arm6,RR_R1_3,-10.000933333333334
day_of_sacrifice,arm6,RR_R1_4,-0.5187333333333335
day_of_sacrifice,arm6,RR_P2_4,-6.655166666666666
day_of_sacrifice,arm6,RR_R2_4,15.1685
day_of_sacrifice,arm6,RR_R2_3,10.766666666666666
day_of_sacrifice,arm6,RR_P1_5,-18.147166666666667
day_of_sacrifice,arm6,RR_P3_5,16.635866666666665
day_of_sacrifice,arm6,RR_R1_6,-3.476700000000001
day_of_sacrifice,arm6,RR_R2_5,9.809166666666668
day_of_sacrifice,arm6,RR_P3_4,15.1922
day_of_sacrifice,arm6b,RR_R1_1,-10.814050684283336
day_of_sacrifice,arm6b,RR_P2M_1,3.340691804697624
day_of_sacrifice,arm6b,RR_OS1_1,-9.544965958627971
day_of_sacrifice,arm6b,RR_MP_1,10.456656709179322
day_of_sacrifice,arm6b,RR_CFA_1,4.387650653523876
day_of_sacrifice,arm6b,RR_P1_1,-9.594473687500262
day_of_sacrifice,arm6b,RR_OS2_1,-15.868027546128138
day_of_sacrifice,arm6b,RR_P2M_2,8.576595778983988
day_of_sacrifice,arm6b,RR_MP_2,6.595237318295818
day_of_sacrifice,arm6b,RR_R1_2,5.018011936191165
day_of_sacrifice,arm6b,RR_CFA_2,5.998266454268124
day_of_sacrifice,arm6b,RR_P3_1,-0.6148920212126611
day_of_sacrifice,arm6b,RR_OS2_2,-11.897279838724554
day_of_sacrifice,arm6b,RR_P1_2,-17.48263574075954
day_of_sacrifice,arm6b,RR_P3_2,12.662917965617831
day_of_sacrifice,arm6b,RR_CFA_3,1.445800908013208
day_of_sacrifice,arm6b,RR_MP_3,5.411832082944912
day_of_sacrifice,arm6b,RR_R2LONG_1,9.284229290104657
day_of_sacrifice,arm6b,RR_P1_3,-15.42731300729764
day_of_sacrifice,arm6b,RR_MP_4,1.310410929171475
day_of_sacrifice,arm6b,RR_P3_3,0.6621074684536964
day_of_sacrifice,arm6b,RR_P2_3,-5.544040015712323
day_of_sacrifice,arm6b,RR_OS1_2,-2.856124571697495
day_of_sacrifice,arm6b,RR_R1_3,-7.288950773057108
day_of_sacrifice,arm6b,RR_R1_4,1.621048707187168
day_of_sacrifice,arm6b,RR_P2_4,-7.530943360684032
day_of_sacrifice,arm6b,RR_R2_4,13.003211850148004
day_of_sacrifice,arm6b,RR_R2_3,9.656257372062797
day_of_sacrifice,arm6b,RR_P1_5,-12.66387497460514
day_of_sacrifice,arm6b,RR_P3_5,15.080039109321383
day_of_sacrifice,arm6b,RR_R1_6,0.9317933833829786
day_of_sacrifice,arm6b,RR_R2_5,10.141019986909892
day_of_sacrifice,arm6b,RR_P3_4,14.6093136925925
