sample_name,sheet_name,animal_id,model,condition,stage,sex,day_of_sacrifice,score_sacrifice,sheet_dos_mismatch,sheet_score_mismatch,sacrifice_point_imputed,onset_censored,onset_day,first_symptom_day,disease_duration,peak_score,peak_day,cumulative_score,cumulative_since_onset,n_relapses_r1,n_relapses_strict,days_since_last_peak,slope_at_sacrifice,slope_class,weight_baseline,max_weight_loss,score_coverage,expected_relapses_stage,n_relapses_stage,section_relabel_flag,fpc1,fpc2,fpc3
C_CFA_1,C_CFA_1,872021,CHRONIC,CONTROL,MOG CFA,M,9.0,0.0,False,False,False,False,,,,0.0,0.0,0.0,,0,0,,0.0,plateau,29.1,0.9931271477663229,1.0,0.0,0.0,False,,,
C_CFA_2,C_CFA_2,872022,CHRONIC,CONTROL,MOG CFA,M,9.0,0.0,False,False,False,False,,,,0.0,0.0,0.0,,0,0,,0.0,plateau,28.5,0.9859649122807018,1.0,0.0,0.0,False,,,
C_CFA_3,C_CFA_3,872023,CHRONIC,CONTROL,MOG CFA,F,8.0,0.0,False,False,False,False,,,,0.0,0.0,0.0,,0,0,,0.0,plateau,20.55,0.9635036496350365,1.0,0.0,0.0,False,,,
C_CFA_4,C_CFA_4,1058089,CHRONIC,CONTROL,CFA,F,16.0,0.0,False,False,False,False,,,,0.0,0.0,0.0,,0,0,,0.0,plateau,19.666666666666668,0.9864406779661016,1.0,0.0,0.0,False,,,
C_CFA_6,C_CFA_6,1058076,CHRONIC,CONTROL,CFA,M,17.0,0.0,False,False,False,False,,,,0.0,0.0,0.0,,0,0,,0.0,plateau,25.8,0.9844961240310077,1.0,0.0,0.0,False,,,
C_L_1,C_M30_1,872011,CHRONIC,EAE,MILD30,M,43.0,1.0,False,False,False,False,13.0,13.0,30.0,3.0,19.0,50.5,50.25,1,1,2.0,-0.24999999999999903,descending,27.6,0.8876811594202898,1.0,0.0,0.0,False,-0.45256767079694016,0.39326648933188163,1.4067415299852002
C_L_2,C_M30_2,872016,CHRONIC,EAE,MILD30,M,45.0,1.0,False,False,False,False,15.0,15.0,30.0,2.0,29.0,37.25,36.875,0,2,12.0,-0.1250000000000004,descending,25.15,0.9582504970178928,1.0,0.0,0.0,False,-3.270666018523542,-0.0017934791515672114,-0.5221444604379968
C_L_3,C_M30_3,872017,CHRONIC,EAE,MILD30,M,45.0,1.0,False,False,False,False,15.0,15.0,30.0,3.0,30.0,45.25,45.0,2,2,4.0,-0.5000000000000016,descending,24.65,0.9006085192697769,1.0,0.0,0.0,False,-2.0478150138049074,-2.953418999028385,-0.7122954548596673
C_L_4,C_M30_4,872025,CHRONIC,EAE,MILD30,F,50.0,1.0,False,False,False,False,20.0,20.0,30.0,3.0,31.0,40.25,39.5,1,1,17.0,6.857727405823363e-17,ascending,20.65,0.9394673123486683,1.0,0.0,0.0,False,-2.8074339308039775,1.2614147919354268,-1.7356696580601403
C_L_5,C_M30_5,872030,CHRONIC,EAE,MILD30,F,46.0,1.0,False,False,False,False,16.0,16.0,30.0,2.0,20.0,35.5,35.125,0,0,14.0,-1.444877148007128e-15,descending,22.05,0.979591836734694,1.0,0.0,0.0,False,-3.5518853127863306,0.05707271872835529,-0.05319332063728107
C_M16_1,C_M16_1,1058085,CHRONIC,EAE,MILD16,M,28.0,1.5,False,False,True,False,12.0,12.0,16.0,2.0,17.0,24.25,24.0,0,0,11.0,8.160568058087458e-17,ascending,24.2,0.9297520661157025,0.9310344827586207,0.0,0.0,True,-2.6080150853303548,0.49924451490477045,0.4913686357377741
C_M16_2,C_M16_2,1058093,CHRONIC,EAE,MILD16,F,27.0,1.25,False,False,True,False,12.0,11.0,15.0,2.5,16.0,24.625,24.125,0,0,11.0,-6.135668254606773e-17,descending,19.233333333333334,0.8838821490467937,0.9285714285714286,0.0,0.0,True,-1.75778097428517,0.08631162690862867,0.20949321538614274
C_M16_3,C_M16_3,1058095,CHRONIC,EAE,MILD16,F,27.0,1.25,False,False,True,False,12.0,11.0,15.0,2.0,16.0,20.625,20.125,0,0,11.0,-6.135668254606773e-17,descending,18.46666666666667,0.963898916967509,0.9285714285714286,0.0,0.0,False,-3.1286803624433794,0.0037435031013910735,0.743343470679122
C_NS_1,C_NS_1,872006,CHRONIC,EAE,NONSYMPTOM,M,9.0,0.0,False,False,False,False,,,,0.0,0.0,0.0,,0,0,,0.0,plateau,27.95,0.998211091234347,1.0,0.0,0.0,False,,,
C_NS_2,C_NS_2,872007,CHRONIC,EAE,NONSYMPTOM,M,9.0,0.0,False,False,False,False,,,,0.0,0.0,0.0,,0,0,,0.0,plateau,26.05,0.9980806142034548,1.0,0.0,0.0,False,,,
C_NS_3,C_NS_3,872008,CHRONIC,EAE,NONSYMPTOM,M,9.0,0.0,False,False,False,False,,,,0.0,0.0,0.0,,0,0,,0.0,plateau,21.450000000000003,0.9836829836829836,1.0,0.0,0.0,False,,,
C_NS_4,C_NS_4,1058069,CHRONIC,EAE,NONSYMPTOM,M,8.0,0.0,False,False,False,False,,,,0.0,0.0,0.0,,0,0,,0.0,plateau,25.733333333333334,0.9870466321243523,1.0,0.0,0.0,False,,,
C_NS_5,C_NS_5,1058073,CHRONIC,EAE,NONSYMPTOM,M,8.0,0.0,False,False,False,False,,,,0.0,0.0,0.0,,0,0,,0.0,plateau,23.76666666666667,0.976157082748948,1.0,0.0,0.0,False,,,
C_OS1_1,C_OS1_1,872013,CHRONIC,EAE,OS1,M,14.0,0.5,False,False,False,True,14.0,14.0,0.0,0.5,14.0,0.25,0.0,0,0,0.0,0.24999999999999903,ascending,27.25,0.9669724770642202,1.0,0.0,0.0,False,-0.21785173819126202,-0.3005855121042937,0.344215120400426
C_OS1_2,C_OS1_2,872015,CHRONIC,EAE,OS1,M,12.0,0.5,False,False,True,False,6.0,6.0,6.0,0.5,6.0,3.25,3.0,0,0,6.0,,,27.25,0.9908256880733946,0.6153846153846154,0.0,0.0,False,-5.498381827851484,-1.4171218977201585,-0.5059547507892778
C_OS1_3,C_OS1_3,872019,CHRONIC,EAE,OS1,M,12.0,0.5,False,False,False,True,12.0,12.0,0.0,0.5,12.0,0.25,0.0,0,0,0.0,0.25000000000000017,ascending,27.35,0.9762340036563071,1.0,0.0,0.0,False,-0.21785173819126202,-0.3005855121042937,0.344215120400426
C_OS1_4,C_OS1_4,872034,CHRONIC,EAE,OS1,F,14.0,0.5,False,False,False,False,13.0,13.0,1.0,0.5,13.0,0.75,0.5,0,0,1.0,0.24999999999999936,ascending,21.35,0.9742388758782201,1.0,0.0,0.0,False,-4.040966970636111,-0.13709913526058298,0.39612063512473655
C_OS1_5,C_OS1_5,1058067,CHRONIC,EAE,OS1,M,10.0,0.25,False,False,False,False,,10.0,,0.25,10.0,0.125,,0,0,,0.125,ascending,25.599999999999998,0.9882812500000001,1.0,0.0,0.0,False,,,
C_P1_1,C_P1_1,872009,CHRONIC,EAE,PEAK1,M,16.0,3.0,False,False,False,False,13.0,13.0,3.0,3.0,15.0,6.0,5.75,0,0,1.0,1.0000000000000007,ascending,26.45,0.9020793950850662,1.0,0.0,0.0,False,3.5672829444825127,-0.39090763441993515,1.342714927388311
C_P1_2,C_P1_2,872020,CHRONIC,EAE,PEAK1,M,18.0,3.0,False,False,False,False,11.0,11.0,7.0,3.0,17.0,13.5,13.25,0,0,1.0,0.2500000000000006,ascending,24.7,0.8461538461538461,1.0,0.0,0.0,False,-1.0725563913199607,2.343875092143508,1.3377673982243046
C_P1_3,C_P1_3,872036,CHRONIC,EAE,PEAK1,F,18.0,3.0,False,False,False,False,13.0,13.0,5.0,3.0,18.0,10.0,9.75,0,0,0.0,0.5000000000000016,ascending,21.3,0.9309859154929576,1.0,0.0,0.0,False,0.5140300036890633,1.3838593470395226,0.8460978406843453
C_P1_4,C_P1_4,1058075,CHRONIC,EAE,PEAK1,M,13.0,2.5,False,False,False,False,11.0,11.0,2.0,2.5,13.0,3.75,3.375,0,0,0.0,0.8750000000000004,ascending,23.933333333333334,0.8899721448467967,1.0,0.0,0.0,False,2.2414143614209663,0.07301437791920823,-0.15914294776308538
C_P1_5,C_P1_5,1058087,CHRONIC,EAE,PEAK1,F,15.0,3.0,False,False,False,False,11.0,11.0,4.0,3.0,15.0,7.75,7.5,0,0,0.0,0.5000000000000001,ascending,19.7,0.868020304568528,1.0,0.0,0.0,False,1.6749371515615927,0.9154857430019829,1.7410706070971496
C_P1_6,C_P1_6,1058097,CHRONIC,EAE,PEAK1,F,15.0,3.25,False,False,False,False,11.0,10.0,4.0,3.25,15.0,8.875,8.125,0,0,0.0,0.5000000000000008,ascending,20.233333333333334,0.7660626029654036,1.0,0.0,0.0,False,1.9747548950200895,2.7988251762074112,1.1660195361120744
C_S16_1,C_S16_1,1058070,CHRONIC,EAE,SEVERE16,M,29.0,2.5,False,False,True,False,13.0,13.0,16.0,3.5,18.0,40.25,40.0,0,0,11.0,-2.190328499387055e-16,descending,26.5,0.8603773584905661,0.9333333333333333,0.0,0.0,False,2.435780366421208,0.480641702479964,1.0005545078596283
C_S16_2,C_S16_2,1058081,CHRONIC,EAE,SEVERE16,M,28.0,2.5,False,False,True,False,13.0,12.0,15.0,3.5,22.0,43.5,42.75,0,0,6.0,-1.2979711695804108e-16,descending,26.099999999999998,0.8429118773946361,0.9310344827586207,0.0,0.0,False,4.325849753434482,0.6595932954308517,-0.5409825152209452
C_S16_3,C_S16_3,1058099,CHRONIC,EAE,SEVERE16,F,28.0,2.5,False,False,True,False,12.0,12.0,16.0,3.5,18.0,44.0,43.75,0,0,10.0,-1.2979711695804108e-16,descending,20.466666666666665,0.8110749185667754,0.9310344827586207,0.0,0.0,False,4.090998371851784,-0.07069806082261679,0.19171410642952766
C_S30_1,C_S30_1,1058106,CHRONIC,EAE,SEVERE30,M,41.0,2.5,False,False,True,False,11.0,10.0,30.0,3.5,17.0,82.25,81.5,0,0,24.0,2.648703433496725e-16,ascending,26.433333333333334,0.832282471626734,0.9523809523809523,0.0,0.0,False,5.019591581758455,-0.016298815273334693,-0.6651005590585669
C_S30_2,C_S30_2,1058104,CHRONIC,EAE,SEVERE30,F,41.0,2.25,False,False,True,False,11.0,11.0,30.0,3.5,18.0,77.125,76.625,0,0,23.0,-2.4861658209250923e-17,descending,19.033333333333335,0.8879159369527144,0.9523809523809523,0.0,0.0,False,4.196064709009073,0.08996310592357763,-0.49569329713841354
RR_CFA_1,RR_CFA_1,925395,RELAPSE REMITTING,CONTROL,PLP CFA,M,33.0,0.0,False,False,False,False,,,,0.0,0.0,0.0,,0,0,,0.0,plateau,30.813333333333333,0.987559498052791,1.0,,,False,,,
RR_CFA_2,RR_CFA_2,928969,RELAPSE REMITTING,CONTROL,PLP CFA,M,33.0,0.0,False,False,False,False,,,,0.0,0.0,0.0,,0,0,,0.0,plateau,29.02333333333333,0.998506948432296,1.0,,,False,,,
RR_CFA_3,RR_CFA_3,928972,RELAPSE REMITTING,CONTROL,PLP CFA,F,33.0,0.0,False,False,False,False,,,,0.0,0.0,0.0,,0,0,,0.0,plateau,20.713333333333335,0.9655616350177019,1.0,,,False,,,
RR_MP_1,RR_MP_1,925398,RELAPSE REMITTING,EAE,MONOPHASIC,M,33.0,0.5,False,False,False,False,14.0,14.0,19.0,2.25,17.0,18.0,17.75,0,1,4.0,-0.12500000000000047,descending,28.296666666666663,0.8198845564848628,1.0,0.0,0.0,False,-2.400225228323004,-0.6842697169480628,1.0019706988687107
RR_MP_2,RR_MP_2,925399,RELAPSE REMITTING,EAE,MONOPHASIC,M,33.0,0.75,False,False,False,False,15.0,15.0,18.0,2.5,19.0,24.625,24.125,0,1,6.0,3.140026084377909e-17,ascending,31.043333333333333,0.8159561902716632,1.0,0.0,0.0,False,-1.0183149587984601,0.3670941947923265,0.9374455030116826
RR_MP_3,RR_MP_3,928970,RELAPSE REMITTING,EAE,MONOPHASIC,M,32.0,0.75,False,True,False,False,13.0,13.0,19.0,2.75,16.0,21.625,21.375,0,1,1.0,-3.237057524598809e-17,descending,28.209999999999997,0.8649415101028004,1.0,0.0,0.0,False,-1.7416157872648172,-0.4342961658663634,0.5588118440338948
RR_MP_4,RR_MP_4,928975,RELAPSE REMITTING,EAE,MONOPHASIC,F,33.0,0.5,False,False,False,False,13.0,13.0,20.0,2.5,15.0,20.0,19.5,0,1,4.0,-2.6376461645892987e-17,descending,20.896666666666665,0.7872068910512043,1.0,0.0,0.0,False,-3.1421298436757965,-0.6056857026083596,-0.1694818629443295
RR_OS1_1,RR_OS1_1,936822,RELAPSE REMITTING,EAE,ONSET1,M,11.0,0.25,False,False,False,False,,11.0,,0.25,11.0,0.125,,0,0,,0.1250000000000002,ascending,27.070000000000004,0.9752493535278904,1.0,0.0,0.0,False,,,
RR_OS1_2,RR_OS1_2,936826,RELAPSE REMITTING,EAE,ONSET1,F,15.0,0.25,False,False,False,False,,15.0,,0.25,15.0,0.125,,0,0,,0.12500000000000014,ascending,18.48,0.9632034632034632,1.0,0.0,0.0,False,,,
RR_OS2_1,RR_OS2_1,936823,RELAPSE REMITTING,EAE,ONSET2,M,13.0,1.0,False,False,False,True,13.0,13.0,0.0,1.0,13.0,0.5,0.0,0,0,0.0,0.5000000000000002,ascending,26.923333333333332,0.96384796335273,1.0,0.0,0.0,False,-0.1419507737653318,-0.29803130644857706,0.2303585061323724
RR_OS2_2,RR_OS2_2,936828,RELAPSE REMITTING,EAE,ONSET2,F,13.0,1.0,False,False,False,True,13.0,13.0,0.0,1.0,13.0,0.5,0.0,0,0,0.0,0.5000000000000002,ascending,19.206666666666667,0.9553974314474142,1.0,0.0,0.0,False,-0.1419507737653318,-0.29803130644857706,0.2303585061323724
RR_P1_1,RR_P1_1,934049,RELAPSE REMITTING,EAE,PEAK1,M,18.0,2.5,False,False,False,False,13.0,13.0,5.0,2.75,17.0,11.25,11.0,0,0,1.0,-1.2147060018483267e-16,descending,27.97666666666667,0.7613487430001191,1.0,0.0,0.0,False,0.36526097468889257,0.17549834685757257,-0.6505958334534183
RR_P1_2,RR_P1_2,934050,RELAPSE REMITTING,EAE,PEAK1,M,17.0,3.0,False,False,False,False,14.0,14.0,3.0,3.0,17.0,7.0,6.5,0,0,0.0,0.49999999999999817,ascending,25.583333333333332,0.7680781758957654,1.0,0.0,0.0,False,0.35193463371251243,0.3112524735531834,-0.6529918398041274
RR_P1_3,RR_P1_3,934052,RELAPSE REMITTING,EAE,PEAK1,F,18.0,2.25,False,False,False,False,14.0,14.0,4.0,2.5,17.0,6.625,6.375,0,0,1.0,0.3750000000000007,ascending,19.176666666666666,0.8134886146358422,1.0,0.0,0.0,False,-0.24225307771187915,0.3918415866213166,1.1191309773399176
RR_P1_5,RR_P1_5,1015235,RELAPSE REMITTING,EAE,PEAK1,M,14.0,3.25,False,False,False,False,11.0,11.0,3.0,3.25,14.0,6.375,6.125,0,0,0.0,0.624999999999998,ascending,27.849999999999998,0.865350089766607,1.0,0.0,0.0,False,0.8615195881756691,1.1619698761979027,-0.4721054379331306
RR_P2M_1,RR_P2M_1,925396,RELAPSE REMITTING,EAE,PEAK2_MILD,M,31.0,1.75,False,False,False,False,14.0,14.0,17.0,2.5,17.0,25.875,25.625,1,1,3.0,-1.1034435896555407e-16,descending,29.453333333333337,0.8267315527387958,1.0,1.0,1.0,False,2.2390890671088606,-2.8555558842152866,1.5381996926320898
RR_P2M_2,RR_P2M_2,925397,RELAPSE REMITTING,EAE,PEAK2_MILD,M,31.0,2.25,False,False,False,False,12.0,12.0,19.0,3.0,16.0,35.375,35.125,1,1,3.0,-3.496664663800942e-16,descending,30.893333333333334,0.7930513595166163,1.0,1.0,1.0,False,1.9885523407025556,-0.16487668742321732,-0.7312825480309545
RR_P2_3,RR_P2_3,928973,RELAPSE REMITTING,EAE,PEAK2,F,33.0,2.75,False,False,False,False,12.0,12.0,21.0,2.75,33.0,22.625,22.375,1,1,0.0,1.1250000000000038,ascending,22.430000000000003,0.7489968791796701,1.0,1.0,1.0,False,-2.053307908335366,-0.6117153770924706,1.1429406795912604
RR_P2_4,RR_P2_4,1013393,RELAPSE REMITTING,EAE,PEAK2,M,32.0,3.0,False,False,False,False,12.0,11.0,20.0,3.0,16.0,43.75,43.25,1,1,0.0,0.6250000000000011,ascending,30.983333333333334,0.7972027972027972,1.0,1.0,1.0,False,2.820585118837044,2.913392588852847,0.12119410431024544
RR_P3_1,RR_P3_1,917305,RELAPSE REMITTING,EAE,PEAK3,M,48.0,2.5,False,False,False,False,14.0,14.0,34.0,3.0,16.0,61.0,60.625,2,2,1.0,0.24999999999999808,ascending,29.563333333333333,0.8354944187619799,1.0,2.0,2.0,False,2.1977471975077525,-0.6429561708484749,-0.3343089257734385
RR_P3_2,RR_P3_2,917307,RELAPSE REMITTING,EAE,PEAK3,M,48.0,3.0,False,False,False,False,14.0,14.0,34.0,3.0,18.0,55.5,55.25,2,2,1.0,0.124999999999999,ascending,31.403333333333336,0.7980044581254643,1.0,2.0,2.0,False,2.450525149961583,-1.372175411037328,0.8441375845674945
RR_P3_3,RR_P3_3,928971,RELAPSE REMITTING,EAE,PEAK3,M,38.0,3.0,False,False,False,False,13.0,13.0,25.0,3.0,17.0,37.5,37.25,1,1,0.0,0.7499999999999972,ascending,28.176666666666666,0.8340234236365788,1.0,2.0,2.0,False,-0.0757452813988572,-0.3635725277452906,0.06689050761356255
RR_P3_4,RR_P3_4,1013395,RELAPSE REMITTING,EAE,PEAK3,M,49.0,2.25,False,False,False,False,13.0,11.0,36.0,3.0,15.0,62.625,61.75,2,2,1.0,0.12499999999999928,ascending,29.7,0.7845117845117846,1.0,2.0,2.0,False,0.2451132719795507,0.8318204794812271,-0.01652499129665986
RR_P3_5,RR_P3_5,1015236,RELAPSE REMITTING,EAE,PEAK3,M,49.0,2.5,False,False,False,False,11.0,11.0,38.0,3.0,17.0,74.25,74.0,2,2,2.0,-1.9905501428539027e-16,descending,28.149999999999995,0.7921847246891653,1.0,2.0,2.0,False,1.0792353054944654,3.0863858562584756,-0.29434092560337616
RR_R1_1,RR_R1_1,934047,RELAPSE REMITTING,EAE,REMISSION1,M,20.0,0.5,False,False,False,False,13.0,13.0,7.0,1.5,17.0,7.75,7.25,0,0,3.0,-0.2500000000000003,descending,25.766666666666666,0.7897800776196637,1.0,0.0,0.0,False,-3.292474639713179,-2.527167885971778,2.543723929789799
RR_R1_2,RR_R1_2,934048,RELAPSE REMITTING,EAE,REMISSION1,M,25.0,0.75,False,False,False,False,13.0,12.0,12.0,2.5,17.0,22.375,21.625,0,0,8.0,-0.2500000000000008,descending,22.906666666666666,0.8316356228172294,1.0,0.0,0.0,False,0.05191017404337223,1.1401670216795465,0.9607387572846461
RR_R1_3,RR_R1_3,934054,RELAPSE REMITTING,EAE,REMISSION1,F,21.0,0.5,False,False,False,False,14.0,14.0,7.0,2.0,17.0,9.25,8.75,0,0,4.0,-0.3750000000000002,descending,18.053333333333335,0.8862629246676513,1.0,0.0,0.0,False,-2.775869167188972,-1.9272085219988517,2.058476486224103
RR_R1_4,RR_R1_4,1013396,RELAPSE REMITTING,EAE,REMISSION1,M,22.0,1.0,False,False,False,False,13.0,11.0,9.0,2.75,15.0,19.75,19.0,0,0,7.0,-0.37500000000000067,descending,29.95,0.8614357262103506,1.0,0.0,0.0,False,0.10121858042808232,-0.7393321415984571,-0.9118185324629392
RR_R1_6,RR_R1_6,1014089,RELAPSE REMITTING,EAE,REMISSION1,M,22.0,0.75,False,False,False,False,12.0,11.0,10.0,2.5,15.0,20.125,19.375,0,0,7.0,-0.375000000000001,descending,28.866666666666664,0.8487297921478061,1.0,0.0,0.0,False,0.13069691203171793,0.10711908228076557,0.5618407175699517
RR_R2LONG_1,RR_R2LONG_1,917304,RELAPSE REMITTING,EAE,REMISSION2_LONG,M,48.0,0.75,False,False,False,False,14.0,14.0,34.0,3.0,18.0,41.625,41.375,1,2,2.0,5.898669438223065e-17,ascending,31.873333333333335,0.8154151851077179,1.0,1.0,1.0,False,-0.30042358125853114,-1.9009787402866754,-2.851735910817842
RR_R2_3,RR_R2_3,1015227,RELAPSE REMITTING,EAE,REMISSION2,M,42.0,1.25,False,False,False,False,12.0,11.0,30.0,3.0,15.0,52.125,51.375,1,1,11.0,7.380204581588212e-17,ascending,29.0,0.8517241379310344,1.0,1.0,1.0,False,1.3428556377647043,-0.1581913292647304,-0.6570598176354334
RR_R2_4,RR_R2_4,1015239,RELAPSE REMITTING,EAE,REMISSION2,M,47.0,1.25,False,False,False,False,11.0,11.0,36.0,3.0,16.0,57.625,57.375,1,1,8.0,1.0658534615270883e-15,ascending,27.96666666666667,0.7794994040524433,1.0,1.0,1.0,False,-0.6837332070005054,2.7415101148223537,-0.5208062351643338
RR_R2_5,RR_R2_5,1015241,RELAPSE REMITTING,EAE,REMISSION2,M,44.0,1.0,False,False,False,False,13.0,11.0,31.0,3.0,15.0,52.0,51.25,1,1,10.0,-0.12499999999999911,descending,27.28333333333333,0.8393402565668907,1.0,1.0,1.0,False,0.3282215725972354,0.1293136013536215,0.2576019627980089
