,onset_day,disease_duration,peak_score,peak_day,cumulative_score,cumulative_since_onset,n_relapses_r1,n_relapses_strict,days_since_last_peak,slope_at_sacrifice,max_weight_loss,score_coverage,score_sacrifice,day_of_sacrifice
onset_day,1.0,0.2863076316160133,-0.14222815109857084,0.5957280724052343,0.16919581607141018,0.1653613024330471,0.459219926295722,0.5586953755878998,0.17149651765931187,-0.4927706421155539,0.3574359517254095,0.36705002898051936,-0.38579172504955356,0.5335612607193437
disease_duration,0.2863076316160133,1.0,0.4170016926470549,0.8329688139486984,0.9081576239907354,0.9054208715389851,0.4738775306331524,0.560063381269091,0.8275755189509123,-0.7468164370191048,-0.18485713627560563,-0.20464314141107426,-0.0737057472510165,0.9424223049812951
peak_score,-0.14222815109857084,0.4170016926470549,1.0,0.744980202301613,0.8498284067834451,0.6999535883713717,0.20571660155042568,0.14493145706534658,0.24175043575920357,-0.07498834761185677,-0.9030079134535831,-0.3487621049974906,0.849794182204049,0.7140924048832679
peak_day,0.5957280724052343,0.8329688139486984,0.744980202301613,1.0,0.9028317387406821,0.805571419886866,0.49037365263405264,0.5766252152747009,0.55883942132428,-0.457219186052918,-0.5866408519317498,-0.20156227696445156,0.5320734977281611,0.9619338237668027
cumulative_score,0.16919581607141018,0.9081576239907354,0.8498284067834451,0.9028317387406821,1.0,0.9997528117623835,0.4145089720060244,0.43418280561296085,0.714516014521944,-0.46916299559471364,-0.7179577001026755,-0.43373369028367814,0.5750436378110592,0.9319477945567738
cumulative_since_onset,0.1653613024330471,0.9054208715389851,0.6999535883713717,0.805571419886866,0.9997528117623835,1.0,0.4104608220302328,0.4102497494902201,0.712087536581188,-0.7131958464996729,-0.5001235635753448,-0.2710626050753767,0.14954027428557276,0.8637291130643051
n_relapses_r1,0.459219926295722,0.4738775306331524,0.20571660155042568,0.49037365263405264,0.4145089720060244,0.4104608220302328,1.0,0.826311219284576,0.11029339846600457,-0.35896326490416924,-0.10858913583089358,0.22275203868048468,-0.08191355065526813,0.4802774490949389
n_relapses_strict,0.5586953755878998,0.560063381269091,0.14493145706534658,0.5766252152747009,0.43418280561296085,0.4102497494902201,0.826311219284576,1.0,0.22508605140658502,-0.4675181650236862,-0.06822857632283971,0.26193177705831233,-0.09632128179561396,0.5604976418508113
days_since_last_peak,0.17149651765931187,0.8275755189509123,0.24175043575920357,0.55883942132428,0.714516014521944,0.712087536581188,0.11029339846600457,0.22508605140658502,1.0,-0.6107686183845484,-0.014508388273333983,-0.48391141023510803,-0.18465909008571266,0.756494682962232
slope_at_sacrifice,-0.4927706421155539,-0.7468164370191048,-0.07498834761185677,-0.457219186052918,-0.46916299559471364,-0.7131958464996729,-0.35896326490416924,-0.4675181650236862,-0.6107686183845484,1.0,-0.007686008137058146,0.36497769523611123,0.31563742589432214,-0.4890663798561592
max_weight_loss,0.3574359517254095,-0.18485713627560563,-0.9030079134535831,-0.5866408519317498,-0.7179577001026755,-0.5001235635753448,-0.10858913583089358,-0.06822857632283971,-0.014508388273333983,-0.007686008137058146,1.0,0.30551120245545466,-0.8494024912479847,-0.549852996638044
score_coverage,0.36705002898051936,-0.20464314141107426,-0.3487621049974906,-0.20156227696445156,-0.43373369028367814,-0.2710626050753767,0.22275203868048468,0.26193177705831233,-0.48391141023510803,0.36497769523611123,0.30551120245545466,1.0,-0.23433945157407826,-0.264084429211623
score_sacrifice,-0.38579172504955356,-0.0737057472510165,0.849794182204049,0.5320734977281611,0.5750436378110592,0.14954027428557276,-0.08191355065526813,-0.09632128179561396,-0.18465909008571266,0.31563742589432214,-0.8494024912479847,-0.23433945157407826,1.0,0.4817558084300151
day_of_sacrifice,0.5335612607193437,0.9424223049812951,0.7140924048832679,0.9619338237668027,0.9319477945567738,0.8637291130643051,0.4802774490949389,0.5604976418508113,0.756494682962232,-0.4890663798561592,-0.549852996638044,-0.264084429211623,0.4817558084300151,1.0
