meta_sample_id,n_cells,frac_xist_pos,sex_from_xist
C2_G1_Bot_0,16487,0.006186692545642021,M
C2_G1_Bot_1,7786,0.01040328795273568,M
C2_G1_Bot_2,8837,0.37105352495190674,F
C2_G1_Mid_0,8589,0.0062871114215857496,M
C2_G1_Mid_1,7074,0.008905852417302799,M
C2_G1_Mid_2,11027,0.010338260632991748,M
C2_G1_Top_0,9937,0.30441783234376574,F
C2_G1_Top_1,4639,0.009700366458288425,M
C2_G1_Top_2,7577,0.36096080242840173,F
C2_G2_Bot_0,16469,0.32272754872791304,F
C2_G2_Bot_2,5631,0.012786361214704315,M
C2_G2_Mid_0,6228,0.3543673731535003,F
C2_G2_Mid_1,7357,0.006932173440260976,M
C2_G2_Mid_2,6009,0.3469795307039441,F
C2_G2_Top_1,11037,0.005255051191446951,M
C2_G2_Top_2,7226,0.3650705784666482,F
C2_G3_Bot_0,7676,0.3247785304846274,F
C2_G3_Bot_2,10178,0.008056592650815484,M
C2_G3_Mid_0,11254,0.32983827972276525,F
C2_G3_Mid_1,6218,0.005950466387906079,M
C2_G3_Mid_2,6577,0.3892352136232325,F
C2_G3_Top_0,17934,0.3435374149659864,F
C2_G3_Top_1,10553,0.0034113522221169337,M
C2_G3_Top_2,7166,0.0037677923527770023,M
G3_L1_0,7291,0.007132080647373474,M
G3_L1_1,20302,0.010688602108166682,M
G3_L1_2,11119,0.004406871121503732,M
G3_L2_0,5013,0.006383403151805306,M
G3_L2_1,9859,0.006694390911857187,M
G3_L2_2,11873,0.00951739240293102,M
G3_L3_0,5646,0.010095642933049946,M
G3_L3_1,8127,0.004921865386981666,M
G3_L3_2,13310,0.5246431254695717,F
G4_L1_0,12152,0.007899934167215274,M
G4_L1_1,4435,0.47147688838782414,F
G4_L1_2,6384,0.48699874686716793,F
G4_L2_0,10149,0.007488422504680264,M
G4_L2_1,8575,0.5124198250728863,F
G4_L2_2,6044,0.008107213765718067,M
G4_L3_0,11885,0.00698359276398822,M
G4_L3_1,7036,0.49260943718021605,F
G4_L3_2,6679,0.010780056894744722,M
G5_L1_0,2565,0.003898635477582846,M
G5_L1_1,6547,0.0070261188330533065,M
G5_L1_2,5365,0.007269338303821062,M
G5_L2_0,4193,0.005008347245409015,M
G5_L2_1,6427,0.008090866656293761,M
G5_L2_2,7608,0.008543638275499475,M
G5_L3_0,5728,0.005062849162011173,M
G5_L3_1,4687,0.012801365478984425,M
G5_L3_2,7408,0.5203833693304536,F
G6_L1_0,8455,0.011117681845062094,M
G6_L1_1,6654,0.011571986774872258,M
G6_L1_2,5234,0.010508215513947268,M
G6_L2_0,4642,0.4269711331322706,F
G6_L2_1,5540,0.5129963898916967,F
G6_L2_2,4160,0.48677884615384615,F
G6_L3_0,8146,0.006260741468205254,M
G6_L3_1,6540,0.006269113149847095,M
G6_L3_2,5521,0.5038942220612208,F
S1_B1_0,6827,0.0008788633367511352,M
S1_B1_1,14195,0.0007749207467418105,M
S1_B1_2,7458,0.0005363368195226602,M
S1_B2_0,8142,0.0014738393515106854,M
S1_B2_1,5063,0.0,M
S1_B2_2,9674,0.0006202191440975812,M
S1_B3_0,7289,0.0010975442447523666,M
S1_B3_1,8305,0.0013245033112582781,M
S1_B3_2,8068,0.00012394645513138323,M
S1_T1_0,4774,0.0010473397570171764,M
S1_T1_1,5480,0.0005474452554744526,M
S1_T1_2,7514,0.0007985094490284802,M
S1_T2_0,9483,0.0004218074449014025,M
S1_T2_1,4225,0.0007100591715976331,M
S1_T2_2,7011,0.0004278990158322636,M
S1_T3_0,12095,0.00033071517155849525,M
S1_T3_1,8967,0.0005576000892160142,M
S1_T3_2,8563,0.0005839075090505664,M
S2_B1_0,4765,0.001049317943336831,M
S2_B1_1,9040,0.000995575221238938,M
S2_B1_2,8382,0.0007158196134574087,M
S2_B2_0,12989,0.0003849411040110863,M
S2_B2_1,5707,0.0014017872787804452,M
S2_B2_2,9452,0.0009521794329242488,M
S2_B3_0,6961,0.0015802327251831633,M
S2_B3_1,11051,0.0010858745814858383,M
S2_B3_2,6527,0.0006128389765589091,M
S2_T1_0,16470,0.0008500303582270795,M
S2_T1_1,7993,0.00087576629550857,M
S2_T1_2,8631,0.0012744757270304716,M
S2_T2_0,14089,0.0004968415075590887,M
S2_T2_1,3848,0.0005197505197505198,M
S2_T2_2,7589,0.0010541573329819476,M
S2_T3_0,6040,0.00033112582781456954,M
S2_T3_1,12922,0.001006036217303823,M
S3_B1_0,8236,0.42787761049052936,F
S3_B1_1,11755,0.008507018290089324,M
S3_B1_2,11707,0.00469804390535577,M
S3_B2_0,5879,0.43221636332709645,F
S3_B2_1,3852,0.39979231568016615,F
S3_B2_2,15258,0.00406344212871936,M
S3_B3_0,9450,0.0062433862433862435,M
S3_B3_1,12734,0.005811214072561646,M
S3_B3_2,17656,0.004247847757136384,M
S3_T1_0,7450,0.4597315436241611,F
S3_T1_1,6072,0.007246376811594203,M
S3_T1_2,6030,0.007296849087893864,M
S3_T2_0,7897,0.01658857794099025,M
S3_T2_1,5891,0.006280767272109998,M
S3_T2_2,9121,0.009757702006358952,M
S3_T3_0,5076,0.3684003152088258,F
S3_T3_1,9296,0.003227194492254733,M
S3_T3_2,7943,0.4109278610096941,F
S4_B1_0,7531,0.44243792325056436,F
S4_B1_1,7946,0.49861565567581173,F
S4_B1_2,9292,0.5004304778303917,F
S4_B2_0,12375,0.013575757575757576,M
S4_B2_1,9335,0.4437064809855383,F
S4_B2_2,9040,0.49889380530973454,F
S4_B3_0,13172,0.010173094442757364,M
S4_B3_1,10386,0.4793953398806085,F
S4_B3_2,9892,0.01860088960776385,M
S4_T1_0,8323,0.1676078337138051,F
S4_T1_1,5470,0.24716636197440586,F
S4_T1_2,7873,0.374317286930014,F
S4_T2_0,10244,0.4406481843030066,F
S4_T2_1,4277,0.23451017068038343,F
S4_T2_2,8579,0.14337335353770836,F
S4_T3_0,6427,0.4459312276334215,F
S4_T3_1,10236,0.2814576006252442,F
S4_T3_2,5913,0.42279722645019446,F
S5_B1_0,12037,0.001329234859184182,M
S5_B1_1,13833,0.0005783271886069544,M
S5_B1_2,6771,0.0005907546891153448,M
S5_B2_0,15577,0.0011555498491365474,M
S5_B2_1,8881,0.0006755995946402432,M
S5_B2_2,17719,0.0007336757153338225,M
S5_B3_0,15231,0.0011818002757533978,M
S5_B3_1,8508,0.0016455101081335214,M
S5_B3_2,11569,0.0006050652606102515,M
S5_T1_0,7238,0.0013815971262779773,M
S5_T1_1,12574,0.001033879433752187,M
S5_T1_2,16810,0.0004759071980963712,M
S5_T2_0,11761,0.001020321401241391,M
S5_T2_1,6923,0.0007222302470027445,M
S5_T2_2,7442,0.0017468422467078742,M
S5_T3_0,9003,0.0006664445184938354,M
S5_T3_1,12377,0.000565565161186071,M
S5_T3_2,7369,0.0006785181164337087,M
S6_T1_0,9248,0.0021626297577854673,M
S6_T1_1,10534,0.0020884754129485475,M
S6_T1_2,5178,0.0027037466203167246,M
S6_T2_0,9485,0.0031628887717448603,M
S6_T2_1,5942,0.002019522046449007,M
S6_T2_2,13665,0.005122575923893158,M
S6_T3_0,7826,0.005750063889598774,M
S6_T3_1,11005,0.002271694684234439,M
S6_T3_2,6407,0.003745902918682691,M
