target,held_out,lr,hidden,dropout,epochs,inner_val_mse,inner_val_mse_default,pred,seed_preds
days_since_last_peak,RR_R1_1,0.0003,64,0.1,3,0.18597558645105333,0.2582018240427176,0.09713162992268347,0.0215;0.1096;0.1603
day_of_sacrifice,RR_R1_1,0.0003,128,0.1,55,0.05235254812416391,0.07264988718797412,-12.435873662672726,-11.9928;-13.9478;-11.3670
days_since_last_peak,RR_OS2_1,0.001,128,0.3,22,4.497595467736164,4.511411203572177,-1.3180454741665049,-1.3986;-1.6771;-0.8785
day_of_sacrifice,RR_OS2_1,0.001,128,0.3,28,0.0697948392617785,0.07915305655934955,-18.204839639746826,-18.2527;-17.3122;-19.0496
days_since_last_peak,RR_OS2_2,0.003,256,0.3,4,2.466343702320775,3.077393025822377,-1.7070062185785966,-2.1746;-1.5391;-1.4073
day_of_sacrifice,RR_OS2_2,0.003,64,0.3,38,0.08380116109955231,0.2095996505575444,-16.606066189685496,-18.1193;-17.6144;-14.0846
days_since_last_peak,RR_P1_3,0.003,128,0.3,23,1.430039632663652,2.418782897846328,0.00401888858846446,-0.2404;0.5161;-0.2636
day_of_sacrifice,RR_P1_3,0.001,256,0.3,37,0.06277142038125583,0.07430839941216112,-11.99953803995013,-12.2324;-10.3067;-13.4595
days_since_last_peak,RR_R1_4,0.003,256,0.3,28,3.25810181532527,3.4407712906293417,2.5136643855016154,2.0232;2.8035;2.7143
day_of_sacrifice,RR_R1_4,0.003,128,0.1,32,0.06346698044768462,0.15988914123594747,0.5350107246976495,2.1410;-0.2608;-0.2751
days_since_last_peak,RR_R1_6,0.003,128,0.3,8,0.20275808982795523,0.23512286412449335,0.27772633419711307,0.6333;-0.0321;0.2320
day_of_sacrifice,RR_R1_6,0.001,256,0.3,2,0.06277920494160866,0.10737072868741711,5.972750750473192,6.9873;6.8808;4.0501
