sample_name,score,lesion_count,lesion_burden,mean_lesion_size,max_lesion_size,largest_lesion_frac,gini_lesion_size,fragmentation,infl_frac
RR_CFA_1,0.0,0.0,0.0,,,,,,0.00883899620452702
RR_CFA_2,0.0,0.0,0.0,,,,,,0.009759182778046912
RR_CFA_3,0.0,0.0,0.0,,,,,,0.013204336615512046
RR_MP_1,0.5,4.333333333333333,0.03302702906097057,60.09722222222223,107.0,0.528133320633741,0.26482319737322263,7.152804367395549,0.08274044849082551
RR_MP_2,0.75,12.666666666666666,0.14881348154380677,100.2957264957265,607.6666666666666,0.4678772530277895,0.5454956753774118,7.570776753224656,0.1993789790984141
RR_MP_3,0.75,6.666666666666667,0.04419188575432903,49.28835978835979,107.33333333333333,0.33988695589661067,0.2654929371029309,10.17692094658087,0.09263205841452267
RR_MP_4,0.5,11.333333333333334,0.11470805254145043,88.38319088319088,307.6666666666667,0.3024699350601931,0.37489892285809123,7.113907072918782,0.18128933830481733
RR_OS1_1,0.25,2.0,0.03809218471377917,107.8,174.0,0.6873350923482849,0.18601583113456466,3.222818127478992,0.09099418364453771
RR_OS1_2,0.25,1.3333333333333333,0.014137720901889092,58.0,153.0,0.6594827586206896,0.4375,8.620689655172413,0.0473231281658247
RR_OS2_1,1.0,3.6666666666666665,0.024231239928625654,34.5,70.0,0.652953276520717,0.20366152958718342,5.654164409918981,0.09869158515035671
RR_OS2_2,1.0,4.333333333333333,0.05724247470086746,70.93650793650794,144.33333333333334,0.5168124919638328,0.3229764465151689,7.103482469490813,0.1183641853458674
RR_P1_1,2.5,12.333333333333334,0.2972538084748287,242.59615384615384,1227.0,0.4209032209646722,0.6386213212398566,3.5256656406840743,0.36426936085396777
RR_P1_2,3.0,14.333333333333334,0.366984460590605,337.46666666666664,1966.0,0.435571773922902,0.6745187214570345,2.886871459587759,0.41630916862473516
RR_P1_3,2.25,15.0,0.2314610357639737,138.2111111111111,522.6666666666666,0.25189435759589,0.5013062496605901,5.660019280986883,0.3047500583232637
RR_P1_5,3.25,3.6666666666666665,0.008166311789549905,33.51785714285714,57.0,0.32421850130515056,0.1873971113880072,0.8874840406498415,0.39652389144171596
RR_P2_1,1.75,14.0,0.1486256744044795,108.29298245614035,331.0,0.22439208470700886,0.43488621854145837,6.849341003502881,0.20538407803902778
RR_P2_2,2.25,14.333333333333334,0.1464459564337559,94.93314093314093,304.0,0.2316234524427311,0.43873399860604706,7.479796004660497,0.2139180246178951
RR_P2_3,2.75,30.333333333333332,0.3711820774693371,103.95299145299145,597.6666666666666,0.171949511453431,0.4737732804015868,12.071787426362206,0.27427209502729527
RR_P2_4,3.0,17.0,0.12907104316199064,109.48268398268398,844.3333333333334,0.3499432651289318,0.5441710191194232,2.57580455573734,0.40862545381848836
RR_P3_1,2.5,9.0,0.19695878742599993,282.5502136752137,1098.6666666666667,0.42724361275494815,0.5156091471211729,4.687822434373747,0.2420964381266871
RR_P3_2,3.0,12.0,0.3749246631002294,560.4005847953216,1941.6666666666667,0.35457943147688714,0.6114960359734556,2.378582809143332,0.4370438952902833
RR_P3_3,3.0,14.666666666666666,0.2724974004080489,279.64021164021165,1061.3333333333333,0.2991372940645169,0.5026726632335409,5.373880030197881,0.32573863338598885
RR_P3_4,2.25,17.333333333333332,0.20664111456749243,129.54827586206895,739.0,0.3411689602964771,0.4971238497094137,10.333694156848567,0.17145877212413932
RR_P3_5,2.5,0.6666666666666666,0.0016254914811105632,25.0,25.0,1.0,0.0,0.567629367334364,0.17802609808339684
RR_R1_1,0.5,9.333333333333334,0.14810703786030666,126.04166666666667,435.6666666666667,0.36861202158760187,0.5151820070283315,5.577678694833506,0.20976513111042316
RR_R1_2,0.75,11.0,0.22023466041468803,250.58035714285714,1216.0,0.32408066148105985,0.5121181938911022,5.302752936157478,0.2648157748852456
RR_R1_3,0.5,19.0,0.2527453150692543,86.15079365079366,579.0,0.316148940620591,0.5365746498116721,17.734484746338335,0.15007681438339548
RR_R1_4,1.0,6.666666666666667,0.05341344807421688,91.65079365079366,301.6666666666667,0.4642812309165902,0.4423066251948721,3.2730632816222873,0.20520438087167325
RR_R1_6,0.75,15.0,0.1649207948608509,136.43001443001444,403.6666666666667,0.4451641651810497,0.5005526765523113,12.506738812502604,0.12781140847885933
RR_R2_1,0.75,4.333333333333333,0.017612583355185174,26.40740740740741,38.0,0.52825267601387,0.08980350771395547,7.607190003745626,0.06645652720394193
RR_R2_3,1.25,3.0,0.012474760485397923,41.5,66.0,0.4118217054263566,0.21065891472868217,4.146192083636001,0.10515925388568491
RR_R2_4,1.25,10.333333333333334,0.21679831772896685,120.13888888888889,633.0,0.2583980487773228,0.48957047620110267,11.672950201619512,0.1299506587591043
RR_R2_5,1.0,17.0,0.16298461791122695,61.80623781676413,294.6666666666667,0.2837837412944709,0.3861764917053436,19.209877616106855,0.12037323407550315
