meta_sample_id,sec_code,sample_name,stage,region,score,n_cells,infl_frac,lesion_count,lesion_burden,mean_lesion_size,max_lesion_size,largest_lesion_frac,gini_lesion_size,fragmentation,mean_density,mean_compactness,mean_lympho_frac,mean_purity,mean_nn_dist
S1_B1_0,0,RR_R1_1,REMISSION1,T,0.5,6827.0,0.26014354767833603,8,0.1968653874322543,168.0,650.0,0.4836309523809524,0.5442708333333334,4.504504504504505,0.00863304882029778,0.43811944631239974,0.4903340776320966,1.0,463.05915293583723
S1_B1_2,1,RR_OS1_1,ONSET1,L,0.25,7458.0,0.18812013944757308,5,0.10163582729954411,151.6,284.0,0.37467018469656993,0.3720316622691293,3.563791874554526,0.004439048545711805,0.6204051200558716,0.44163268610018075,1.0,623.3631890622736
S1_B1_1,2,RR_P2_1,PEAK2,C,1.75,14195.0,0.18936245156745332,19,0.12525537160972172,93.57894736842105,409.0,0.23003374578177727,0.5280918832514356,7.0684523809523805,0.007009001225544758,0.5434194111499815,0.2822345547495841,1.0,241.4834846553978
S1_B2_0,3,RR_P2_1,PEAK2,L,1.75,8142.0,0.19810857283222796,13,0.15168263325964138,95.0,193.0,0.1562753036437247,0.3638741824976643,8.05951642901426,0.006426842514353784,0.45719824163868444,0.48829853262234507,1.0,367.09529615538304
S1_B2_1,4,RR_OS1_1,ONSET1,T,0.25,5063.0,0.0685364408453486,1,0.012640726841793404,64.0,64.0,1.0,0.0,2.8818443804034586,0.003657839401151715,0.5395178870348718,0.28125,1.0,
S1_B2_2,5,RR_R1_1,REMISSION1,C,0.5,9674.0,0.1389290882778582,8,0.07514988629315691,90.875,241.0,0.3314993122420908,0.4424002751031637,5.952380952380952,0.009054865142058888,0.49664334845930674,0.34350854041162987,1.0,312.540322580998
S1_B3_0,6,RR_OS1_1,ONSET1,C,0.25,7289.0,0.016325970640691453,0,0.0,,,,,,,,,,
S1_B3_1,7,RR_R1_1,REMISSION1,L,0.5,8305.0,0.23022275737507525,12,0.17230583985550874,119.25,416.0,0.2907058001397624,0.5588749126484975,6.276150627615063,0.0066893840478537735,0.5081784634122898,0.4785873566002108,1.0,354.49729001692157
S1_B3_2,8,RR_P2_1,PEAK2,T,1.75,8068.0,0.22868120971740208,10,0.16893901834407535,136.3,391.0,0.28686720469552457,0.41269258987527513,5.420054200542006,0.006442944728709532,0.564408247227298,0.2846615821878786,1.0,349.62847353415367
S1_T1_0,9,RR_MP_1,MONOPHASIC,T,0.5,4774.0,0.09970674486803519,3,0.04377880184331797,69.66666666666667,115.0,0.5502392344497608,0.2966507177033493,6.302521008403362,0.01254519296222766,0.5522974497653094,0.30212633582198795,1.0,588.0922371254323
S1_T1_1,10,RR_CFA_1,PLP CFA,L,0.0,5480.0,0.007481751824817518,0,0.0,,,,,,,,,,
S1_T1_2,11,RR_CFA_1,PLP CFA,C,0.0,7514.0,0.008384349214799042,0,0.0,,,,,,,,,,
S1_T2_0,12,RR_P1_1,PEAK1,C,2.5,9483.0,0.28630180322682697,12,0.19719498049140569,155.83333333333334,650.0,0.34759358288770054,0.5829768270944742,4.419889502762431,0.004109799797493799,0.660991139511724,0.34215554109898766,1.0,353.7152653075111
S1_T2_1,13,RR_CFA_1,PLP CFA,T,0.0,4225.0,0.010650887573964497,0,0.0,,,,,,,,,,
S1_T2_2,14,RR_MP_1,MONOPHASIC,L,0.5,7011.0,0.06632434745400086,2,0.02039651975467123,71.5,99.0,0.6923076923076923,0.19230769230769232,4.301075268817204,0.006037247299317648,0.5915409015315087,0.06439393939393939,1.0,1888.422603030995
S1_T3_0,15,RR_P1_1,PEAK1,L,2.5,12095.0,0.41050020669698223,13,0.35204630012401816,327.53846153846155,1115.0,0.2618600281822452,0.6203345738338693,2.6183282980866065,0.004687926298956168,0.6886129029434908,0.27510219311326584,1.0,273.09556423915546
S1_T3_1,16,RR_MP_1,MONOPHASIC,C,0.5,8967.0,0.0821902531504405,8,0.03490576558492249,39.125,107.0,0.34185303514376997,0.3055111821086262,10.854816824966079,0.008265855436199012,0.5717232497798619,0.3143009468155496,1.0,421.12334252022805
S1_T3_2,17,RR_P1_1,PEAK1,T,2.5,8563.0,0.3960060726380941,12,0.34252014480906223,244.41666666666666,1916.0,0.6532560518240709,0.7125525627912263,3.5387791212031847,0.0049046276773829075,0.6587635021699032,0.2801051479494406,1.0,247.58026960436914
S2_B1_0,18,RR_OS2_1,ONSET2,T,1.0,4765.0,0.13326337880377753,4,0.03441762854144806,41.0,96.0,0.5853658536585366,0.35060975609756095,6.299212598425196,0.004206834582858491,0.5109682287475733,0.3684466575091575,1.0,416.8298068506375
S2_B1_2,19,RR_OS2_1,ONSET2,C,1.0,8382.0,0.02791696492483894,1,0.0025053686471009306,21.0,21.0,1.0,0.0,4.273504273504273,0.00876491765891607,0.6341641631491243,0.9523809523809523,1.0,
S2_B1_1,20,RR_P2_2,PEAK2,L,2.25,9040.0,0.2745575221238938,14,0.21238938053097345,137.14285714285714,396.0,0.20625,0.4828125,5.6406124093473,0.008937146161770377,0.5621957720505801,0.2593208105484046,1.0,302.76476748165703
S2_B2_0,21,RR_P2_2,PEAK2,C,2.25,12989.0,0.15975055816460082,18,0.10131649857571791,73.11111111111111,306.0,0.23252279635258358,0.4209726443768997,8.674698795180722,0.007862515007383549,0.6679283290299256,0.2722302379311022,1.0,285.0099320351015
S2_B2_1,22,RR_MP_2,MONOPHASIC,T,0.75,5707.0,0.204660942701945,10,0.1587524093218854,90.6,374.0,0.41280353200883,0.482560706401766,8.561643835616438,0.007042877038317047,0.5527523904005613,0.27041137974264784,1.0,357.99199347311577
S2_B2_2,23,RR_MP_2,MONOPHASIC,L,0.75,9452.0,0.22407955988150655,13,0.17213288192975032,125.15384615384616,854.0,0.5248924400737554,0.5664034797409105,6.137865911237016,0.00855874116295645,0.5240625561081393,0.389599802761793,1.0,312.5865084963824
S2_B3_0,24,RR_OS2_1,ONSET2,L,1.0,6961.0,0.13489441172245367,6,0.03577072259732797,41.5,93.0,0.37349397590361444,0.2603748326639893,6.389776357827476,0.007196215491952481,0.5281574934761761,0.23874090951889815,1.0,556.1463868011642
S2_B3_2,25,RR_P2_2,PEAK2,T,2.25,6527.0,0.20744599356519075,11,0.12563199019457638,74.54545454545455,210.0,0.25609756097560976,0.4124168514412417,8.12407680945347,0.010011336202542775,0.5004503973426705,0.30286398654328894,1.0,410.57235208544176
S2_B3_1,26,RR_MP_2,MONOPHASIC,C,0.75,11051.0,0.16939643471179078,15,0.11555515337978463,85.13333333333334,595.0,0.4659357870007831,0.5875228399895589,8.012820512820513,0.009406570938829292,0.5502388929389136,0.40100132242674763,1.0,355.73129363496463
S2_T1_0,27,RR_R1_2,REMISSION1,T,0.75,16470.0,0.4057680631451123,14,0.3657559198542805,430.2857142857143,2279.0,0.37832005312084993,0.6730459115917283,2.0948675744426155,0.005042496332371231,0.7044898758943406,0.3064594287077053,1.0,450.2705224989547
S2_T1_2,28,RR_CFA_2,PLP CFA,C,0.0,8631.0,0.005908932916232186,0,0.0,,,,,,,,,,
S2_T1_1,29,RR_CFA_2,PLP CFA,L,0.0,7993.0,0.007256349305642437,0,0.0,,,,,,,,,,
S2_T2_0,30,RR_P3_1,PEAK3,C,2.5,14089.0,0.36709489672794376,8,0.33820711193129394,595.625,2164.0,0.4541448058761805,0.5722717733473243,1.5467904098994587,0.007280905523159783,0.4926786861881264,0.4096985933321297,1.0,539.8219551635704
S2_T2_2,31,RR_R1_2,REMISSION1,L,0.75,7589.0,0.12386348662537884,8,0.07471340097509553,70.875,153.0,0.2698412698412698,0.35119047619047616,8.51063829787234,0.010557815649578872,0.46008092926359523,0.33861411944708697,1.0,476.0860199989854
S2_T2_1,32,RR_CFA_2,PLP CFA,T,0.0,3848.0,0.016112266112266113,0,0.0,,,,,,,,,,
S2_T3_0,33,RR_P3_1,PEAK3,L,2.5,6040.0,0.11937086092715232,6,0.06887417218543046,69.33333333333333,177.0,0.4254807692307692,0.4110576923076923,8.321775312066574,0.0099620090394555,0.5153706852554119,0.36359003896599446,1.0,533.7611671395761
S2_T3_1,34,RR_P3_1,PEAK3,T,2.5,12922.0,0.23982355672496516,13,0.18379507816127535,182.69230769230768,955.0,0.40210526315789474,0.563497975708502,4.194901581155211,0.009050720358276799,0.46467495419749383,0.3952772877990238,1.0,401.18035832455524
S4_B1_0,35,RR_P1_3,PEAK1,T,2.25,7531.0,0.3238613729916346,18,0.2485725667242066,104.0,529.0,0.2825854700854701,0.537630579297246,7.380073800738007,0.00398183515869423,0.6258329149002593,0.34377048711025604,1.0,250.05038915407152
S4_B1_1,36,RR_MP_4,MONOPHASIC,L,0.5,7946.0,0.18852252705763906,12,0.12811477472942362,84.83333333333333,538.0,0.5284872298624754,0.5497707924034053,8.01068090787717,0.009381394985780818,0.5071860577512212,0.21113135783716455,1.0,317.663231579714
S4_B1_2,37,RR_MP_4,MONOPHASIC,C,0.5,9292.0,0.1430262591476539,9,0.08017649591046061,82.77777777777777,136.0,0.1825503355704698,0.18642803877703207,6.772009029345373,0.009088457223492045,0.5318891020861025,0.3201416637221413,1.0,360.85065974370593
S4_B2_0,38,RR_P3_3,PEAK3,C,3.0,12375.0,0.15393939393939393,21,0.10101010101010101,59.523809523809526,207.0,0.1656,0.36556190476190475,11.023622047244094,0.007358769956033639,0.5882975701297719,0.23942492363393172,1.0,284.7513635855862
S4_B2_2,39,RR_P1_3,PEAK1,L,2.25,9040.0,0.35719026548672567,15,0.2861725663716814,172.46666666666667,709.0,0.2740626207962891,0.5800798866125499,4.645401052957572,0.004426798387840848,0.6402425357925825,0.37122214515902446,1.0,372.29667101100955
S4_B2_1,40,RR_MP_4,MONOPHASIC,T,0.5,9335.0,0.2123192287091591,13,0.13583288698446705,97.53846153846153,249.0,0.19637223974763407,0.3884979373938364,6.559031281533804,0.006891568267693244,0.5457773264350119,0.27689552024783326,1.0,325.5226010715001
S4_B3_0,41,RR_P3_3,PEAK3,L,3.0,13172.0,0.41163073185545096,9,0.3608411782569086,528.1111111111111,1549.0,0.3258994319377235,0.48498024639409026,1.6599040944300998,0.004130395393902712,0.5908969102635255,0.25601794376618126,1.0,574.8673342476269
S4_B3_2,42,RR_P3_3,PEAK3,T,3.0,9892.0,0.4116457743631217,14,0.3556409219571371,251.28571428571428,1428.0,0.4059124502558272,0.6574758385446277,3.4381139489194497,0.0059439098783171575,0.6570652249624036,0.2624177484264671,1.0,303.577233742191
S4_B3_1,43,RR_P1_3,PEAK1,C,2.25,10386.0,0.23319853649143077,12,0.15963797419603312,138.16666666666666,330.0,0.19903498190591074,0.38620828307197425,4.95458298926507,0.005356197253689435,0.6842109150805742,0.38102443932769664,1.0,375.04472673848016
S4_T1_0,44,RR_P2_3,PEAK2,T,2.75,8323.0,0.2805478793704193,17,0.2001682085786375,98.0,252.0,0.15126050420168066,0.3957347644940329,7.28051391862955,0.0055938962254915795,0.7249708147225258,0.08608075345930999,1.0,248.35665847011404
S4_T1_1,45,RR_OS1_2,ONSET1,L,0.25,5470.0,0.08482632541133456,4,0.04241316270566728,58.0,153.0,0.6594827586206896,0.4375,8.620689655172413,0.005853075435145457,0.39725738214940376,0.14562908496732027,1.0,244.73670597134097
S4_T1_2,46,RR_OS1_2,ONSET1,C,0.25,7873.0,0.01879842499682459,0,0.0,,,,,,,,,,
S4_T2_0,47,RR_R1_3,REMISSION1,C,0.5,10244.0,0.14213197969543148,12,0.09098008590394377,77.66666666666667,238.0,0.2553648068669528,0.4772889842632332,8.241758241758243,0.008776396605596233,0.5961596069753042,0.32106017228196165,1.0,259.81702463128954
S4_T2_2,48,RR_P2_3,PEAK2,L,2.75,8579.0,0.3323231145821191,48,0.6779344911994405,121.16666666666667,1131.0,0.19446354883081154,0.6360542755616689,16.836197825324447,0.01368718658735229,0.7142055399748216,0.2133772372683617,1.0,132.08107540499296
S4_T2_1,49,RR_OS1_2,ONSET1,T,0.25,4277.0,0.03834463408931494,0,0.0,,,,,,,,,,
S4_T3_0,50,RR_R1_3,REMISSION1,L,0.5,6427.0,0.16384004978994865,35,0.5243503967636534,96.28571428571429,1219.0,0.36172106824925815,0.6144467994913099,33.238366571699906,0.01817666619659775,0.7585106573270278,0.3255836388035463,1.0,123.80389353431336
S4_T3_1,51,RR_P2_3,PEAK2,C,2.75,10236.0,0.2099452911293474,26,0.23544353262993356,92.6923076923077,410.0,0.17012448132780084,0.3895308011490584,12.09865053513262,0.01000592673156221,0.642022143886082,0.22774954925624782,1.0,153.6970009754843
S4_T3_2,52,RR_R1_3,REMISSION1,T,0.5,5913.0,0.14425841366480635,10,0.14290546254016573,84.5,280.0,0.33136094674556216,0.5179881656804733,11.723329425556859,0.01701569176261768,0.6196833809809968,0.34325393305881113,1.0,377.64486399937607
S3_B1_0,53,RR_OS2_2,ONSET2,C,1.0,8236.0,0.0412821758135017,3,0.015055852355512385,41.333333333333336,66.0,0.532258064516129,0.22043010752688172,8.823529411764705,0.009957583310619973,0.6748503171903432,0.35232323232323237,1.0,646.8651470972966
S3_B1_2,54,RR_P3_2,PEAK3,T,3.0,11707.0,0.47108567523703765,8,0.40693602118390704,595.5,2490.0,0.5226700251889169,0.6709697732997482,1.4505893019038985,0.003994527977867136,0.6084579993860867,0.21228553263645628,1.0,470.9658124394181
S3_B1_1,55,RR_P1_2,PEAK1,L,3.0,11755.0,0.46465333900467887,10,0.42228838792003404,496.4,3656.0,0.7365028203062046,0.7894439967767929,1.8308311973636031,0.004370159179148045,0.7123061325744766,0.18475233736871016,1.0,386.79619672172214
S3_B2_0,56,RR_OS2_2,ONSET2,L,1.0,5879.0,0.1614220105460112,7,0.0668481034189488,56.142857142857146,123.0,0.31297709923664124,0.3438749545619775,7.37618545837724,0.004561734406847514,0.6273080141592597,0.5895585102489369,1.0,368.7436123743085
S3_B2_2,57,RR_P1_2,PEAK1,C,3.0,15258.0,0.3563376589330187,21,0.3027919779787652,220.0,937.0,0.2028138528138528,0.6247371675943104,3.86242413095457,0.0034927300679117473,0.7043117177335985,0.2542896259216789,1.0,233.12795866721618
S3_B2_1,58,RR_OS2_2,ONSET2,T,1.0,3852.0,0.1523883696780893,3,0.08982346832814123,115.33333333333333,244.0,0.7052023121387283,0.4046242774566474,5.1107325383304945,0.0071366255700105454,0.6069863458882373,0.15445194471231116,1.0,406.92509034601125
S3_B3_0,59,RR_P1_2,PEAK1,T,3.0,9450.0,0.42793650793650795,12,0.37587301587301586,296.0,1305.0,0.36739864864864863,0.609375,2.967359050445104,0.006098892070056396,0.6519219774991265,0.2327053530547294,1.0,343.9948763369714
S3_B3_1,60,RR_P3_2,PEAK3,C,3.0,12734.0,0.3167111669546097,19,0.2497251452803518,167.3684210526316,711.0,0.22358490566037736,0.5826216484607746,4.711133151500124,0.0056847556219728835,0.617418970086374,0.1998047544651007,1.0,294.62953878101536
S3_B3_2,61,RR_P3_2,PEAK3,L,3.0,17656.0,0.5233348436792026,9,0.4681128228364295,918.3333333333334,2624.0,0.3174833635813672,0.580896686159844,0.974025974025974,0.003984227270730425,0.6870526619992192,0.17271583064560556,1.0,509.71848946991446
S3_T1_0,62,RR_CFA_3,PLP CFA,C,0.0,7450.0,0.0071140939597315435,0,0.0,,,,,,,,,,
S3_T1_1,63,RR_MP_3,MONOPHASIC,L,0.75,6072.0,0.09189723320158102,7,0.032444005270092224,28.142857142857142,43.0,0.2182741116751269,0.12037708484408992,12.544802867383511,0.012152012442857971,0.5453606396383783,0.2727462523813767,1.0,394.62008043497536
S3_T1_2,64,RR_R2_1,REMISSION2,T,0.75,6030.0,0.056550580431177444,1,0.003316749585406302,20.0,20.0,1.0,0.0,2.9325513196480935,0.007304836611430392,0.5458732721707789,0.2,1.0,
S3_T2_0,65,RR_R2_1,REMISSION2,L,0.75,7897.0,0.10839559326326453,9,0.042421172597188805,37.22222222222222,69.0,0.20597014925373133,0.21890547263681592,10.514018691588785,0.00729360353274228,0.6190970988662138,0.2530404658715503,1.0,361.9396745638196
S3_T2_2,66,RR_MP_3,MONOPHASIC,C,0.75,9121.0,0.09110843109308189,9,0.060410042758469465,61.22222222222222,159.0,0.2885662431941924,0.33635813672111314,10.830324909747294,0.009218507997519446,0.5373436279368407,0.43662770437073634,1.0,467.608712686239
S3_T2_1,67,RR_MP_3,MONOPHASIC,T,0.75,5891.0,0.0948905109489051,4,0.039721609234425394,58.5,120.0,0.5128205128205128,0.33974358974358976,7.155635062611806,0.004400101919351437,0.5406021798212907,0.20705409356725146,1.0,687.5769075962493
S3_T3_0,68,RR_CFA_3,PLP CFA,T,0.0,5076.0,0.017139479905437353,0,0.0,,,,,,,,,,
S3_T3_2,69,RR_CFA_3,PLP CFA,L,0.0,7943.0,0.015359435981367242,0,0.0,,,,,,,,,,
S3_T3_1,70,RR_R2_1,REMISSION2,C,0.75,9296.0,0.03442340791738382,3,0.0070998278829604135,22.0,25.0,0.3787878787878788,0.050505050505050504,9.375,0.013797141502811985,0.42151531297341965,0.3819047619047619,1.0,725.3113821165701
S6_T1_0,71,RR_R1_6,REMISSION1,C,0.75,9248.0,0.10499567474048443,22,0.2471885813148789,103.9090909090909,450.0,0.1968503937007874,0.559214189135449,22.657054582904223,0.015129516983180468,0.65244309786243,0.344141576688447,1.0,239.35587883128912
S6_T1_1,72,RR_R1_6,REMISSION1,L,0.75,10534.0,0.22071387886842606,21,0.17419783558002658,87.38095238095238,347.0,0.1891008174386921,0.49290255611781497,9.032258064516128,0.009620196702759288,0.6778933516065602,0.28364710897550943,1.0,192.3676852735451
S6_T1_2,73,RR_R2_5,REMISSION2,T,1.0,5178.0,0.10235612205484743,19,0.3238702201622248,88.26315789473684,516.0,0.3076923076923077,0.4958729560932743,35.84905660377358,0.009941876726072293,0.7091423719666926,0.20911809990888997,1.0,192.3010344495328
S6_T2_0,74,RR_R2_5,REMISSION2,L,1.0,9485.0,0.17216657880864522,27,0.14391143911439114,50.55555555555556,291.0,0.21318681318681318,0.41372948039614704,16.53398652786283,0.018204690833691587,0.7000672324440964,0.2072367238201666,1.0,180.47542058384386
S6_T2_2,75,RR_P3_4,PEAK3,C,2.25,13665.0,0.19187705817782658,29,0.25115257958287596,118.34482758620689,1176.0,0.34265734265734266,0.6511534442568925,11.060259344012206,0.010172584244405973,0.6622445775092631,0.19122856217332265,1.0,194.33198003754785
S6_T2_1,76,RR_R1_6,REMISSION1,T,0.75,5942.0,0.057724671827667454,2,0.07337596768764726,218.0,414.0,0.9495412844036697,0.44954128440366975,5.830903790087463,0.006941173528708354,0.7135143236867194,0.18752744839701363,1.0,767.1298627300773
S6_T3_0,77,RR_P3_4,PEAK3,T,2.25,7826.0,0.20419115767952978,15,0.08970099667774087,46.8,114.0,0.1623931623931624,0.26191832858499525,9.386733416770964,0.017992321791287454,0.7600291075903147,0.3620264683166284,1.0,250.97926281984766
S6_T3_1,78,RR_R2_5,REMISSION2,C,1.0,11005.0,0.0865970013630168,5,0.02117219445706497,46.6,77.0,0.33047210300429186,0.24892703862660945,5.246589716684156,0.017548058186560734,0.6516902824423594,0.3903892403892404,1.0,769.6284233245053
S6_T3_2,79,RR_P3_4,PEAK3,L,2.25,6407.0,0.11830810051506165,8,0.27906976744186046,223.5,927.0,0.5184563758389261,0.5782997762863534,10.554089709762533,0.010940991025437604,0.5687173038248217,0.3710108029540091,1.0,274.2203113247194
S5_B1_0,80,RR_R1_4,REMISSION1,L,1.0,12037.0,0.24283459333721027,7,0.04311705574478691,74.14285714285714,231.0,0.44508670520231214,0.5147261216625378,2.3947998631542937,0.016276031392455544,0.7194588819340423,0.22810955628849253,1.0,522.0508745727092
S5_B1_1,81,RR_P2_4,PEAK2,C,3.0,13833.0,0.30051326537988865,11,0.08515867852237403,107.0909090909091,523.0,0.4439728353140917,0.5809538509029171,2.646139042578783,0.013408667778834456,0.6534442745499214,0.3800201184682593,1.0,380.9346425243979
S5_B1_2,82,RR_R2_4,REMISSION2,T,1.25,6771.0,0.17353418992763256,22,0.622212376310737,191.5,1160.0,0.275338238784714,0.669345963791727,18.72340425531915,0.01071162335460017,0.7161719948270172,0.18715505637242372,1.0,191.83070445395998
S5_B2_0,83,RR_R2_4,REMISSION2,C,1.25,15577.0,0.12499197534826989,9,0.028182576876163573,48.77777777777778,106.0,0.24145785876993167,0.3097949886104784,4.622496147919876,0.012515792371781955,0.6382447004943524,0.1667442351585053,1.0,348.7362182397051
S5_B2_2,84,RR_P2_4,PEAK2,L,3.0,17719.0,0.4733901461707771,28,0.2545854732208364,161.10714285714286,1872.0,0.414985590778098,0.704048833011369,3.3381020505484025,0.010010472496416987,0.7221617169815665,0.17601252418342966,1.0,212.17814194947968
S5_B2_1,85,RR_R1_4,REMISSION1,T,1.0,8881.0,0.25211124873325075,7,0.03794617723229366,48.142857142857146,113.0,0.3353115727002967,0.2619754133107249,3.1263957123715946,0.010845802102536875,0.6136594391022655,0.3916427686152965,1.0,383.07525417815316
S5_B3_0,86,RR_P2_4,PEAK2,T,3.0,15231.0,0.4519729499047994,12,0.04746897774276147,60.25,138.0,0.1908713692946058,0.3475103734439834,1.7431725740848343,0.013566702398796366,0.7055741506088529,0.37039614023547,1.0,354.770324057263
S5_B3_2,87,RR_R1_4,REMISSION1,C,1.0,11569.0,0.12066730054455874,6,0.07917711124557006,152.66666666666666,561.0,0.6124454148471615,0.5502183406113537,4.2979942693409745,0.01245296713191475,0.6348582003560409,0.203262018649541,1.0,545.9730621861232
S5_B3_1,88,RR_R2_4,REMISSION2,L,1.25,8508.0,0.09132581100141043,0,0.0,,,,,,,,,,
S5_T1_0,89,RR_R2_3,REMISSION2,T,1.25,7238.0,0.10817905498756562,3,0.01657916551533573,40.0,70.0,0.5833333333333334,0.2611111111111111,3.8314176245210727,0.024296140963710227,0.774321526546316,0.38111341154819417,1.0,610.0283908120124
S5_T1_2,90,RR_P1_5,PEAK1,C,3.25,16810.0,0.42373587150505654,7,0.013444378346222486,32.285714285714285,62.0,0.2743362831858407,0.2111251580278129,0.9827319949459498,0.009065476343958512,0.7432424087419349,0.2436880323977098,1.0,438.3375696148487
S5_T1_1,91,RR_P1_5,PEAK1,L,3.25,12574.0,0.4015428662319071,4,0.011054557022427232,34.75,52.0,0.37410071942446044,0.16366906474820145,0.7922360863537333,0.02050339564385133,0.7046418793235237,0.5667124542124542,1.0,1095.07350624097
S5_T2_0,92,RR_P3_5,PEAK3,C,2.5,11761.0,0.13051611257546128,1,0.0022106963693563474,26.0,26.0,1.0,0.0,0.6514657980456027,0.011058357734449612,0.4780266985019198,0.23076923076923078,1.0,
S5_T2_2,93,RR_R2_3,REMISSION2,L,1.25,7442.0,0.0986294006987369,0,0.0,,,,,,,,,,
S5_T2_1,94,RR_P1_5,PEAK1,T,3.25,6923.0,0.3642929365881843,0,0.0,,,,,,,,,,
S5_T3_0,95,RR_P3_5,PEAK3,L,2.5,9003.0,0.2295901366211263,1,0.0026657780739753416,24.0,24.0,1.0,0.0,0.4837929366231253,0.018542747148761068,0.7995901666745138,0.75,1.0,
S5_T3_1,96,RR_R2_3,REMISSION2,C,1.25,12377.0,0.10866930597075221,6,0.02084511594085804,43.0,62.0,0.24031007751937986,0.16020671834625322,4.4609665427509295,0.012699820412155722,0.5758616741194135,0.13887811994570828,1.0,436.7385711065056
S5_T3_2,97,RR_P3_5,PEAK3,T,2.5,7369.0,0.17397204505360292,0,0.0,,,,,,,,,,
