sample_id,CHRONIC,RELAPSE REMITTING
run1_G3_L1_0020770,3,0
run1_G3_L2_0020770,3,0
run1_G3_L3_0020770,3,0
run1_G4_L1_0020770,3,0
run1_G4_L2_0020770,3,0
run1_G4_L3_0020770,3,0
run1_G5_L1_0020782,3,0
run1_G5_L2_0020782,3,0
run1_G5_L3_0020782,3,0
run1_G6_L1_0020782,3,0
run1_G6_L2_0020782,3,0
run1_G6_L3_0020782,3,0
run2_S1-B1_0054415,0,3
run2_S1-B2_0054415,0,3
run2_S1-B3_0054415,0,3
run2_S1-T1_0054415,0,3
run2_S1-T2_0054415,0,3
run2_S1-T3_0054415,0,3
run2_S2-B1_0054856,0,3
run2_S2-B2_0054856,0,3
run2_S2-B3_0054856,0,3
run2_S2-T1_0054856,0,3
run2_S2-T2_0054856,0,3
run2_S2-T3_0054856,0,2
run3_S3-B1_0054727,0,3
run3_S3-B2_0054727,0,3
run3_S3-B3_0054727,0,3
run3_S3-T1_0054727,0,3
run3_S3-T2_0054727,0,3
run3_S3-T3_0054727,0,3
run3_S4-B1_0054723,0,3
run3_S4-B2_0054723,0,3
run3_S4-B3_0054723,0,3
run3_S4-T1_0054723,0,3
run3_S4-T2_0054723,0,3
run3_S4-T3_0054723,0,3
run5_C2_G1_Bot_0088858,3,0
run5_C2_G1_Mid_0088858,3,0
run5_C2_G1_Top_0088858,3,0
run5_C2_G2_Bot_0088858,2,0
run5_C2_G2_Mid_0088858,3,0
run5_C2_G2_Top_0088858,2,0
run5_C2_G3_Bot_0088870,2,0
run5_C2_G3_Mid_0088870,2,0
run5_C2_G3_Top_0088870,3,0
run5_S6-T1_0088870,0,3
run5_S6-T2_0088870,0,3
run5_S6-T3_0088870,0,3
run6_S5-B1_0085405,0,3
run6_S5-B2_0085405,0,3
run6_S5-B3_0085405,0,3
run6_S5-T1_0085405,0,3
run6_S5-T2_0085405,0,3
run6_S5-T3_0085405,0,3
