sample_name,day_of_sacrifice,score_sacrifice,sample_id,run_date,region
RR_R1_1,20.0,0.5,run2_S1-B1_0054415,20250605,T
RR_OS1_1,11.0,0.25,run2_S1-B1_0054415,20250605,L
RR_P2_1,31.0,1.75,run2_S1-B1_0054415,20250605,C
RR_MP_1,33.0,0.5,run2_S1-T1_0054415,20250605,T
RR_CFA_1,33.0,0.0,run2_S1-T1_0054415,20250605,L
RR_P1_1,18.0,2.5,run2_S1-T2_0054415,20250605,C
RR_OS2_1,13.0,1.0,run2_S2-B1_0054856,20250605,T
RR_P2_2,31.0,2.25,run2_S2-B1_0054856,20250605,L
RR_MP_2,33.0,0.75,run2_S2-B2_0054856,20250605,T
RR_R1_2,25.0,0.75,run2_S2-T1_0054856,20250605,T
RR_CFA_2,33.0,0.0,run2_S2-T1_0054856,20250605,C
RR_P3_1,48.0,2.5,run2_S2-T2_0054856,20250605,C
RR_P1_3,18.0,2.25,run3_S4-B1_0054723,20250605,T
RR_MP_4,33.0,0.5,run3_S4-B1_0054723,20250605,L
RR_P3_3,38.0,3.0,run3_S4-B2_0054723,20250605,C
RR_P2_3,33.0,2.75,run3_S4-T1_0054723,20250605,T
RR_OS1_2,15.0,0.25,run3_S4-T1_0054723,20250605,L
RR_R1_3,21.0,0.5,run3_S4-T2_0054723,20250605,C
RR_OS2_2,13.0,1.0,run3_S3-B1_0054727,20250605,C
RR_P3_2,48.0,3.0,run3_S3-B1_0054727,20250605,T
RR_P1_2,17.0,3.0,run3_S3-B1_0054727,20250605,L
RR_CFA_3,33.0,0.0,run3_S3-T1_0054727,20250605,C
RR_MP_3,32.0,0.75,run3_S3-T1_0054727,20250605,L
RR_R2_1,48.0,0.75,run3_S3-T1_0054727,20250605,T
RR_R1_6,22.0,0.75,run5_S6-T1_0088870,20260506,C
RR_R2_5,44.0,1.0,run5_S6-T1_0088870,20260506,T
RR_P3_4,49.0,2.25,run5_S6-T2_0088870,20260506,C
RR_R1_4,22.0,1.0,run6_S5-B1_0085405,20260506,L
RR_P2_4,32.0,3.0,run6_S5-B1_0085405,20260506,C
RR_R2_4,47.0,1.25,run6_S5-B1_0085405,20260506,T
RR_R2_3,42.0,1.25,run6_S5-T1_0085405,20260506,T
RR_P1_5,14.0,3.25,run6_S5-T1_0085405,20260506,C
RR_P3_5,49.0,2.5,run6_S5-T2_0085405,20260506,C
