animal,n_lesions,lesion_area,tissue,model,condition,stage,day_of_sacrifice,score_sacrifice,disease_duration,run_date,lesion_area_fraction
C_CFA_1,5,33500.0,9105400.0,CHRONIC,CONTROL,MOG CFA,9.0,0.0,,20250110,0.0036791354580798206
C_CFA_2,5,46800.0,10873800.0,CHRONIC,CONTROL,MOG CFA,9.0,0.0,,20250110,0.004303923191524582
C_CFA_3,4,27900.0,5553900.0,CHRONIC,CONTROL,MOG CFA,8.0,0.0,,20250110,0.005023497002106627
C_CFA_4,4,33800.0,4291800.0,CHRONIC,CONTROL,CFA,16.0,0.0,,20260506,0.007875483480124889
C_CFA_6,3,29400.0,4718400.0,CHRONIC,CONTROL,CFA,17.0,0.0,,20260506,0.006230925737538149
C_L_1,9,934300.0,8569400.0,CHRONIC,EAE,MILD30,43.0,1.0,30.0,20250110,0.1090274698345275
C_L_2,7,845000.0,7158100.0,CHRONIC,EAE,MILD30,45.0,1.0,30.0,20250110,0.11804808538578673
C_L_3,11,1152400.0,8147800.0,CHRONIC,EAE,MILD30,45.0,1.0,30.0,20250110,0.14143695230614398
C_L_4,8,761700.0,6510000.0,CHRONIC,EAE,MILD30,50.0,1.0,30.0,20250110,0.11700460829493088
C_L_5,10,904500.0,7347400.0,CHRONIC,EAE,MILD30,46.0,1.0,30.0,20250110,0.12310477175599532
C_M16_1,7,231900.0,3564000.0,CHRONIC,EAE,MILD16,28.0,1.5,16.0,20260506,0.06506734006734007
C_M16_2,15,469900.0,6983500.0,CHRONIC,EAE,MILD16,27.0,1.25,15.0,20260506,0.06728717691701869
C_M16_3,16,442900.0,6744000.0,CHRONIC,EAE,MILD16,27.0,1.25,15.0,20260506,0.06567319098457888
C_NS_1,9,84900.0,7611700.0,CHRONIC,EAE,NONSYMPTOM,9.0,0.0,,20250110,0.011153881524495184
C_NS_2,8,93400.0,7372300.0,CHRONIC,EAE,NONSYMPTOM,9.0,0.0,,20250110,0.012669044938485955
C_NS_3,7,129100.0,8716800.0,CHRONIC,EAE,NONSYMPTOM,9.0,0.0,,20250110,0.014810480910425845
C_NS_4,1,7900.0,3044100.0,CHRONIC,EAE,NONSYMPTOM,8.0,0.0,,20260506,0.002595184126671266
C_NS_5,1,7000.0,4083100.0,CHRONIC,EAE,NONSYMPTOM,8.0,0.0,,20260506,0.0017143836790673753
C_OS1_1,12,805500.0,9040200.0,CHRONIC,EAE,OS1,14.0,0.5,0.0,20250110,0.08910201101745537
C_OS1_2,14,223000.0,8663600.0,CHRONIC,EAE,OS1,12.0,0.5,6.0,20250110,0.025739877187312434
C_OS1_3,16,543300.0,8199500.0,CHRONIC,EAE,OS1,12.0,0.5,0.0,20250110,0.0662601378132813
C_OS1_4,15,343200.0,6839800.0,CHRONIC,EAE,OS1,14.0,0.5,1.0,20250110,0.05017690575747829
C_OS1_5,8,266200.0,3911700.0,CHRONIC,EAE,OS1,10.0,0.25,,20260506,0.06805225349592249
C_P1_1,14,1255100.0,9983700.0,CHRONIC,EAE,PEAK1,16.0,3.0,3.0,20250110,0.1257149153119585
C_P1_2,13,1100300.0,8489200.0,CHRONIC,EAE,PEAK1,18.0,3.0,7.0,20250110,0.12961174197804268
C_P1_3,19,1199100.0,9325000.0,CHRONIC,EAE,PEAK1,18.0,3.0,5.0,20250110,0.12858981233243968
C_P1_4,9,539900.0,4099200.0,CHRONIC,EAE,PEAK1,13.0,2.5,2.0,20260506,0.13170862607338016
C_P1_5,8,800300.0,4509100.0,CHRONIC,EAE,PEAK1,15.0,3.0,4.0,20260506,0.17748552926304584
C_P1_6,5,657200.0,4390200.0,CHRONIC,EAE,PEAK1,15.0,3.25,4.0,20260506,0.14969705252608081
C_S16_1,10,720200.0,6053400.0,CHRONIC,EAE,SEVERE16,29.0,2.5,16.0,20260506,0.11897446063369346
C_S16_2,18,853800.0,9317000.0,CHRONIC,EAE,SEVERE16,28.0,2.5,15.0,20260506,0.09163893957282387
C_S16_3,14,531800.0,6329400.0,CHRONIC,EAE,SEVERE16,28.0,2.5,16.0,20260506,0.08402060226877744
C_S30_1,8,927200.0,6066600.0,CHRONIC,EAE,SEVERE30,41.0,2.5,30.0,20260506,0.15283684436092704
C_S30_2,11,817200.0,6158700.0,CHRONIC,EAE,SEVERE30,41.0,2.25,30.0,20260506,0.1326903404939354
RR_CFA_1,4,39200.0,9700400.0,RELAPSE REMITTING,CONTROL,PLP CFA,33.0,0.0,,20250605,0.0040410704713207705
RR_CFA_2,7,98500.0,10845500.0,RELAPSE REMITTING,CONTROL,PLP CFA,33.0,0.0,,20250605,0.00908210778663962
RR_CFA_3,8,66300.0,10812500.0,RELAPSE REMITTING,CONTROL,PLP CFA,33.0,0.0,,20250605,0.006131791907514451
RR_MP_1,21,658100.0,10210400.0,RELAPSE REMITTING,EAE,MONOPHASIC,33.0,0.5,19.0,20250605,0.06445389015121837
RR_MP_2,22,1072100.0,10202600.0,RELAPSE REMITTING,EAE,MONOPHASIC,33.0,0.75,18.0,20250605,0.10508105776958815
RR_MP_3,21,632500.0,10175900.0,RELAPSE REMITTING,EAE,MONOPHASIC,32.0,0.75,19.0,20250605,0.06215666427539579
RR_MP_4,22,1143800.0,10910100.0,RELAPSE REMITTING,EAE,MONOPHASIC,33.0,0.5,20.0,20250605,0.10483863575952558
RR_OS1_1,14,412000.0,10249800.0,RELAPSE REMITTING,EAE,ONSET1,11.0,0.25,,20250605,0.04019590626158559
RR_OS1_2,14,248500.0,10695400.0,RELAPSE REMITTING,EAE,ONSET1,15.0,0.25,,20250605,0.02323428763767601
RR_OS2_1,12,376100.0,9290300.0,RELAPSE REMITTING,EAE,ONSET2,13.0,1.0,0.0,20250605,0.04048308450749707
RR_OS2_2,13,608400.0,10523100.0,RELAPSE REMITTING,EAE,ONSET2,13.0,1.0,0.0,20250605,0.05781566268495025
RR_P1_1,33,1255400.0,10683400.0,RELAPSE REMITTING,EAE,PEAK1,18.0,2.5,5.0,20250605,0.11750940711758429
RR_P1_2,37,1974200.0,13646000.0,RELAPSE REMITTING,EAE,PEAK1,17.0,3.0,3.0,20250605,0.1446724314817529
RR_P1_3,29,1084800.0,11027900.0,RELAPSE REMITTING,EAE,PEAK1,18.0,2.25,4.0,20250605,0.09836868306749245
RR_P1_5,25,2062900.0,14339000.0,RELAPSE REMITTING,EAE,PEAK1,14.0,3.25,3.0,20260506,0.14386637840853617
RR_P2M_1,22,1267400.0,11818700.0,RELAPSE REMITTING,EAE,PEAK2_MILD,31.0,1.75,17.0,20250605,0.10723683653870561
RR_P2M_2,20,1220100.0,11014600.0,RELAPSE REMITTING,EAE,PEAK2_MILD,31.0,2.25,19.0,20250605,0.11077115828082726
RR_P2_3,13,1241700.0,9893100.0,RELAPSE REMITTING,EAE,PEAK2,33.0,2.75,21.0,20250605,0.12551172028989901
RR_P2_4,23,2803200.0,14546500.0,RELAPSE REMITTING,EAE,PEAK2,32.0,3.0,20.0,20260506,0.19270614924552298
RR_P3_1,21,1566000.0,11307900.0,RELAPSE REMITTING,EAE,PEAK3,48.0,2.5,34.0,20250605,0.13848725227495823
RR_P3_2,18,1502700.0,13160800.0,RELAPSE REMITTING,EAE,PEAK3,48.0,3.0,34.0,20250605,0.1141799890584159
RR_P3_3,26,1881300.0,12173400.0,RELAPSE REMITTING,EAE,PEAK3,38.0,3.0,25.0,20250605,0.15454186997880626
RR_P3_4,21,1286900.0,11780700.0,RELAPSE REMITTING,EAE,PEAK3,49.0,2.25,36.0,20260506,0.10923799095130171
RR_P3_5,17,1554300.0,11186000.0,RELAPSE REMITTING,EAE,PEAK3,49.0,2.5,38.0,20260506,0.1389504738065439
RR_R1_1,30,724400.0,11019000.0,RELAPSE REMITTING,EAE,REMISSION1,20.0,0.5,7.0,20250605,0.06574099283056539
RR_R1_2,16,1367500.0,8723400.0,RELAPSE REMITTING,EAE,REMISSION1,25.0,0.75,12.0,20250605,0.156762271591352
RR_R1_3,23,721600.0,10218000.0,RELAPSE REMITTING,EAE,REMISSION1,21.0,0.5,7.0,20250605,0.07062047367390879
RR_R1_4,30,1241600.0,13863700.0,RELAPSE REMITTING,EAE,REMISSION1,22.0,1.0,9.0,20260506,0.08955762170272005
RR_R1_6,22,767100.0,12302400.0,RELAPSE REMITTING,EAE,REMISSION1,22.0,0.75,10.0,20260506,0.062353687085446745
RR_R2LONG_1,22,759700.0,11373000.0,RELAPSE REMITTING,EAE,REMISSION2_LONG,48.0,0.75,34.0,20250605,0.06679855798821771
RR_R2_3,19,1094300.0,12081300.0,RELAPSE REMITTING,EAE,REMISSION2,42.0,1.25,30.0,20260506,0.09057800071184392
RR_R2_4,20,1389800.0,12085400.0,RELAPSE REMITTING,EAE,REMISSION2,47.0,1.25,36.0,20260506,0.11499826236616083
RR_R2_5,20,970700.0,11539600.0,RELAPSE REMITTING,EAE,REMISSION2,44.0,1.0,31.0,20260506,0.08411903358868592
