section,animal,lesion,area_um2,n_cells,n_cells_mask,pu1_fraction,cells_per_mm2
C2_G1_Bot_0,C_S16_2,0,100400.0,1194,790,0.4103852596314908,7868.525896414342
C2_G1_Bot_0,C_S16_2,1,5700.0,114,58,0.43859649122807015,10175.438596491227
C2_G1_Bot_0,C_S16_2,2,15500.0,244,83,0.45081967213114754,5354.8387096774195
C2_G1_Bot_0,C_S16_2,3,61300.0,682,406,0.4501466275659824,6623.1647634584015
C2_G1_Bot_0,C_S16_2,4,81500.0,964,686,0.4242738589211618,8417.177914110429
C2_G1_Bot_0,C_S16_2,5,11100.0,190,83,0.4,7477.477477477477
C2_G1_Bot_0,C_S16_2,6,93600.0,946,659,0.48308668076109934,7040.59829059829
C2_G1_Bot_0,C_S16_2,7,52500.0,563,376,0.46714031971580816,7161.904761904762
C2_G1_Bot_0,C_S16_2,8,12200.0,138,63,0.6014492753623188,5163.934426229508
C2_G1_Bot_1,C_M16_1,0,5400.0,43,18,0.3488372093023256,3333.333333333333
C2_G1_Bot_1,C_M16_1,1,16100.0,105,45,0.3142857142857143,2795.031055900621
C2_G1_Bot_1,C_M16_1,2,15900.0,132,38,0.25,2389.937106918239
C2_G1_Bot_1,C_M16_1,3,17600.0,194,61,0.18556701030927836,3465.9090909090905
C2_G1_Bot_1,C_M16_1,4,67100.0,351,217,0.28205128205128205,3233.9791356184796
C2_G1_Bot_1,C_M16_1,5,20800.0,127,52,0.33858267716535434,2500.0
C2_G1_Bot_1,C_M16_1,6,89000.0,643,369,0.2286158631415241,4146.067415730337
C2_G1_Bot_2,C_S30_2,0,342500.0,2282,1865,0.4566170026292726,5445.255474452554
C2_G1_Bot_2,C_S30_2,1,27600.0,272,174,0.30514705882352944,6304.347826086957
C2_G1_Bot_2,C_S30_2,2,11800.0,128,57,0.3203125,4830.5084745762715
C2_G1_Bot_2,C_S30_2,3,100800.0,947,558,0.2914466737064414,5535.714285714285
C2_G1_Bot_2,C_S30_2,4,5500.0,98,16,0.336734693877551,2909.0909090909095
C2_G1_Mid_0,C_OS1_5,0,110200.0,548,337,0.19525547445255476,3058.0762250453718
C2_G1_Mid_0,C_OS1_5,1,6000.0,37,12,0.2972972972972973,2000.0
C2_G1_Mid_0,C_OS1_5,2,15200.0,106,71,0.18867924528301888,4671.0526315789475
C2_G1_Mid_0,C_OS1_5,3,24900.0,111,71,0.22522522522522523,2851.40562248996
C2_G1_Mid_0,C_OS1_5,4,19000.0,104,65,0.18269230769230768,3421.0526315789475
C2_G1_Mid_0,C_OS1_5,5,5700.0,86,19,0.13953488372093023,3333.333333333333
C2_G1_Mid_0,C_OS1_5,6,80200.0,339,269,0.26253687315634217,3354.114713216958
C2_G1_Mid_0,C_OS1_5,7,5000.0,32,11,0.25,2200.0
C2_G1_Mid_1,C_S16_1,0,50700.0,351,270,0.38461538461538464,5325.443786982249
C2_G1_Mid_1,C_S16_1,1,160500.0,1269,929,0.3341213553979511,5788.16199376947
C2_G1_Mid_1,C_S16_1,2,5500.0,72,17,0.2916666666666667,3090.909090909091
C2_G1_Mid_1,C_S16_1,3,14400.0,98,38,0.3673469387755102,2638.888888888889
C2_G1_Mid_1,C_S16_1,4,32600.0,252,150,0.30158730158730157,4601.226993865032
C2_G1_Mid_2,C_P1_4,0,5400.0,118,34,0.3559322033898305,6296.296296296296
C2_G1_Mid_2,C_P1_4,1,9500.0,156,65,0.3269230769230769,6842.105263157895
C2_G1_Mid_2,C_P1_4,2,38500.0,421,256,0.3515439429928741,6649.350649350649
C2_G1_Mid_2,C_P1_4,3,11400.0,207,87,0.26570048309178745,7631.578947368421
C2_G1_Mid_2,C_P1_4,4,12800.0,137,77,0.48175182481751827,6015.625
C2_G1_Mid_2,C_P1_4,5,111200.0,950,794,0.5378947368421053,7140.287769784173
C2_G1_Mid_2,C_P1_4,6,127400.0,1085,866,0.5889400921658986,6797.488226059654
C2_G1_Mid_2,C_P1_4,7,199100.0,1811,1535,0.6940916620651574,7709.693621295832
C2_G1_Mid_2,C_P1_4,8,24600.0,335,185,0.31044776119402984,7520.325203252032
C2_G1_Top_0,C_M16_2,0,104300.0,1122,600,0.20944741532976827,5752.636625119846
C2_G1_Top_0,C_M16_2,1,5900.0,65,21,0.3384615384615385,3559.322033898305
C2_G1_Top_0,C_M16_2,2,19600.0,267,153,0.20599250936329588,7806.122448979592
C2_G1_Top_0,C_M16_2,3,9700.0,100,36,0.29,3711.340206185567
C2_G1_Top_0,C_M16_2,4,69800.0,513,348,0.30214424951267055,4985.67335243553
C2_G1_Top_0,C_M16_2,5,28800.0,317,146,0.21766561514195584,5069.444444444444
C2_G1_Top_1,C_NS_4,0,7900.0,31,10,0.12903225806451613,1265.8227848101264
C2_G1_Top_2,C_S30_2,0,48500.0,307,141,0.31596091205211724,2907.2164948453606
C2_G1_Top_2,C_S30_2,1,12900.0,91,41,0.3626373626373626,3178.294573643411
C2_G1_Top_2,C_S30_2,2,7200.0,37,18,0.5675675675675675,2500.0
C2_G1_Top_2,C_S30_2,3,102700.0,699,471,0.3147353361945637,4586.1733203505355
C2_G1_Top_2,C_S30_2,4,9600.0,90,53,0.28888888888888886,5520.833333333334
C2_G1_Top_2,C_S30_2,5,148100.0,950,670,0.2926315789473684,4523.970290344361
C2_G2_Bot_0,C_P1_5,0,10500.0,179,87,0.5083798882681564,8285.714285714284
C2_G2_Bot_0,C_P1_5,1,130500.0,1386,1007,0.6334776334776335,7716.47509578544
C2_G2_Bot_0,C_P1_5,2,25600.0,324,241,0.6265432098765432,9414.0625
C2_G2_Bot_0,C_P1_5,3,596100.0,5792,4873,0.6251726519337016,8174.802885421909
C2_G2_Bot_0,C_P1_5,4,5600.0,115,55,0.5478260869565217,9821.42857142857
C2_G2_Bot_0,C_P1_5,5,12800.0,190,121,0.5368421052631579,9453.125
C2_G2_Bot_0,C_P1_5,6,8400.0,175,67,0.5314285714285715,7976.190476190477
C2_G2_Bot_0,C_P1_5,7,10800.0,229,127,0.462882096069869,11759.25925925926
C2_G2_Bot_2,C_S30_1,0,118900.0,554,389,0.35018050541516244,3271.6568544995794
C2_G2_Bot_2,C_S30_1,1,50000.0,236,155,0.326271186440678,3100.0
C2_G2_Bot_2,C_S30_1,2,32400.0,235,113,0.251063829787234,3487.6543209876545
C2_G2_Bot_2,C_S30_1,3,13500.0,62,31,0.45161290322580644,2296.2962962962965
C2_G2_Bot_2,C_S30_1,4,13000.0,67,29,0.417910447761194,2230.769230769231
C2_G2_Bot_2,C_S30_1,5,211900.0,1044,681,0.2950191570881226,3213.780084945729
C2_G2_Mid_0,C_M16_3,0,17300.0,104,27,0.2692307692307692,1560.6936416184972
C2_G2_Mid_0,C_M16_3,1,12000.0,62,31,0.3225806451612903,2583.3333333333335
C2_G2_Mid_0,C_M16_3,2,29800.0,157,100,0.28662420382165604,3355.7046979865772
C2_G2_Mid_0,C_M16_3,3,100200.0,368,290,0.40217391304347827,2894.2115768463073
C2_G2_Mid_0,C_M16_3,4,25500.0,218,123,0.1743119266055046,4823.529411764706
C2_G2_Mid_0,C_M16_3,5,9200.0,99,30,0.18181818181818182,3260.8695652173915
C2_G2_Mid_0,C_M16_3,6,6900.0,43,16,0.27906976744186046,2318.840579710145
C2_G2_Mid_0,C_M16_3,7,29600.0,136,65,0.27941176470588236,2195.945945945946
C2_G2_Mid_1,C_S16_2,0,19700.0,105,67,0.41904761904761906,3401.0152284263963
C2_G2_Mid_1,C_S16_2,1,181200.0,1081,897,0.32932469935245146,4950.3311258278145
C2_G2_Mid_1,C_S16_2,2,15500.0,131,82,0.2900763358778626,5290.322580645161
C2_G2_Mid_1,C_S16_2,3,6400.0,59,22,0.3389830508474576,3437.5
C2_G2_Mid_1,C_S16_2,4,91400.0,538,399,0.36059479553903345,4365.426695842451
C2_G2_Mid_1,C_S16_2,5,8700.0,61,27,0.39344262295081966,3103.4482758620693
C2_G2_Mid_1,C_S16_2,6,21600.0,145,66,0.38620689655172413,3055.555555555555
C2_G2_Mid_1,C_S16_2,7,16800.0,107,63,0.3644859813084112,3750.0000000000005
C2_G2_Mid_1,C_S16_2,8,58700.0,338,214,0.3254437869822485,3645.655877342419
C2_G2_Mid_2,C_CFA_4,0,9400.0,21,11,0.19047619047619047,1170.2127659574467
C2_G2_Mid_2,C_CFA_4,1,12700.0,21,10,0.23809523809523808,787.4015748031496
C2_G2_Mid_2,C_CFA_4,2,6300.0,23,8,0.13043478260869565,1269.8412698412699
C2_G2_Mid_2,C_CFA_4,3,5400.0,21,3,0.14285714285714285,555.5555555555555
C2_G2_Top_1,C_S16_1,0,5000.0,164,56,0.22560975609756098,11200.0
C2_G2_Top_1,C_S16_1,1,176100.0,1493,1097,0.4842598794373744,6229.415105053947
C2_G2_Top_1,C_S16_1,2,264700.0,2373,1959,0.47661188369152974,7400.831129580658
C2_G2_Top_1,C_S16_1,3,5300.0,147,50,0.3129251700680272,9433.962264150943
C2_G2_Top_1,C_S16_1,4,5400.0,122,35,0.3442622950819672,6481.481481481481
C2_G2_Top_2,C_M16_3,0,58800.0,247,172,0.27530364372469635,2925.170068027211
C2_G2_Top_2,C_M16_3,1,8000.0,36,15,0.4166666666666667,1875.0
C2_G2_Top_2,C_M16_3,2,45100.0,215,122,0.26976744186046514,2705.09977827051
C2_G2_Top_2,C_M16_3,3,8800.0,62,21,0.27419354838709675,2386.363636363636
C2_G2_Top_2,C_M16_3,4,30200.0,199,126,0.2613065326633166,4172.185430463576
C2_G2_Top_2,C_M16_3,5,28500.0,146,105,0.2808219178082192,3684.210526315789
C2_G2_Top_2,C_M16_3,6,15500.0,143,62,0.16783216783216784,4000.0
C2_G2_Top_2,C_M16_3,7,17500.0,85,52,0.3058823529411765,2971.428571428571
C2_G3_Bot_0,C_S16_3,0,9100.0,139,42,0.2805755395683453,4615.384615384615
C2_G3_Bot_0,C_S16_3,1,7000.0,68,29,0.4852941176470588,4142.857142857143
C2_G3_Bot_0,C_S16_3,2,42800.0,406,253,0.3078817733990148,5911.214953271028
C2_G3_Bot_0,C_S16_3,3,9500.0,78,36,0.48717948717948717,3789.4736842105262
C2_G3_Bot_0,C_S16_3,4,72400.0,590,395,0.3576271186440678,5455.8011049723755
C2_G3_Bot_0,C_S16_3,5,27500.0,298,193,0.28523489932885904,7018.181818181818
C2_G3_Bot_0,C_S16_3,6,24000.0,291,179,0.24054982817869416,7458.333333333333
C2_G3_Bot_2,C_S30_1,0,451400.0,3835,2658,0.26727509778357234,5888.3473637572
C2_G3_Bot_2,C_S30_1,1,36100.0,291,166,0.2920962199312715,4598.337950138504
C2_G3_Mid_0,C_S16_3,0,74200.0,560,298,0.3267857142857143,4016.172506738544
C2_G3_Mid_0,C_S16_3,1,24800.0,287,154,0.22996515679442509,6209.677419354839
C2_G3_Mid_0,C_S16_3,2,77700.0,625,424,0.3136,5456.885456885457
C2_G3_Mid_0,C_S16_3,3,21000.0,252,198,0.24603174603174602,9428.571428571428
C2_G3_Mid_0,C_S16_3,4,60800.0,692,414,0.23410404624277456,6809.210526315789
C2_G3_Mid_0,C_S16_3,5,67200.0,603,399,0.2736318407960199,5937.5
C2_G3_Mid_0,C_S16_3,6,13800.0,184,85,0.21739130434782608,6159.420289855073
C2_G3_Mid_2,C_M16_2,0,29300.0,249,142,0.24497991967871485,4846.41638225256
C2_G3_Mid_2,C_M16_2,1,13100.0,80,41,0.375,3129.770992366412
C2_G3_Mid_2,C_M16_2,2,6100.0,78,21,0.24358974358974358,3442.622950819672
C2_G3_Mid_2,C_M16_2,3,8900.0,53,22,0.5094339622641509,2471.9101123595506
C2_G3_Mid_2,C_M16_2,4,11000.0,86,30,0.3023255813953488,2727.2727272727275
C2_G3_Mid_2,C_M16_2,5,16200.0,151,62,0.2582781456953642,3827.1604938271607
C2_G3_Mid_2,C_M16_2,6,7200.0,99,21,0.2727272727272727,2916.666666666667
C2_G3_Mid_2,C_M16_2,7,9700.0,76,40,0.3157894736842105,4123.711340206185
C2_G3_Mid_2,C_M16_2,8,130300.0,993,629,0.2537764350453172,4827.321565617805
C2_G3_Top_0,C_P1_6,0,274200.0,3123,2647,0.5981428113992956,9653.537563822028
C2_G3_Top_0,C_P1_6,1,125500.0,1557,1269,0.6095054592164418,10111.553784860558
C2_G3_Top_0,C_P1_6,2,220100.0,2590,2238,0.6123552123552124,10168.105406633349
C2_G3_Top_0,C_P1_6,3,9100.0,223,104,0.47533632286995514,11428.571428571428
C2_G3_Top_0,C_P1_6,4,28300.0,512,306,0.45703125,10812.720848056537
C2_G3_Top_1,C_CFA_6,0,6200.0,24,9,0.20833333333333334,1451.6129032258066
C2_G3_Top_1,C_CFA_6,1,12000.0,43,18,0.18604651162790697,1500.0
C2_G3_Top_1,C_CFA_6,2,11200.0,49,18,0.1836734693877551,1607.142857142857
C2_G3_Top_2,C_NS_5,0,7000.0,40,11,0.15,1571.4285714285713
G3_L1_0,C_NS_1,0,8500.0,20,8,0.2,941.1764705882352
G3_L1_0,C_NS_1,1,10500.0,22,8,0.18181818181818182,761.9047619047618
G3_L1_0,C_NS_1,2,5500.0,19,4,0.15789473684210525,727.2727272727274
G3_L1_0,C_NS_1,3,13200.0,29,16,0.1724137931034483,1212.1212121212122
G3_L1_0,C_NS_1,4,6600.0,21,10,0.14285714285714285,1515.1515151515152
G3_L1_1,C_P1_1,0,400400.0,3611,3150,0.7327610080310163,7867.132867132867
G3_L1_1,C_P1_1,1,53600.0,592,483,0.6300675675675675,9011.194029850745
G3_L1_1,C_P1_1,2,21100.0,206,175,0.6650485436893204,8293.838862559242
G3_L1_1,C_P1_1,3,396000.0,3377,2886,0.6721942552561445,7287.878787878788
G3_L1_1,C_P1_1,4,5500.0,137,68,0.3722627737226277,12363.636363636364
G3_L1_1,C_P1_1,5,7000.0,130,84,0.46923076923076923,12000.0
G3_L1_1,C_P1_1,6,45300.0,519,344,0.5510597302504817,7593.818984547462
G3_L1_1,C_P1_1,7,119400.0,1182,987,0.5854483925549916,8266.331658291458
G3_L1_2,C_OS1_3,0,27100.0,145,111,0.27586206896551724,4095.940959409594
G3_L1_2,C_OS1_3,1,14600.0,89,36,0.2808988764044944,2465.753424657534
G3_L1_2,C_OS1_3,2,6500.0,37,11,0.4594594594594595,1692.3076923076924
G3_L1_2,C_OS1_3,3,51700.0,532,299,0.16917293233082706,5783.3655705996125
G3_L1_2,C_OS1_3,4,12900.0,90,36,0.23333333333333334,2790.6976744186045
G3_L1_2,C_OS1_3,5,6300.0,68,17,0.23529411764705882,2698.4126984126983
G3_L1_2,C_OS1_3,6,53200.0,258,204,0.4806201550387597,3834.5864661654136
G3_L1_2,C_OS1_3,7,140300.0,811,624,0.3711467324290999,4447.6122594440485
G3_L1_2,C_OS1_3,8,7100.0,61,26,0.2786885245901639,3661.9718309859154
G3_L1_2,C_OS1_3,9,13800.0,122,46,0.22131147540983606,3333.3333333333335
G3_L1_2,C_OS1_3,10,12900.0,74,41,0.3108108108108108,3178.294573643411
G3_L2_0,C_NS_2,0,5300.0,8,3,0.25,566.0377358490566
G3_L2_0,C_NS_2,1,10400.0,26,10,0.15384615384615385,961.5384615384615
G3_L2_0,C_NS_2,2,9700.0,17,5,0.23529411764705882,515.4639175257731
G3_L2_1,C_OS1_1,0,15500.0,74,38,0.2702702702702703,2451.6129032258063
G3_L2_1,C_OS1_1,1,71400.0,506,303,0.17984189723320157,4243.697478991597
G3_L2_1,C_OS1_1,2,100200.0,446,357,0.47757847533632286,3562.8742514970063
G3_L2_1,C_OS1_1,3,392400.0,1928,1773,0.5954356846473029,4518.3486238532105
G3_L2_1,C_OS1_1,4,42000.0,194,125,0.29381443298969073,2976.190476190476
G3_L2_1,C_OS1_1,5,6800.0,54,29,0.2222222222222222,4264.705882352941
G3_L2_2,C_P1_2,0,218000.0,1248,1010,0.4775641025641026,4633.027522935779
G3_L2_2,C_P1_2,1,86600.0,554,433,0.44945848375451264,5000.0
G3_L2_2,C_P1_2,2,203000.0,1562,1395,0.470550576184379,6871.921182266009
G3_L2_2,C_P1_2,3,8300.0,146,62,0.273972602739726,7469.879518072289
G3_L2_2,C_P1_2,4,94100.0,829,555,0.29794933655006034,5897.98087141339
G3_L2_2,C_P1_2,5,30200.0,178,124,0.5337078651685393,4105.960264900662
G3_L3_0,C_NS_3,0,7100.0,11,2,0.18181818181818182,281.6901408450704
G3_L3_0,C_NS_3,1,6200.0,17,6,0.17647058823529413,967.741935483871
G3_L3_0,C_NS_3,2,17900.0,24,16,0.20833333333333334,893.8547486033519
G3_L3_0,C_NS_3,3,29400.0,31,22,0.22580645161290322,748.2993197278912
G3_L3_0,C_NS_3,4,32500.0,68,39,0.16176470588235295,1200.0
G3_L3_0,C_NS_3,5,9400.0,15,11,0.2,1170.2127659574467
G3_L3_1,C_OS1_2,0,7800.0,33,19,0.21212121212121213,2435.897435897436
G3_L3_1,C_OS1_2,1,20300.0,78,43,0.19230769230769232,2118.226600985222
G3_L3_1,C_OS1_2,2,30600.0,86,58,0.23255813953488372,1895.4248366013073
G3_L3_1,C_OS1_2,3,27800.0,119,79,0.19327731092436976,2841.7266187050363
G3_L3_1,C_OS1_2,4,11300.0,39,20,0.2564102564102564,1769.911504424779
G3_L3_1,C_OS1_2,5,11500.0,46,18,0.17391304347826086,1565.2173913043478
G3_L3_1,C_OS1_2,6,7200.0,61,5,0.19672131147540983,694.4444444444445
G3_L3_1,C_OS1_2,7,7200.0,28,11,0.21428571428571427,1527.7777777777778
G3_L3_1,C_OS1_2,8,5700.0,18,7,0.2222222222222222,1228.0701754385964
G3_L3_1,C_OS1_2,9,6900.0,40,9,0.175,1304.3478260869565
G3_L3_1,C_OS1_2,10,34200.0,139,90,0.18705035971223022,2631.578947368421
G3_L3_2,C_P1_3,0,26100.0,190,143,0.43157894736842106,5478.927203065134
G3_L3_2,C_P1_3,1,265900.0,1579,1441,0.4990500316656111,5419.330575404287
G3_L3_2,C_P1_3,2,231000.0,1366,1209,0.5812591508052709,5233.766233766233
G3_L3_2,C_P1_3,3,69800.0,417,335,0.5323741007194245,4799.4269340974215
G3_L3_2,C_P1_3,4,57700.0,366,230,0.4672131147540984,3986.1351819757365
G3_L3_2,C_P1_3,5,78600.0,568,474,0.5651408450704225,6030.534351145038
G3_L3_2,C_P1_3,6,20200.0,121,74,0.5619834710743802,3663.3663366336636
G3_L3_2,C_P1_3,7,6900.0,107,40,0.32710280373831774,5797.101449275362
G3_L3_2,C_P1_3,8,15400.0,208,99,0.27403846153846156,6428.571428571428
G3_L3_2,C_P1_3,9,8200.0,77,34,0.45454545454545453,4146.341463414634
G4_L1_0,C_L_1,0,544200.0,2475,1954,0.29494949494949496,3590.5916942300623
G4_L1_0,C_L_1,1,13100.0,78,44,0.23076923076923078,3358.7786259541986
G4_L1_0,C_L_1,2,5600.0,57,13,0.19298245614035087,2321.4285714285716
G4_L1_0,C_L_1,3,9500.0,103,39,0.1650485436893204,4105.263157894737
G4_L1_1,C_CFA_3,0,5000.0,32,9,0.125,1800.0
G4_L1_1,C_CFA_3,1,6300.0,34,8,0.11764705882352941,1269.8412698412699
G4_L1_2,C_L_4,0,305100.0,1231,933,0.3151909017059301,3058.0137659783677
G4_L1_2,C_L_4,1,8600.0,50,20,0.32,2325.5813953488373
G4_L1_2,C_L_4,2,25600.0,123,65,0.3170731707317073,2539.0625
G4_L2_0,C_L_2,0,498700.0,2661,2176,0.2946260804208944,4363.344696210146
G4_L2_0,C_L_2,1,12300.0,81,41,0.2716049382716049,3333.3333333333335
G4_L2_1,C_L_5,0,49900.0,190,120,0.43157894736842106,2404.809619238477
G4_L2_1,C_L_5,1,23900.0,207,124,0.1932367149758454,5188.284518828452
G4_L2_1,C_L_5,2,231900.0,1334,1025,0.2698650674662669,4420.008624407072
G4_L2_1,C_L_5,3,5700.0,52,30,0.23076923076923078,5263.157894736842
G4_L2_1,C_L_5,4,125000.0,617,523,0.4246353322528363,4184.0
G4_L2_2,C_CFA_1,0,10700.0,10,7,0.4,654.2056074766356
G4_L2_2,C_CFA_1,1,5000.0,19,6,0.15789473684210525,1200.0
G4_L3_0,C_L_3,0,14400.0,135,60,0.34814814814814815,4166.666666666667
G4_L3_0,C_L_3,1,856700.0,6260,5526,0.4715654952076677,6450.332671880471
G4_L3_0,C_L_3,2,7400.0,107,41,0.2803738317757009,5540.54054054054
G4_L3_1,C_OS1_4,0,75900.0,336,282,0.39285714285714285,3715.415019762846
G4_L3_1,C_OS1_4,1,5200.0,48,20,0.1875,3846.153846153846
G4_L3_1,C_OS1_4,2,6200.0,41,10,0.24390243902439024,1612.9032258064517
G4_L3_1,C_OS1_4,3,14900.0,73,31,0.2328767123287671,2080.536912751678
G4_L3_1,C_OS1_4,4,14500.0,107,64,0.17757009345794392,4413.793103448275
G4_L3_1,C_OS1_4,5,9700.0,64,31,0.171875,3195.8762886597938
G4_L3_1,C_OS1_4,6,100900.0,464,389,0.35344827586206895,3855.302279484638
G4_L3_1,C_OS1_4,7,5000.0,32,7,0.28125,1400.0
G4_L3_2,C_CFA_2,0,10600.0,43,13,0.13953488372093023,1226.4150943396226
G5_L1_0,C_NS_1,0,10400.0,16,7,0.1875,673.0769230769231
G5_L1_0,C_NS_1,1,13100.0,37,16,0.13513513513513514,1221.3740458015266
G5_L1_0,C_NS_1,2,7600.0,13,5,0.15384615384615385,657.8947368421053
G5_L1_0,C_NS_1,3,9500.0,25,9,0.12,947.3684210526316
G5_L1_1,C_P1_1,0,52000.0,590,371,0.17288135593220338,7134.615384615385
G5_L1_1,C_P1_1,1,38700.0,171,87,0.38596491228070173,2248.062015503876
G5_L1_1,C_P1_1,2,53000.0,259,199,0.4671814671814672,3754.7169811320755
G5_L1_1,C_P1_1,3,5200.0,94,29,0.1702127659574468,5576.923076923077
G5_L1_1,C_P1_1,4,10000.0,143,54,0.16083916083916083,5400.0
G5_L1_1,C_P1_1,5,47900.0,410,264,0.21951219512195122,5511.482254697286
G5_L1_2,C_OS1_3,0,11300.0,60,33,0.21666666666666667,2920.353982300885
G5_L1_2,C_OS1_3,1,18300.0,81,63,0.2222222222222222,3442.622950819672
G5_L1_2,C_OS1_3,2,72100.0,256,194,0.33203125,2690.707350901526
G5_L1_2,C_OS1_3,3,85200.0,638,491,0.28056426332288403,5762.910798122066
G5_L1_2,C_OS1_3,4,10000.0,66,30,0.19696969696969696,3000.0
G5_L2_0,C_NS_2,0,12000.0,40,13,0.15,1083.3333333333333
G5_L2_0,C_NS_2,1,17300.0,29,15,0.1724137931034483,867.0520231213873
G5_L2_0,C_NS_2,2,20700.0,57,20,0.15789473684210525,966.1835748792271
G5_L2_0,C_NS_2,3,7800.0,24,5,0.16666666666666666,641.0256410256411
G5_L2_0,C_NS_2,4,10200.0,24,9,0.125,882.3529411764705
G5_L2_1,C_OS1_1,0,64400.0,428,297,0.25,4611.801242236025
G5_L2_1,C_OS1_1,1,10400.0,53,29,0.20754716981132076,2788.4615384615386
G5_L2_1,C_OS1_1,2,7100.0,38,11,0.23684210526315788,1549.2957746478871
G5_L2_1,C_OS1_1,3,6500.0,76,8,0.15789473684210525,1230.7692307692307
G5_L2_1,C_OS1_1,4,6000.0,31,13,0.2903225806451613,2166.6666666666665
G5_L2_1,C_OS1_1,5,82800.0,477,354,0.1970649895178197,4275.36231884058
G5_L2_2,C_P1_2,0,250000.0,1387,1183,0.5803893294881038,4732.0
G5_L2_2,C_P1_2,1,47000.0,293,236,0.5836177474402731,5021.276595744681
G5_L2_2,C_P1_2,2,5500.0,61,20,0.5245901639344263,3636.3636363636365
G5_L2_2,C_P1_2,3,12200.0,130,98,0.3769230769230769,8032.786885245901
G5_L2_2,C_P1_2,4,10400.0,167,59,0.2874251497005988,5673.076923076924
G5_L2_2,C_P1_2,5,122500.0,653,511,0.55895865237366,4171.428571428572
G5_L2_2,C_P1_2,6,12500.0,107,43,0.4953271028037383,3440.0
G5_L3_0,C_NS_3,0,26600.0,68,32,0.16176470588235295,1203.0075187969926
G5_L3_1,C_OS1_2,0,29300.0,69,43,0.2608695652173913,1467.5767918088738
G5_L3_1,C_OS1_2,1,6000.0,19,13,0.21052631578947367,2166.6666666666665
G5_L3_1,C_OS1_2,2,17200.0,78,36,0.16666666666666666,2093.0232558139537
G5_L3_2,C_P1_3,0,5900.0,71,42,0.2676056338028169,7118.64406779661
G5_L3_2,C_P1_3,1,38400.0,261,116,0.39080459770114945,3020.8333333333335
G5_L3_2,C_P1_3,2,97500.0,647,509,0.37712519319938176,5220.51282051282
G5_L3_2,C_P1_3,3,49900.0,318,229,0.4088050314465409,4589.178356713427
G5_L3_2,C_P1_3,4,7500.0,65,26,0.35384615384615387,3466.666666666667
G5_L3_2,C_P1_3,5,25700.0,181,102,0.3867403314917127,3968.871595330739
G5_L3_2,C_P1_3,6,82900.0,458,344,0.4737991266375546,4149.577804583836
G5_L3_2,C_P1_3,7,12400.0,102,40,0.4117647058823529,3225.8064516129034
G5_L3_2,C_P1_3,8,99100.0,520,390,0.4423076923076923,3935.4187689202827
G6_L1_0,C_L_3,0,109100.0,630,352,0.26031746031746034,3226.397800183318
G6_L1_0,C_L_3,1,9300.0,86,30,0.2558139534883721,3225.8064516129034
G6_L1_0,C_L_3,2,11200.0,119,32,0.2184873949579832,2857.1428571428573
G6_L1_0,C_L_3,3,5700.0,96,20,0.21875,3508.771929824561
G6_L1_0,C_L_3,4,36800.0,246,137,0.34146341463414637,3722.826086956522
G6_L1_0,C_L_3,5,81700.0,593,402,0.2799325463743676,4920.440636474908
G6_L1_0,C_L_3,6,6800.0,54,21,0.3333333333333333,3088.2352941176473
G6_L1_0,C_L_3,7,13300.0,119,40,0.226890756302521,3007.5187969924814
G6_L1_1,C_L_2,0,182000.0,920,655,0.29239130434782606,3598.901098901099
G6_L1_1,C_L_2,1,5000.0,48,11,0.2708333333333333,2200.0
G6_L1_1,C_L_2,2,87700.0,377,222,0.3076923076923077,2531.356898517674
G6_L1_1,C_L_2,3,11300.0,94,34,0.22340425531914893,3008.849557522124
G6_L1_1,C_L_2,4,48000.0,360,245,0.24444444444444444,5104.166666666667
G6_L1_2,C_L_1,0,125200.0,493,337,0.2961460446247465,2691.693290734824
G6_L1_2,C_L_1,1,27800.0,128,84,0.296875,3021.5827338129498
G6_L1_2,C_L_1,2,5600.0,32,8,0.375,1428.5714285714287
G6_L1_2,C_L_1,3,158500.0,446,340,0.4170403587443946,2145.1104100946372
G6_L1_2,C_L_1,4,44800.0,241,139,0.23651452282157676,3102.6785714285716
G6_L2_0,C_OS1_4,0,5800.0,33,9,0.24242424242424243,1551.7241379310346
G6_L2_0,C_OS1_4,1,14900.0,86,53,0.16279069767441862,3557.046979865772
G6_L2_0,C_OS1_4,2,12400.0,49,18,0.2653061224489796,1451.6129032258066
G6_L2_0,C_OS1_4,3,7400.0,32,15,0.25,2027.0270270270269
G6_L2_0,C_OS1_4,4,50400.0,406,266,0.270935960591133,5277.777777777777
G6_L2_0,C_OS1_4,5,12500.0,60,34,0.18333333333333332,2720.0
G6_L2_0,C_OS1_4,6,7500.0,43,16,0.18604651162790697,2133.3333333333335
G6_L2_1,C_L_5,0,170000.0,632,365,0.254746835443038,2147.0588235294117
G6_L2_1,C_L_5,1,26900.0,87,47,0.3218390804597701,1747.2118959107806
G6_L2_1,C_L_5,2,21100.0,108,43,0.19444444444444445,2037.914691943128
G6_L2_1,C_L_5,3,242400.0,979,738,0.30643513789581206,3044.5544554455446
G6_L2_1,C_L_5,4,7700.0,47,19,0.2553191489361702,2467.5324675324673
G6_L2_2,C_CFA_3,0,6800.0,18,5,0.16666666666666666,735.2941176470589
G6_L2_2,C_CFA_3,1,9800.0,30,12,0.16666666666666666,1224.4897959183675
G6_L3_0,C_CFA_2,0,9400.0,25,6,0.16,638.2978723404256
G6_L3_0,C_CFA_2,1,9100.0,39,9,0.1282051282051282,989.010989010989
G6_L3_0,C_CFA_2,2,11500.0,16,8,0.1875,695.6521739130435
G6_L3_0,C_CFA_2,3,6200.0,14,6,0.14285714285714285,967.741935483871
G6_L3_1,C_CFA_1,0,5100.0,21,6,0.14285714285714285,1176.4705882352941
G6_L3_1,C_CFA_1,1,7400.0,24,3,0.125,405.40540540540536
G6_L3_1,C_CFA_1,2,5300.0,8,3,0.25,566.0377358490566
G6_L3_2,C_L_4,0,109200.0,496,260,0.3024193548387097,2380.9523809523807
G6_L3_2,C_L_4,1,194900.0,699,547,0.4248927038626609,2806.5674704976914
G6_L3_2,C_L_4,2,106100.0,470,336,0.31063829787234043,3166.823751178134
G6_L3_2,C_L_4,3,6600.0,84,28,0.19047619047619047,4242.424242424242
G6_L3_2,C_L_4,4,5600.0,51,14,0.3333333333333333,2500.0
S1_B1_0,RR_R1_1,0,101800.0,1055,866,0.25118483412322273,8506.87622789784
S1_B1_0,RR_R1_1,1,18600.0,185,132,0.2648648648648649,7096.774193548387
S1_B1_0,RR_R1_1,2,10000.0,108,38,0.28703703703703703,3800.0
S1_B1_0,RR_R1_1,3,8800.0,99,35,0.30303030303030304,3977.272727272727
S1_B1_0,RR_R1_1,4,42900.0,270,186,0.3925925925925926,4335.664335664335
S1_B1_1,RR_P2M_1,0,47000.0,291,203,0.3539518900343643,4319.148936170212
S1_B1_1,RR_P2M_1,1,140400.0,927,681,0.3182308522114347,4850.427350427351
S1_B1_1,RR_P2M_1,2,53800.0,373,193,0.32707774798927614,3587.360594795539
S1_B1_1,RR_P2M_1,3,35800.0,430,282,0.19069767441860466,7877.09497206704
S1_B1_1,RR_P2M_1,4,10600.0,88,48,0.36363636363636365,4528.301886792453
S1_B1_1,RR_P2M_1,5,266700.0,1577,1350,0.40773620798985416,5061.8672665916765
S1_B1_1,RR_P2M_1,6,170000.0,1122,864,0.3449197860962567,5082.35294117647
S1_B1_1,RR_P2M_1,7,9400.0,123,45,0.25203252032520324,4787.234042553191
S1_B1_2,RR_OS1_1,0,142500.0,526,445,0.49429657794676807,3122.8070175438597
S1_B1_2,RR_OS1_1,1,21100.0,138,57,0.2463768115942029,2701.4218009478673
S1_B1_2,RR_OS1_1,2,25600.0,225,133,0.21777777777777776,5195.3125
S1_B1_2,RR_OS1_1,3,15200.0,147,77,0.2108843537414966,5065.789473684211
S1_B1_2,RR_OS1_1,4,104300.0,934,670,0.29229122055674517,6423.777564717162
S1_B1_2,RR_OS1_1,5,5900.0,115,23,0.14782608695652175,3898.305084745763
S1_B2_0,RR_P2M_1,0,14200.0,156,74,0.22435897435897437,5211.267605633802
S1_B2_0,RR_P2M_1,1,30400.0,177,110,0.3898305084745763,3618.4210526315787
S1_B2_0,RR_P2M_1,2,18600.0,183,86,0.2459016393442623,4623.655913978495
S1_B2_0,RR_P2M_1,3,132200.0,837,578,0.3309438470728793,4372.163388804841
S1_B2_0,RR_P2M_1,4,7800.0,69,25,0.391304347826087,3205.128205128205
S1_B2_0,RR_P2M_1,5,6900.0,97,53,0.21649484536082475,7681.159420289855
S1_B2_0,RR_P2M_1,6,23800.0,282,147,0.2127659574468085,6176.470588235294
S1_B2_0,RR_P2M_1,7,28500.0,259,173,0.25868725868725867,6070.175438596491
S1_B2_0,RR_P2M_1,8,10800.0,85,54,0.3176470588235294,5000.0
S1_B2_1,RR_OS1_1,0,6700.0,64,15,0.15625,2238.805970149254
S1_B2_1,RR_OS1_1,1,14000.0,96,46,0.1875,3285.714285714286
S1_B2_1,RR_OS1_1,2,20700.0,121,77,0.19008264462809918,3719.8067632850243
S1_B2_2,RR_R1_1,0,11400.0,90,31,0.4,2719.298245614035
S1_B2_2,RR_R1_1,1,12700.0,121,66,0.30578512396694213,5196.850393700787
S1_B2_2,RR_R1_1,2,12900.0,126,56,0.2857142857142857,4341.085271317829
S1_B2_2,RR_R1_1,3,54000.0,434,254,0.31105990783410137,4703.7037037037035
S1_B2_2,RR_R1_1,4,22800.0,173,74,0.34104046242774566,3245.614035087719
S1_B2_2,RR_R1_1,5,12800.0,130,56,0.3076923076923077,4375.0
S1_B2_2,RR_R1_1,6,26900.0,195,99,0.38974358974358975,3680.2973977695165
S1_B2_2,RR_R1_1,7,6600.0,145,47,0.1724137931034483,7121.212121212121
S1_B2_2,RR_R1_1,8,39000.0,363,284,0.2975206611570248,7282.051282051282
S1_B2_2,RR_R1_1,9,13600.0,223,133,0.17040358744394618,9779.411764705883
S1_B2_2,RR_R1_1,10,40800.0,307,219,0.3257328990228013,5367.647058823529
S1_B3_0,RR_OS1_1,0,10900.0,92,43,0.15217391304347827,3944.954128440367
S1_B3_0,RR_OS1_1,1,16900.0,37,23,0.32432432432432434,1360.9467455621302
S1_B3_0,RR_OS1_1,2,7400.0,41,12,0.14634146341463414,1621.6216216216214
S1_B3_0,RR_OS1_1,3,11400.0,30,19,0.26666666666666666,1666.6666666666665
S1_B3_0,RR_OS1_1,4,9400.0,28,17,0.21428571428571427,1808.5106382978722
S1_B3_1,RR_R1_1,0,22800.0,223,148,0.24663677130044842,6491.228070175438
S1_B3_1,RR_R1_1,1,36900.0,217,157,0.35944700460829493,4254.742547425474
S1_B3_1,RR_R1_1,2,14900.0,111,60,0.36036036036036034,4026.8456375838928
S1_B3_1,RR_R1_1,3,19600.0,199,114,0.23618090452261306,5816.326530612245
S1_B3_1,RR_R1_1,4,5700.0,92,33,0.2391304347826087,5789.473684210526
S1_B3_1,RR_R1_1,5,6400.0,88,31,0.26136363636363635,4843.75
S1_B3_1,RR_R1_1,6,5100.0,80,19,0.275,3725.490196078431
S1_B3_1,RR_R1_1,7,27300.0,212,118,0.33490566037735847,4322.344322344322
S1_B3_1,RR_R1_1,8,14300.0,157,86,0.2229299363057325,6013.986013986014
S1_B3_1,RR_R1_1,9,26300.0,171,95,0.3742690058479532,3612.167300380228
S1_B3_1,RR_R1_1,10,12200.0,210,85,0.1761904761904762,6967.213114754098
S1_B3_1,RR_R1_1,11,6200.0,61,21,0.3442622950819672,3387.0967741935483
S1_B3_1,RR_R1_1,12,73900.0,443,295,0.3340857787810384,3991.880920162382
S1_B3_1,RR_R1_1,13,17200.0,265,112,0.17735849056603772,6511.627906976744
S1_B3_2,RR_P2M_1,0,18300.0,258,139,0.23255813953488372,7595.628415300546
S1_B3_2,RR_P2M_1,1,43800.0,410,320,0.32926829268292684,7305.936073059361
S1_B3_2,RR_P2M_1,2,9300.0,181,78,0.17679558011049723,8387.09677419355
S1_B3_2,RR_P2M_1,3,100600.0,846,700,0.35697399527186763,6958.250497017893
S1_B3_2,RR_P2M_1,4,88500.0,750,641,0.31866666666666665,7242.937853107345
S1_T1_0,RR_MP_1,0,7800.0,60,18,0.21666666666666667,2307.6923076923076
S1_T1_0,RR_MP_1,1,40700.0,203,136,0.2660098522167488,3341.5233415233415
S1_T1_0,RR_MP_1,2,35200.0,236,120,0.19915254237288135,3409.090909090909
S1_T1_0,RR_MP_1,3,43000.0,268,194,0.2126865671641791,4511.627906976744
S1_T1_1,RR_CFA_1,0,6100.0,16,5,0.25,819.6721311475409
S1_T1_1,RR_CFA_1,1,5300.0,30,9,0.13333333333333333,1698.1132075471698
S1_T1_2,RR_CFA_1,0,18000.0,51,29,0.1568627450980392,1611.1111111111113
S1_T2_0,RR_P1_1,0,112200.0,861,666,0.4274099883855981,5935.828877005348
S1_T2_0,RR_P1_1,1,94900.0,792,580,0.42045454545454547,6111.696522655427
S1_T2_0,RR_P1_1,2,15700.0,197,116,0.3604060913705584,7388.535031847135
S1_T2_0,RR_P1_1,3,15700.0,179,87,0.3687150837988827,5541.401273885351
S1_T2_0,RR_P1_1,4,14500.0,163,74,0.37423312883435583,5103.448275862069
S1_T2_0,RR_P1_1,5,7000.0,113,50,0.34513274336283184,7142.857142857143
S1_T2_0,RR_P1_1,6,26300.0,201,115,0.5422885572139303,4372.623574144487
S1_T2_0,RR_P1_1,7,30800.0,201,140,0.5671641791044776,4545.454545454545
S1_T2_0,RR_P1_1,8,64400.0,760,605,0.325,9394.409937888198
S1_T2_1,RR_CFA_1,0,9800.0,17,10,0.29411764705882354,1020.4081632653061
S1_T2_2,RR_MP_1,0,63900.0,311,230,0.24115755627009647,3599.3740219092333
S1_T2_2,RR_MP_1,1,5400.0,49,14,0.14285714285714285,2592.5925925925926
S1_T2_2,RR_MP_1,2,78600.0,409,224,0.23227383863080683,2849.8727735368957
S1_T2_2,RR_MP_1,3,14100.0,95,36,0.2,2553.191489361702
S1_T2_2,RR_MP_1,4,43300.0,144,94,0.3055555555555556,2170.9006928406466
S1_T2_2,RR_MP_1,5,32500.0,191,99,0.193717277486911,3046.153846153846
S1_T3_0,RR_P1_1,0,5500.0,126,57,0.373015873015873,10363.636363636364
S1_T3_0,RR_P1_1,1,16400.0,275,109,0.4290909090909091,6646.341463414634
S1_T3_0,RR_P1_1,2,17800.0,253,153,0.4505928853754941,8595.505617977527
S1_T3_0,RR_P1_1,3,12500.0,138,70,0.644927536231884,5600.0
S1_T3_0,RR_P1_1,4,65400.0,722,573,0.49445983379501385,8761.467889908257
S1_T3_0,RR_P1_1,5,39800.0,737,449,0.3120759837177748,11281.407035175878
S1_T3_0,RR_P1_1,6,30100.0,505,332,0.3504950495049505,11029.900332225914
S1_T3_0,RR_P1_1,7,143400.0,1468,1217,0.5061307901907357,8486.750348675036
S1_T3_0,RR_P1_1,8,9300.0,159,81,0.44025157232704404,8709.677419354839
S1_T3_0,RR_P1_1,9,19100.0,354,186,0.3220338983050847,9738.219895287959
S1_T3_0,RR_P1_1,10,6200.0,148,73,0.36486486486486486,11774.193548387097
S1_T3_0,RR_P1_1,11,6300.0,105,58,0.5142857142857142,9206.349206349207
S1_T3_0,RR_P1_1,12,32200.0,380,275,0.4789473684210526,8540.372670807454
S1_T3_0,RR_P1_1,13,5100.0,83,24,0.6385542168674698,4705.882352941177
S1_T3_0,RR_P1_1,14,20600.0,263,169,0.49429657794676807,8203.88349514563
S1_T3_0,RR_P1_1,15,20300.0,231,165,0.5367965367965368,8128.078817733991
S1_T3_1,RR_MP_1,0,11900.0,70,34,0.22857142857142856,2857.142857142857
S1_T3_1,RR_MP_1,1,93200.0,464,316,0.2349137931034483,3390.557939914163
S1_T3_1,RR_MP_1,2,9300.0,78,30,0.16666666666666666,3225.8064516129034
S1_T3_1,RR_MP_1,3,14400.0,99,40,0.1919191919191919,2777.777777777778
S1_T3_1,RR_MP_1,4,6200.0,29,12,0.3793103448275862,1935.483870967742
S1_T3_1,RR_MP_1,5,16300.0,109,30,0.1834862385321101,1840.4907975460123
S1_T3_1,RR_MP_1,6,71100.0,388,246,0.22164948453608246,3459.915611814346
S1_T3_1,RR_MP_1,7,27600.0,95,51,0.30526315789473685,1847.8260869565217
S1_T3_1,RR_MP_1,8,26700.0,205,73,0.17560975609756097,2734.082397003745
S1_T3_1,RR_MP_1,9,9900.0,70,33,0.22857142857142856,3333.333333333333
S1_T3_1,RR_MP_1,10,7000.0,58,19,0.20689655172413793,2714.285714285714
S1_T3_2,RR_P1_1,0,57600.0,511,400,0.4481409001956947,6944.444444444444
S1_T3_2,RR_P1_1,1,7200.0,186,60,0.26344086021505375,8333.333333333334
S1_T3_2,RR_P1_1,2,20700.0,268,187,0.39925373134328357,9033.816425120773
S1_T3_2,RR_P1_1,3,9200.0,190,110,0.29473684210526313,11956.521739130436
S1_T3_2,RR_P1_1,4,9100.0,99,57,0.5454545454545454,6263.736263736263
S1_T3_2,RR_P1_1,5,13500.0,135,67,0.6,4962.962962962963
S1_T3_2,RR_P1_1,6,275400.0,2247,1986,0.5015576323987538,7211.328976034859
S1_T3_2,RR_P1_1,7,31200.0,372,310,0.4112903225806452,9935.897435897436
S2_B1_0,RR_OS2_1,0,65500.0,359,212,0.29526462395543174,3236.6412213740455
S2_B1_0,RR_OS2_1,1,73700.0,480,283,0.3645833333333333,3839.89145183175
S2_B1_0,RR_OS2_1,2,9600.0,58,22,0.39655172413793105,2291.666666666667
S2_B1_1,RR_P2M_2,0,58000.0,579,423,0.3765112262521589,7293.103448275861
S2_B1_1,RR_P2M_2,1,23000.0,279,195,0.30824372759856633,8478.260869565218
S2_B1_1,RR_P2M_2,2,78100.0,626,489,0.4472843450479233,6261.2035851472465
S2_B1_1,RR_P2M_2,3,8700.0,84,49,0.4523809523809524,5632.183908045978
S2_B1_1,RR_P2M_2,4,5000.0,116,57,0.2672413793103448,11400.0
S2_B1_1,RR_P2M_2,5,115100.0,909,754,0.44664466446644663,6550.825369244136
S2_B1_1,RR_P2M_2,6,73400.0,759,520,0.3069828722002635,7084.468664850136
S2_B1_2,RR_OS2_1,0,29700.0,97,60,0.2268041237113402,2020.20202020202
S2_B1_2,RR_OS2_1,1,7400.0,53,18,0.16981132075471697,2432.4324324324325
S2_B2_0,RR_P2M_2,0,120200.0,698,459,0.2793696275071633,3818.6356073211314
S2_B2_0,RR_P2M_2,1,20700.0,231,74,0.18614718614718614,3574.8792270531403
S2_B2_0,RR_P2M_2,2,36900.0,301,148,0.26245847176079734,4010.840108401084
S2_B2_0,RR_P2M_2,3,85100.0,614,391,0.255700325732899,4594.594594594595
S2_B2_0,RR_P2M_2,4,8400.0,86,50,0.22093023255813954,5952.380952380952
S2_B2_0,RR_P2M_2,5,256000.0,1383,1206,0.32393347794649313,4710.9375
S2_B2_0,RR_P2M_2,6,83900.0,424,332,0.4386792452830189,3957.0917759237186
S2_B2_1,RR_MP_2,0,14200.0,166,94,0.22289156626506024,6619.718309859155
S2_B2_1,RR_MP_2,1,145700.0,806,669,0.3945409429280397,4591.626630061771
S2_B2_1,RR_MP_2,2,38500.0,332,246,0.24397590361445784,6389.61038961039
S2_B2_1,RR_MP_2,3,12800.0,147,58,0.21768707482993196,4531.25
S2_B2_1,RR_MP_2,4,5900.0,106,70,0.16037735849056603,11864.406779661018
S2_B2_1,RR_MP_2,5,33600.0,224,148,0.32142857142857145,4404.761904761905
S2_B2_1,RR_MP_2,6,16700.0,126,82,0.30158730158730157,4910.179640718563
S2_B2_1,RR_MP_2,7,12300.0,121,85,0.2727272727272727,6910.569105691056
S2_B2_2,RR_MP_2,0,9100.0,142,21,0.18309859154929578,2307.6923076923076
S2_B2_2,RR_MP_2,1,275900.0,1843,1524,0.25773195876288657,5523.740485683219
S2_B2_2,RR_MP_2,2,69200.0,623,477,0.20064205457463885,6893.063583815029
S2_B2_2,RR_MP_2,3,11900.0,196,46,0.15306122448979592,3865.5462184873945
S2_B2_2,RR_MP_2,4,10800.0,108,43,0.19444444444444445,3981.4814814814813
S2_B2_2,RR_MP_2,5,20900.0,234,125,0.18803418803418803,5980.861244019139
S2_B3_0,RR_OS2_1,0,7600.0,45,25,0.35555555555555557,3289.4736842105262
S2_B3_0,RR_OS2_1,1,8100.0,77,37,0.2987012987012987,4567.901234567901
S2_B3_0,RR_OS2_1,2,87900.0,512,332,0.326171875,3777.0193401592715
S2_B3_0,RR_OS2_1,3,9400.0,101,41,0.2376237623762376,4361.702127659574
S2_B3_0,RR_OS2_1,4,7300.0,94,42,0.20212765957446807,5753.424657534247
S2_B3_0,RR_OS2_1,5,60300.0,555,329,0.19099099099099098,5456.053067993366
S2_B3_0,RR_OS2_1,6,9600.0,128,28,0.2421875,2916.666666666667
S2_B3_1,RR_MP_2,0,9300.0,174,86,0.16091954022988506,9247.31182795699
S2_B3_1,RR_MP_2,1,17400.0,81,45,0.4567901234567901,2586.206896551724
S2_B3_1,RR_MP_2,2,12200.0,110,43,0.2636363636363636,3524.590163934426
S2_B3_1,RR_MP_2,3,10700.0,120,69,0.21666666666666667,6448.598130841122
S2_B3_1,RR_MP_2,4,31000.0,289,166,0.21107266435986158,5354.8387096774195
S2_B3_1,RR_MP_2,5,9000.0,78,32,0.2948717948717949,3555.5555555555557
S2_B3_1,RR_MP_2,6,258900.0,1860,1619,0.3403225806451613,6253.379683275395
S2_B3_1,RR_MP_2,7,46100.0,279,177,0.2867383512544803,3839.4793926247285
S2_B3_2,RR_P2M_2,0,104400.0,738,567,0.36585365853658536,5431.0344827586205
S2_B3_2,RR_P2M_2,1,19200.0,214,114,0.2616822429906542,5937.500000000001
S2_B3_2,RR_P2M_2,2,5500.0,102,54,0.23529411764705882,9818.181818181818
S2_B3_2,RR_P2M_2,3,9500.0,97,49,0.3402061855670103,5157.894736842105
S2_B3_2,RR_P2M_2,4,65600.0,532,389,0.3026315789473684,5929.878048780487
S2_B3_2,RR_P2M_2,5,43400.0,286,224,0.3881118881118881,5161.290322580645
S2_T1_0,RR_R1_2,0,300600.0,2639,2228,0.5305039787798409,7411.842980705257
S2_T1_0,RR_R1_2,1,23900.0,325,213,0.30153846153846153,8912.133891213389
S2_T1_0,RR_R1_2,2,21200.0,347,216,0.25360230547550433,10188.67924528302
S2_T1_0,RR_R1_2,3,184900.0,1490,1314,0.5543624161073826,7106.544077879935
S2_T1_0,RR_R1_2,4,54800.0,381,277,0.49868766404199477,5054.744525547445
S2_T1_0,RR_R1_2,5,11600.0,178,85,0.29213483146067415,7327.5862068965525
S2_T1_0,RR_R1_2,6,30600.0,243,188,0.6049382716049383,6143.7908496732025
S2_T1_0,RR_R1_2,7,389800.0,2700,2456,0.5596296296296296,6300.667008722422
S2_T1_0,RR_R1_2,8,113000.0,1075,746,0.36372093023255814,6601.769911504424
S2_T1_1,RR_CFA_2,0,21100.0,71,45,0.16901408450704225,2132.7014218009476
S2_T1_1,RR_CFA_2,1,18000.0,43,17,0.20930232558139536,944.4444444444446
S2_T1_1,RR_CFA_2,2,19200.0,47,26,0.2127659574468085,1354.1666666666667
S2_T1_2,RR_CFA_2,0,10600.0,31,19,0.1935483870967742,1792.4528301886792
S2_T2_0,RR_P3_1,0,96600.0,922,712,0.351409978308026,7370.6004140786745
S2_T2_0,RR_P3_1,1,75200.0,849,613,0.287396937573616,8151.595744680851
S2_T2_0,RR_P3_1,2,20500.0,299,182,0.21070234113712374,8878.048780487805
S2_T2_0,RR_P3_1,3,34000.0,327,247,0.3149847094801223,7264.7058823529405
S2_T2_0,RR_P3_1,4,155800.0,1438,1204,0.46453407510431155,7727.856225930681
S2_T2_0,RR_P3_1,5,427400.0,3624,3125,0.4177704194260486,7311.651848385587
S2_T2_1,RR_CFA_2,0,9700.0,11,11,0.36363636363636365,1134.020618556701
S2_T2_1,RR_CFA_2,1,5100.0,18,6,0.2222222222222222,1176.4705882352941
S2_T2_1,RR_CFA_2,2,14800.0,40,18,0.2,1216.2162162162163
S2_T2_2,RR_R1_2,0,42900.0,327,183,0.22324159021406728,4265.734265734266
S2_T2_2,RR_R1_2,1,15700.0,162,76,0.18518518518518517,4840.764331210192
S2_T2_2,RR_R1_2,2,55700.0,500,298,0.212,5350.089766606822
S2_T2_2,RR_R1_2,3,11000.0,71,32,0.28169014084507044,2909.0909090909095
S2_T2_2,RR_R1_2,4,46000.0,303,187,0.24422442244224424,4065.217391304348
S2_T2_2,RR_R1_2,5,47700.0,397,256,0.21662468513853905,5366.876310272537
S2_T2_2,RR_R1_2,6,18100.0,283,106,0.1625441696113074,5856.35359116022
S2_T3_0,RR_P3_1,0,5900.0,145,36,0.2,6101.6949152542375
S2_T3_0,RR_P3_1,1,89700.0,542,422,0.26752767527675275,4704.570791527313
S2_T3_0,RR_P3_1,2,14500.0,121,44,0.3140495867768595,3034.4827586206893
S2_T3_0,RR_P3_1,3,20300.0,144,87,0.3055555555555556,4285.714285714286
S2_T3_0,RR_P3_1,4,19300.0,211,82,0.2132701421800948,4248.704663212435
S2_T3_0,RR_P3_1,5,6800.0,95,30,0.17894736842105263,4411.764705882353
S2_T3_0,RR_P3_1,6,9900.0,112,67,0.17857142857142858,6767.676767676767
S2_T3_1,RR_P3_1,0,28800.0,238,182,0.24369747899159663,6319.444444444444
S2_T3_1,RR_P3_1,1,56700.0,472,409,0.3008474576271186,7213.403880070547
S2_T3_1,RR_P3_1,2,18600.0,132,83,0.3106060606060606,4462.36559139785
S2_T3_1,RR_P3_1,3,19400.0,197,61,0.2131979695431472,3144.3298969072166
S2_T3_1,RR_P3_1,4,7200.0,95,65,0.16842105263157894,9027.777777777777
S2_T3_1,RR_P3_1,5,8300.0,62,22,0.3709677419354839,2650.602409638554
S2_T3_1,RR_P3_1,6,406100.0,3370,2841,0.4172106824925816,6995.813838955922
S2_T3_1,RR_P3_1,7,45000.0,347,244,0.2680115273775216,5422.222222222223
S3_B1_0,RR_OS2_2,0,15800.0,71,22,0.19718309859154928,1392.4050632911392
S3_B1_0,RR_OS2_2,1,8300.0,45,15,0.15555555555555556,1807.2289156626505
S3_B1_0,RR_OS2_2,2,37900.0,180,133,0.2,3509.2348284960417
S3_B1_0,RR_OS2_2,3,13500.0,58,30,0.1896551724137931,2222.222222222222
S3_B1_0,RR_OS2_2,4,14800.0,67,21,0.19402985074626866,1418.918918918919
S3_B1_0,RR_OS2_2,5,7300.0,38,11,0.21052631578947367,1506.849315068493
S3_B1_0,RR_OS2_2,6,8900.0,49,16,0.16326530612244897,1797.7528089887642
S3_B1_1,RR_P1_2,0,54500.0,586,439,0.48293515358361777,8055.045871559633
S3_B1_1,RR_P1_2,1,26400.0,547,260,0.28884826325411334,9848.484848484848
S3_B1_1,RR_P1_2,2,31500.0,437,320,0.391304347826087,10158.730158730159
S3_B1_1,RR_P1_2,3,7000.0,109,38,0.5963302752293578,5428.571428571428
S3_B1_1,RR_P1_2,4,283500.0,2435,2046,0.5379876796714579,7216.931216931218
S3_B1_1,RR_P1_2,5,6900.0,117,57,0.4700854700854701,8260.869565217392
S3_B1_1,RR_P1_2,6,6200.0,67,42,0.7164179104477612,6774.193548387097
S3_B1_1,RR_P1_2,7,53500.0,581,409,0.4836488812392427,7644.859813084112
S3_B1_1,RR_P1_2,8,100600.0,1018,813,0.49803536345776034,8081.510934393638
S3_B1_1,RR_P1_2,9,45100.0,418,277,0.5550239234449761,6141.906873614191
S3_B1_2,RR_P3_2,0,143900.0,1182,842,0.7191201353637902,5851.2856150104235
S3_B1_2,RR_P3_2,1,155800.0,1387,1005,0.7166546503244412,6450.577663671374
S3_B1_2,RR_P3_2,2,27200.0,336,182,0.6815476190476191,6691.176470588236
S3_B1_2,RR_P3_2,3,107500.0,1128,673,0.599290780141844,6260.46511627907
S3_B1_2,RR_P3_2,4,6800.0,174,43,0.5402298850574713,6323.529411764706
S3_B1_2,RR_P3_2,5,20700.0,310,179,0.6,8647.342995169081
S3_B2_0,RR_OS2_2,0,13300.0,85,42,0.27058823529411763,3157.8947368421054
S3_B2_0,RR_OS2_2,1,209300.0,898,686,0.311804008908686,3277.591973244147
S3_B2_0,RR_OS2_2,2,82100.0,566,399,0.22084805653710246,4859.926918392204
S3_B2_0,RR_OS2_2,3,17500.0,123,67,0.22764227642276422,3828.571428571428
S3_B2_1,RR_OS2_2,0,172300.0,628,569,0.6735668789808917,3302.3795705165408
S3_B2_1,RR_OS2_2,1,7400.0,67,28,0.23880597014925373,3783.7837837837837
S3_B2_2,RR_P1_2,0,162700.0,895,733,0.6435754189944134,4505.224339274739
S3_B2_2,RR_P1_2,1,10500.0,97,39,0.5979381443298969,3714.285714285714
S3_B2_2,RR_P1_2,2,17200.0,204,107,0.36764705882352944,6220.930232558139
S3_B2_2,RR_P1_2,3,8100.0,115,29,0.34782608695652173,3580.246913580247
S3_B2_2,RR_P1_2,4,216400.0,1411,1198,0.5216158752657689,5536.044362292051
S3_B2_2,RR_P1_2,5,69700.0,426,279,0.49061032863849763,4002.8694404591106
S3_B2_2,RR_P1_2,6,69800.0,470,301,0.4829787234042553,4312.320916905444
S3_B2_2,RR_P1_2,7,6900.0,92,35,0.42391304347826086,5072.463768115942
S3_B2_2,RR_P1_2,8,122100.0,1105,800,0.4425339366515837,6552.006552006552
S3_B2_2,RR_P1_2,9,200500.0,1395,1077,0.5347670250896057,5371.571072319201
S3_B2_2,RR_P1_2,10,10100.0,86,44,0.5813953488372093,4356.435643564357
S3_B2_2,RR_P1_2,11,29400.0,204,130,0.5637254901960784,4421.768707482994
S3_B2_2,RR_P1_2,12,19500.0,213,134,0.38967136150234744,6871.794871794872
S3_B2_2,RR_P1_2,13,8300.0,99,31,0.46464646464646464,3734.9397590361446
S3_B2_2,RR_P1_2,14,14700.0,110,68,0.4818181818181818,4625.850340136055
S3_B3_0,RR_P1_2,0,72500.0,812,619,0.4211822660098522,8537.931034482759
S3_B3_0,RR_P1_2,1,15400.0,259,104,0.3938223938223938,6753.246753246753
S3_B3_0,RR_P1_2,2,20000.0,297,154,0.40404040404040403,7700.0
S3_B3_0,RR_P1_2,3,38100.0,405,218,0.5456790123456791,5721.784776902887
S3_B3_0,RR_P1_2,4,96500.0,1115,786,0.40896860986547084,8145.077720207254
S3_B3_0,RR_P1_2,5,5500.0,112,37,0.48214285714285715,6727.272727272728
S3_B3_0,RR_P1_2,6,46400.0,480,358,0.5208333333333334,7715.517241379311
S3_B3_0,RR_P1_2,7,12600.0,211,94,0.3933649289099526,7460.31746031746
S3_B3_0,RR_P1_2,8,12100.0,136,77,0.6029411764705882,6363.636363636364
S3_B3_0,RR_P1_2,9,6200.0,128,66,0.359375,10645.161290322581
S3_B3_0,RR_P1_2,10,46200.0,448,314,0.5736607142857143,6796.536796536797
S3_B3_0,RR_P1_2,11,21600.0,329,208,0.3738601823708207,9629.62962962963
S3_B3_1,RR_P3_2,0,24000.0,374,233,0.22727272727272727,9708.333333333334
S3_B3_1,RR_P3_2,1,31400.0,186,139,0.5752688172043011,4426.751592356688
S3_B3_1,RR_P3_2,2,343200.0,2243,1851,0.49398127507802053,5393.356643356643
S3_B3_1,RR_P3_2,3,24200.0,255,165,0.3411764705882353,6818.181818181818
S3_B3_1,RR_P3_2,4,485900.0,2893,2558,0.5219495333563775,5264.457707347191
S3_B3_1,RR_P3_2,5,16500.0,156,61,0.3717948717948718,3696.969696969697
S3_B3_2,RR_P3_2,0,31600.0,518,214,0.8146718146718147,6772.151898734177
S3_B3_2,RR_P3_2,1,34600.0,513,250,0.8304093567251462,7225.433526011561
S3_B3_2,RR_P3_2,2,7800.0,214,71,0.7616822429906542,9102.564102564103
S3_B3_2,RR_P3_2,3,9500.0,231,73,0.7922077922077922,7684.21052631579
S3_B3_2,RR_P3_2,4,23200.0,438,192,0.7785388127853882,8275.862068965518
S3_B3_2,RR_P3_2,5,8900.0,231,105,0.7965367965367965,11797.752808988764
S3_T1_0,RR_CFA_3,0,8100.0,36,14,0.1388888888888889,1728.3950617283951
S3_T1_0,RR_CFA_3,1,11300.0,38,16,0.15789473684210525,1415.929203539823
S3_T1_1,RR_MP_3,0,18900.0,122,51,0.19672131147540983,2698.4126984126983
S3_T1_1,RR_MP_3,1,9000.0,59,19,0.2033898305084746,2111.1111111111113
S3_T1_1,RR_MP_3,2,40900.0,284,99,0.2007042253521127,2420.5378973105135
S3_T1_1,RR_MP_3,3,51500.0,204,151,0.2696078431372549,2932.0388349514565
S3_T1_1,RR_MP_3,4,10100.0,88,21,0.20454545454545456,2079.207920792079
S3_T1_1,RR_MP_3,5,6500.0,48,24,0.20833333333333334,3692.3076923076924
S3_T1_2,RR_R2LONG_1,0,46300.0,286,91,0.19230769230769232,1965.4427645788337
S3_T1_2,RR_R2LONG_1,1,7000.0,25,11,0.48,1571.4285714285713
S3_T1_2,RR_R2LONG_1,2,10400.0,97,25,0.14432989690721648,2403.846153846154
S3_T1_2,RR_R2LONG_1,3,96900.0,504,296,0.20634920634920634,3054.6955624355005
S3_T1_2,RR_R2LONG_1,4,23900.0,79,40,0.35443037974683544,1673.6401673640166
S3_T1_2,RR_R2LONG_1,5,18300.0,108,28,0.2037037037037037,1530.0546448087432
S3_T1_2,RR_R2LONG_1,6,17300.0,88,34,0.22727272727272727,1965.3179190751446
S3_T2_0,RR_R2LONG_1,0,117300.0,777,464,0.22522522522522523,3955.6692242114236
S3_T2_0,RR_R2LONG_1,1,19400.0,165,75,0.20606060606060606,3865.9793814432987
S3_T2_0,RR_R2LONG_1,2,11600.0,158,53,0.189873417721519,4568.9655172413795
S3_T2_0,RR_R2LONG_1,3,23900.0,251,99,0.18725099601593626,4142.259414225941
S3_T2_0,RR_R2LONG_1,4,42900.0,290,154,0.2206896551724138,3589.74358974359
S3_T2_0,RR_R2LONG_1,5,7300.0,88,17,0.2159090909090909,2328.7671232876714
S3_T2_0,RR_R2LONG_1,6,5900.0,51,23,0.2549019607843137,3898.305084745763
S3_T2_1,RR_MP_3,0,38500.0,174,119,0.29310344827586204,3090.909090909091
S3_T2_1,RR_MP_3,1,37500.0,197,114,0.2131979695431472,3040.0
S3_T2_1,RR_MP_3,2,49300.0,173,118,0.35260115606936415,2393.509127789047
S3_T2_1,RR_MP_3,3,5500.0,44,16,0.2727272727272727,2909.0909090909095
S3_T2_1,RR_MP_3,4,7400.0,54,18,0.24074074074074073,2432.4324324324325
S3_T2_1,RR_MP_3,5,30500.0,171,86,0.23391812865497075,2819.672131147541
S3_T2_1,RR_MP_3,6,55600.0,450,267,0.19111111111111112,4802.158273381296
S3_T2_1,RR_MP_3,7,5100.0,28,12,0.39285714285714285,2352.9411764705883
S3_T2_1,RR_MP_3,8,13200.0,88,35,0.20454545454545456,2651.5151515151515
S3_T2_2,RR_MP_3,0,45000.0,163,110,0.26380368098159507,2444.4444444444443
S3_T2_2,RR_MP_3,1,12200.0,61,26,0.22950819672131148,2131.1475409836066
S3_T2_2,RR_MP_3,2,5800.0,53,18,0.20754716981132076,3103.4482758620693
S3_T2_2,RR_MP_3,3,8000.0,70,15,0.17142857142857143,1875.0
S3_T2_2,RR_MP_3,4,169800.0,1029,828,0.24489795918367346,4876.325088339222
S3_T2_2,RR_MP_3,5,12200.0,65,29,0.2153846153846154,2377.0491803278687
S3_T3_0,RR_CFA_3,0,7600.0,32,10,0.1875,1315.7894736842106
S3_T3_0,RR_CFA_3,1,7200.0,11,9,0.36363636363636365,1250.0
S3_T3_1,RR_R2LONG_1,0,61200.0,219,118,0.2054794520547945,1928.1045751633987
S3_T3_1,RR_R2LONG_1,1,29300.0,159,100,0.18867924528301888,3412.9692832764504
S3_T3_1,RR_R2LONG_1,2,45900.0,170,87,0.21176470588235294,1895.424836601307
S3_T3_1,RR_R2LONG_1,3,72600.0,312,188,0.20192307692307693,2589.5316804407717
S3_T3_1,RR_R2LONG_1,4,7300.0,63,16,0.12698412698412698,2191.780821917808
S3_T3_1,RR_R2LONG_1,5,30700.0,132,79,0.1893939393939394,2573.2899022801303
S3_T3_1,RR_R2LONG_1,6,52400.0,280,154,0.18214285714285713,2938.9312977099235
S3_T3_1,RR_R2LONG_1,7,11900.0,62,21,0.22580645161290322,1764.705882352941
S3_T3_2,RR_CFA_3,0,5000.0,29,9,0.1724137931034483,1800.0
S3_T3_2,RR_CFA_3,1,11100.0,48,15,0.1875,1351.3513513513512
S3_T3_2,RR_CFA_3,2,7200.0,26,8,0.19230769230769232,1111.111111111111
S3_T3_2,RR_CFA_3,3,8800.0,44,11,0.13636363636363635,1250.0
S4_B1_0,RR_P1_3,0,31400.0,407,244,0.3808353808353808,7770.700636942675
S4_B1_0,RR_P1_3,1,16800.0,305,132,0.3081967213114754,7857.142857142858
S4_B1_0,RR_P1_3,2,12200.0,140,75,0.44285714285714284,6147.540983606557
S4_B1_0,RR_P1_3,3,14400.0,169,90,0.47337278106508873,6250.0
S4_B1_0,RR_P1_3,4,13100.0,140,66,0.5357142857142857,5038.167938931298
S4_B1_0,RR_P1_3,5,6700.0,85,21,0.6588235294117647,3134.3283582089553
S4_B1_0,RR_P1_3,6,6800.0,102,34,0.5392156862745098,5000.0
S4_B1_0,RR_P1_3,7,10100.0,158,82,0.4050632911392405,8118.8118811881195
S4_B1_0,RR_P1_3,8,23400.0,248,154,0.47580645161290325,6581.196581196581
S4_B1_1,RR_MP_4,0,17400.0,201,64,0.1691542288557214,3678.16091954023
S4_B1_1,RR_MP_4,1,40200.0,316,185,0.22784810126582278,4601.9900497512435
S4_B1_1,RR_MP_4,2,16400.0,165,89,0.18787878787878787,5426.829268292682
S4_B1_1,RR_MP_4,3,8600.0,83,42,0.24096385542168675,4883.720930232558
S4_B1_1,RR_MP_4,4,29700.0,277,183,0.19133574007220217,6161.616161616162
S4_B1_1,RR_MP_4,5,160800.0,1071,875,0.323062558356676,5441.542288557214
S4_B1_1,RR_MP_4,6,12400.0,67,29,0.3582089552238806,2338.709677419355
S4_B1_1,RR_MP_4,7,43300.0,273,187,0.2673992673992674,4318.706697459585
S4_B1_2,RR_MP_4,0,16600.0,215,92,0.17209302325581396,5542.168674698795
S4_B1_2,RR_MP_4,1,31900.0,213,107,0.2347417840375587,3354.2319749216304
S4_B1_2,RR_MP_4,2,11900.0,77,25,0.2987012987012987,2100.8403361344535
S4_B1_2,RR_MP_4,3,90800.0,470,315,0.28085106382978725,3469.1629955947133
S4_B1_2,RR_MP_4,4,154100.0,992,805,0.2560483870967742,5223.880597014926
S4_B1_2,RR_MP_4,5,63400.0,323,261,0.3065015479876161,4116.719242902208
S4_B1_2,RR_MP_4,6,16800.0,98,52,0.29591836734693877,3095.2380952380954
S4_B1_2,RR_MP_4,7,24500.0,134,96,0.34328358208955223,3918.3673469387754
S4_B2_0,RR_P3_3,0,133900.0,763,637,0.31716906946264745,4757.281553398058
S4_B2_0,RR_P3_3,1,63700.0,425,250,0.25176470588235295,3924.6467817896387
S4_B2_0,RR_P3_3,2,134500.0,875,590,0.24,4386.617100371747
S4_B2_0,RR_P3_3,3,180600.0,1024,797,0.3388671875,4413.067552602436
S4_B2_0,RR_P3_3,4,23700.0,280,157,0.175,6624.472573839663
S4_B2_0,RR_P3_3,5,81500.0,459,317,0.28322440087145967,3889.570552147239
S4_B2_0,RR_P3_3,6,7400.0,72,41,0.2222222222222222,5540.54054054054
S4_B2_0,RR_P3_3,7,10300.0,121,46,0.19008264462809918,4466.019417475728
S4_B2_1,RR_MP_4,0,29600.0,373,193,0.225201072386059,6520.27027027027
S4_B2_1,RR_MP_4,1,108100.0,764,569,0.4031413612565445,5263.644773358002
S4_B2_1,RR_MP_4,2,12000.0,106,47,0.39622641509433965,3916.6666666666665
S4_B2_1,RR_MP_4,3,120900.0,946,680,0.32346723044397463,5624.483043837883
S4_B2_1,RR_MP_4,4,78200.0,522,408,0.446360153256705,5217.391304347826
S4_B2_1,RR_MP_4,5,56200.0,447,304,0.33109619686800895,5409.252669039146
S4_B2_2,RR_P1_3,0,20500.0,220,133,0.41818181818181815,6487.804878048781
S4_B2_2,RR_P1_3,1,33100.0,284,189,0.5105633802816901,5709.969788519638
S4_B2_2,RR_P1_3,2,9800.0,108,44,0.5925925925925926,4489.795918367347
S4_B2_2,RR_P1_3,3,18600.0,185,100,0.4864864864864865,5376.344086021506
S4_B2_2,RR_P1_3,4,9700.0,161,66,0.3416149068322981,6804.123711340206
S4_B2_2,RR_P1_3,5,10500.0,162,99,0.345679012345679,9428.571428571428
S4_B2_2,RR_P1_3,6,17900.0,242,139,0.3512396694214876,7765.36312849162
S4_B2_2,RR_P1_3,7,99600.0,908,760,0.4724669603524229,7630.522088353414
S4_B2_2,RR_P1_3,8,5200.0,84,30,0.4880952380952381,5769.2307692307695
S4_B2_2,RR_P1_3,9,13800.0,206,138,0.33980582524271846,10000.0
S4_B2_2,RR_P1_3,10,18500.0,154,104,0.5714285714285714,5621.621621621622
S4_B2_2,RR_P1_3,11,36400.0,437,321,0.37528604118993136,8818.681318681318
S4_B3_0,RR_P3_3,0,41100.0,537,377,0.4059590316573557,9172.749391727495
S4_B3_0,RR_P3_3,1,12500.0,133,86,0.5413533834586466,6880.0
S4_B3_0,RR_P3_3,2,292500.0,2803,2265,0.5483410631466286,7743.589743589744
S4_B3_0,RR_P3_3,3,9600.0,184,96,0.31521739130434784,10000.0
S4_B3_0,RR_P3_3,4,5700.0,83,27,0.5662650602409639,4736.8421052631575
S4_B3_0,RR_P3_3,5,22700.0,293,220,0.4197952218430034,9691.629955947135
S4_B3_0,RR_P3_3,6,8900.0,174,66,0.3620689655172414,7415.730337078652
S4_B3_0,RR_P3_3,7,225800.0,2182,1642,0.48625114573785516,7271.9220549158545
S4_B3_0,RR_P3_3,8,35200.0,347,207,0.484149855907781,5880.681818181818
S4_B3_1,RR_P1_3,0,144200.0,697,503,0.381635581061693,3488.210818307906
S4_B3_1,RR_P1_3,1,32200.0,190,115,0.35789473684210527,3571.4285714285716
S4_B3_1,RR_P1_3,2,133200.0,591,504,0.5499153976311336,3783.7837837837833
S4_B3_1,RR_P1_3,3,67100.0,337,251,0.3887240356083086,3740.6855439642322
S4_B3_1,RR_P1_3,4,10500.0,87,35,0.3333333333333333,3333.333333333333
S4_B3_1,RR_P1_3,5,45200.0,435,322,0.22988505747126436,7123.893805309735
S4_B3_1,RR_P1_3,6,179300.0,1034,764,0.3288201160541586,4261.015058561071
S4_B3_1,RR_P1_3,7,44600.0,460,330,0.2847826086956522,7399.103139013453
S4_B3_2,RR_P3_3,0,28600.0,386,215,0.29015544041450775,7517.482517482517
S4_B3_2,RR_P3_3,1,32900.0,390,178,0.31025641025641026,5410.334346504559
S4_B3_2,RR_P3_3,2,196900.0,1890,1535,0.4687830687830688,7795.835449466735
S4_B3_2,RR_P3_3,3,74000.0,745,583,0.49395973154362416,7878.378378378378
S4_B3_2,RR_P3_3,4,14800.0,120,65,0.5333333333333333,4391.891891891892
S4_B3_2,RR_P3_3,5,19400.0,537,218,0.15083798882681565,11237.113402061856
S4_B3_2,RR_P3_3,6,63200.0,838,522,0.29594272076372313,8259.493670886075
S4_B3_2,RR_P3_3,7,24600.0,168,108,0.6190476190476191,4390.243902439024
S4_B3_2,RR_P3_3,8,137300.0,1089,835,0.4921946740128558,6081.573197378004
S4_T1_0,RR_P2_3,0,116900.0,1148,832,0.5087108013937283,7117.194183062446
S4_T1_0,RR_P2_3,1,61100.0,773,501,0.4191461836998706,8199.672667757774
S4_T1_0,RR_P2_3,2,26400.0,287,187,0.5261324041811847,7083.333333333333
S4_T1_0,RR_P2_3,3,144600.0,1230,885,0.573170731707317,6120.331950207468
S4_T1_1,RR_OS1_2,0,98600.0,472,341,0.3665254237288136,3458.4178498985802
S4_T1_1,RR_OS1_2,1,19300.0,89,32,0.21348314606741572,1658.0310880829015
S4_T1_1,RR_OS1_2,2,6300.0,42,19,0.19047619047619047,3015.873015873016
S4_T1_1,RR_OS1_2,3,6800.0,31,17,0.3225806451612903,2500.0
S4_T1_1,RR_OS1_2,4,7100.0,25,9,0.48,1267.6056338028168
S4_T1_2,RR_OS1_2,0,11100.0,56,18,0.16071428571428573,1621.6216216216214
S4_T1_2,RR_OS1_2,1,25800.0,82,43,0.17073170731707318,1666.6666666666667
S4_T1_2,RR_OS1_2,2,9100.0,37,9,0.21621621621621623,989.010989010989
S4_T1_2,RR_OS1_2,3,6100.0,26,10,0.19230769230769232,1639.3442622950818
S4_T1_2,RR_OS1_2,4,18100.0,49,25,0.20408163265306123,1381.2154696132595
S4_T2_0,RR_R1_3,0,197400.0,1259,980,0.2652899126290707,4964.5390070921985
S4_T2_0,RR_R1_3,1,7300.0,128,56,0.1484375,7671.232876712329
S4_T2_0,RR_R1_3,2,45100.0,438,309,0.21232876712328766,6851.441241685144
S4_T2_0,RR_R1_3,3,20300.0,287,124,0.18815331010452963,6108.374384236454
S4_T2_0,RR_R1_3,4,19500.0,166,76,0.22289156626506024,3897.4358974358975
S4_T2_0,RR_R1_3,5,11400.0,81,34,0.3333333333333333,2982.456140350877
S4_T2_0,RR_R1_3,6,10800.0,116,74,0.20689655172413793,6851.851851851851
S4_T2_0,RR_R1_3,7,75000.0,496,407,0.2842741935483871,5426.666666666667
S4_T2_0,RR_R1_3,8,5500.0,31,15,0.5161290322580645,2727.2727272727275
S4_T2_1,RR_OS1_2,0,11500.0,29,11,0.27586206896551724,956.5217391304348
S4_T2_1,RR_OS1_2,1,13300.0,47,28,0.1702127659574468,2105.263157894737
S4_T2_1,RR_OS1_2,2,9600.0,37,19,0.16216216216216217,1979.1666666666667
S4_T2_1,RR_OS1_2,3,5800.0,36,9,0.1388888888888889,1551.7241379310346
S4_T2_2,RR_P2_3,0,23800.0,394,278,0.44416243654822335,11680.672268907561
S4_T2_2,RR_P2_3,1,10600.0,125,68,0.656,6415.094339622641
S4_T2_2,RR_P2_3,2,139900.0,1240,871,0.5935483870967742,6225.875625446748
S4_T2_2,RR_P2_3,3,5600.0,100,29,0.62,5178.571428571428
S4_T2_2,RR_P2_3,4,166400.0,1447,1141,0.6240497581202488,6856.971153846154
S4_T2_2,RR_P2_3,5,5000.0,104,34,0.5961538461538461,6800.0
S4_T3_0,RR_R1_3,0,5100.0,62,19,0.3225806451612903,3725.490196078431
S4_T3_0,RR_R1_3,1,22600.0,297,145,0.19865319865319866,6415.929203539823
S4_T3_0,RR_R1_3,2,36300.0,314,235,0.2929936305732484,6473.829201101928
S4_T3_0,RR_R1_3,3,64500.0,401,322,0.3640897755610973,4992.248062015504
S4_T3_0,RR_R1_3,4,8600.0,76,29,0.3026315789473684,3372.093023255814
S4_T3_0,RR_R1_3,5,17000.0,121,53,0.35537190082644626,3117.6470588235293
S4_T3_0,RR_R1_3,6,6700.0,54,18,0.3888888888888889,2686.5671641791046
S4_T3_0,RR_R1_3,7,7200.0,95,47,0.2631578947368421,6527.777777777778
S4_T3_1,RR_P2_3,0,230300.0,1218,1043,0.42036124794745483,4528.87537993921
S4_T3_1,RR_P2_3,1,6700.0,107,47,0.24299065420560748,7014.925373134328
S4_T3_1,RR_P2_3,2,304400.0,1897,1631,0.441222983658408,5358.081471747701
S4_T3_2,RR_R1_3,0,27300.0,184,109,0.358695652173913,3992.6739926739924
S4_T3_2,RR_R1_3,1,44400.0,241,162,0.3360995850622407,3648.6486486486483
S4_T3_2,RR_R1_3,2,6200.0,94,19,0.2553191489361702,3064.516129032258
S4_T3_2,RR_R1_3,3,23400.0,177,102,0.3050847457627119,4358.974358974358
S4_T3_2,RR_R1_3,4,27000.0,309,135,0.20711974110032363,5000.0
S4_T3_2,RR_R1_3,5,33000.0,390,216,0.20512820512820512,6545.454545454545
S5_B1_0,RR_R1_4,0,23000.0,344,226,0.18313953488372092,9826.08695652174
S5_B1_0,RR_R1_4,1,19200.0,145,101,0.38620689655172413,5260.416666666667
S5_B1_0,RR_R1_4,2,17800.0,213,145,0.23943661971830985,8146.067415730337
S5_B1_0,RR_R1_4,3,41500.0,372,258,0.28763440860215056,6216.867469879518
S5_B1_0,RR_R1_4,4,15500.0,212,109,0.2169811320754717,7032.258064516129
S5_B1_0,RR_R1_4,5,55100.0,541,427,0.25693160813308685,7749.546279491832
S5_B1_0,RR_R1_4,6,116100.0,879,674,0.36860068259385664,5805.340223944875
S5_B1_0,RR_R1_4,7,156700.0,1271,984,0.31156569630212433,6279.514996809189
S5_B1_1,RR_P2_4,0,182300.0,1478,1049,0.3051420838971583,5754.251234229293
S5_B1_1,RR_P2_4,1,206300.0,1654,1425,0.35006045949214026,6907.4163839069315
S5_B1_1,RR_P2_4,2,13500.0,152,89,0.20394736842105263,6592.592592592593
S5_B1_1,RR_P2_4,3,50300.0,500,352,0.248,6998.011928429424
S5_B1_1,RR_P2_4,4,8600.0,78,33,0.3076923076923077,3837.2093023255816
S5_B1_1,RR_P2_4,5,6500.0,101,44,0.1782178217821782,6769.2307692307695
S5_B1_1,RR_P2_4,6,332200.0,2111,1796,0.4012316437707248,5406.381697772426
S5_B1_1,RR_P2_4,7,28700.0,220,123,0.2545454545454545,4285.714285714285
S5_B1_1,RR_P2_4,8,77200.0,465,353,0.3655913978494624,4572.538860103627
S5_B1_2,RR_R2_4,0,16600.0,129,62,0.3023255813953488,3734.9397590361446
S5_B1_2,RR_R2_4,1,6100.0,69,31,0.2753623188405797,5081.967213114754
S5_B1_2,RR_R2_4,2,19600.0,158,102,0.3227848101265823,5204.081632653061
S5_B1_2,RR_R2_4,3,72200.0,443,329,0.3747178329571106,4556.7867036011085
S5_B1_2,RR_R2_4,4,90000.0,622,417,0.3553054662379421,4633.333333333334
S5_B1_2,RR_R2_4,5,9300.0,118,55,0.2457627118644068,5913.978494623657
S5_B1_2,RR_R2_4,6,99100.0,692,488,0.30057803468208094,4924.318869828457
S5_B1_2,RR_R2_4,7,23200.0,223,131,0.25112107623318386,5646.551724137931
S5_B2_0,RR_R2_4,0,53000.0,494,289,0.23684210526315788,5452.830188679245
S5_B2_0,RR_R2_4,1,29400.0,245,146,0.31020408163265306,4965.986394557824
S5_B2_0,RR_R2_4,2,125200.0,1254,972,0.2647527910685805,7763.5782747603835
S5_B2_0,RR_R2_4,3,298600.0,1858,1255,0.3293864370290635,4202.9470864032155
S5_B2_0,RR_R2_4,4,90600.0,679,495,0.28718703976435933,5463.576158940397
S5_B2_0,RR_R2_4,5,46100.0,437,287,0.2471395881006865,6225.596529284165
S5_B2_1,RR_R1_4,0,176000.0,1112,1001,0.36330935251798563,5687.5
S5_B2_1,RR_R1_4,1,9600.0,126,80,0.2619047619047619,8333.333333333334
S5_B2_1,RR_R1_4,2,20500.0,182,99,0.3626373626373626,4829.268292682927
S5_B2_1,RR_R1_4,3,19200.0,196,142,0.3163265306122449,7395.833333333334
S5_B2_1,RR_R1_4,4,8000.0,80,26,0.425,3250.0
S5_B2_1,RR_R1_4,5,104400.0,876,723,0.3299086757990868,6925.287356321839
S5_B2_1,RR_R1_4,6,47000.0,556,361,0.2607913669064748,7680.851063829788
S5_B2_2,RR_P2_4,0,11300.0,222,123,0.31981981981981983,10884.95575221239
S5_B2_2,RR_P2_4,1,594700.0,5617,4607,0.537831582695389,7746.763073818732
S5_B2_2,RR_P2_4,2,17600.0,198,154,0.51010101010101,8750.0
S5_B2_2,RR_P2_4,3,16200.0,287,160,0.33797909407665505,9876.543209876543
S5_B2_2,RR_P2_4,4,48900.0,616,444,0.46266233766233766,9079.754601226994
S5_B2_2,RR_P2_4,5,9600.0,187,87,0.3582887700534759,9062.5
S5_B2_2,RR_P2_4,6,497400.0,4595,3989,0.5749727965179543,8019.702452754323
S5_B3_0,RR_P2_4,0,13600.0,274,152,0.38686131386861317,11176.470588235296
S5_B3_0,RR_P2_4,1,7500.0,191,82,0.38219895287958117,10933.333333333334
S5_B3_0,RR_P2_4,2,11500.0,287,148,0.3205574912891986,12869.565217391304
S5_B3_0,RR_P2_4,3,337500.0,4029,3154,0.48498386696450735,9345.185185185184
S5_B3_0,RR_P2_4,4,12800.0,225,149,0.40444444444444444,11640.625
S5_B3_0,RR_P2_4,5,143900.0,1600,1316,0.59125,9145.239749826269
S5_B3_0,RR_P2_4,6,175100.0,1693,1381,0.6048434731246308,7886.921758994859
S5_B3_1,RR_R2_4,0,185300.0,849,637,0.23910482921083628,3437.6686454398273
S5_B3_1,RR_R2_4,1,19900.0,131,61,0.20610687022900764,3065.326633165829
S5_B3_1,RR_R2_4,2,21500.0,161,93,0.20496894409937888,4325.581395348838
S5_B3_1,RR_R2_4,3,9400.0,61,26,0.22950819672131148,2765.9574468085107
S5_B3_1,RR_R2_4,4,112100.0,855,543,0.19181286549707602,4843.889384478144
S5_B3_1,RR_R2_4,5,62600.0,334,207,0.23652694610778444,3306.709265175719
S5_B3_2,RR_R1_4,0,13000.0,64,28,0.3125,2153.846153846154
S5_B3_2,RR_R1_4,1,46400.0,281,202,0.24199288256227758,4353.448275862069
S5_B3_2,RR_R1_4,2,12300.0,144,52,0.19444444444444445,4227.642276422765
S5_B3_2,RR_R1_4,3,95900.0,394,326,0.37055837563451777,3399.374348279458
S5_B3_2,RR_R1_4,4,24600.0,390,159,0.1564102564102564,6463.414634146341
S5_B3_2,RR_R1_4,5,32100.0,128,71,0.34375,2211.83800623053
S5_B3_2,RR_R1_4,6,20800.0,97,47,0.32989690721649484,2259.6153846153848
S5_B3_2,RR_R1_4,7,41500.0,252,116,0.21825396825396826,2795.180722891566
S5_B3_2,RR_R1_4,8,10800.0,112,38,0.16964285714285715,3518.5185185185182
S5_B3_2,RR_R1_4,9,8900.0,86,22,0.16279069767441862,2471.9101123595506
S5_B3_2,RR_R1_4,10,15800.0,114,70,0.23684210526315788,4430.379746835442
S5_B3_2,RR_R1_4,11,20200.0,210,98,0.17142857142857143,4851.485148514852
S5_B3_2,RR_R1_4,12,22100.0,133,86,0.24060150375939848,3891.4027149321264
S5_B3_2,RR_R1_4,13,5500.0,44,12,0.2727272727272727,2181.818181818182
S5_B3_2,RR_R1_4,14,42100.0,462,257,0.18181818181818182,6104.513064133017
S5_T1_0,RR_R2_3,0,11700.0,120,64,0.20833333333333334,5470.08547008547
S5_T1_0,RR_R2_3,1,12100.0,114,39,0.2982456140350877,3223.1404958677685
S5_T1_0,RR_R2_3,2,24600.0,135,70,0.3333333333333333,2845.528455284553
S5_T1_0,RR_R2_3,3,11900.0,84,27,0.34523809523809523,2268.90756302521
S5_T1_0,RR_R2_3,4,66700.0,555,354,0.22342342342342342,5307.346326836582
S5_T1_0,RR_R2_3,5,76500.0,448,237,0.29464285714285715,3098.0392156862745
S5_T1_0,RR_R2_3,6,42500.0,230,150,0.3130434782608696,3529.411764705882
S5_T1_1,RR_P1_5,0,169500.0,1125,900,0.648,5309.734513274336
S5_T1_1,RR_P1_5,1,229100.0,1936,1769,0.6900826446280992,7721.518987341772
S5_T1_1,RR_P1_5,2,14700.0,145,80,0.5310344827586206,5442.1768707483
S5_T1_1,RR_P1_5,3,5200.0,98,33,0.40816326530612246,6346.153846153847
S5_T1_1,RR_P1_5,4,12400.0,202,112,0.3415841584158416,9032.258064516129
S5_T1_1,RR_P1_5,5,181000.0,1379,1203,0.7034082668600435,6646.408839779006
S5_T1_1,RR_P1_5,6,44400.0,484,300,0.384297520661157,6756.756756756757
S5_T1_1,RR_P1_5,7,17200.0,153,94,0.5163398692810458,5465.116279069767
S5_T1_2,RR_P1_5,0,349200.0,2880,2502,0.6753472222222222,7164.948453608247
S5_T1_2,RR_P1_5,1,6200.0,122,55,0.38524590163934425,8870.967741935485
S5_T1_2,RR_P1_5,2,81100.0,685,603,0.8642335766423358,7435.265104808877
S5_T1_2,RR_P1_5,3,17300.0,134,86,0.7164179104477612,4971.098265895954
S5_T1_2,RR_P1_5,4,35100.0,346,242,0.7138728323699421,6894.586894586895
S5_T1_2,RR_P1_5,5,15600.0,211,101,0.4265402843601896,6474.358974358975
S5_T1_2,RR_P1_5,6,139700.0,1042,923,0.7907869481765835,6607.015032211883
S5_T1_2,RR_P1_5,7,10900.0,113,54,0.5752212389380531,4954.128440366972
S5_T1_2,RR_P1_5,8,358000.0,2863,2411,0.6608452672022355,6734.63687150838
S5_T1_2,RR_P1_5,9,10200.0,151,103,0.41721854304635764,10098.039215686274
S5_T2_0,RR_P3_5,0,13600.0,97,39,0.24742268041237114,2867.6470588235297
S5_T2_0,RR_P3_5,1,151600.0,738,571,0.28319783197831977,3766.4907651715034
S5_T2_0,RR_P3_5,2,141600.0,903,592,0.2336655592469546,4180.790960451977
S5_T2_0,RR_P3_5,3,178400.0,1021,620,0.23114593535749264,3475.336322869955
S5_T2_0,RR_P3_5,4,12800.0,115,39,0.20869565217391303,3046.875
S5_T2_0,RR_P3_5,5,158500.0,1119,778,0.2645218945487042,4908.517350157728
S5_T2_0,RR_P3_5,6,6300.0,86,37,0.16279069767441862,5873.015873015873
S5_T2_0,RR_P3_5,7,11700.0,93,54,0.20430107526881722,4615.384615384615
S5_T2_1,RR_P1_5,0,52700.0,453,321,0.36644591611479027,6091.081593927894
S5_T2_1,RR_P1_5,1,6500.0,111,30,0.3063063063063063,4615.384615384615
S5_T2_1,RR_P1_5,2,85300.0,759,640,0.6495388669301713,7502.930832356389
S5_T2_1,RR_P1_5,3,122100.0,638,442,0.5454545454545454,3619.98361998362
S5_T2_1,RR_P1_5,4,54200.0,452,391,0.5862831858407079,7214.022140221403
S5_T2_1,RR_P1_5,5,21000.0,234,161,0.32905982905982906,7666.666666666666
S5_T2_1,RR_P1_5,6,24300.0,156,110,0.5448717948717948,4526.748971193416
S5_T2_2,RR_R2_3,0,184500.0,1111,719,0.2079207920792079,3897.018970189702
S5_T2_2,RR_R2_3,1,16100.0,143,48,0.1958041958041958,2981.3664596273293
S5_T2_2,RR_R2_3,2,52700.0,317,187,0.20504731861198738,3548.3870967741937
S5_T3_0,RR_P3_5,0,5600.0,67,24,0.34328358208955223,4285.714285714285
S5_T3_0,RR_P3_5,1,390600.0,2626,2135,0.3175932977913176,5465.949820788531
S5_T3_0,RR_P3_5,2,11900.0,178,79,0.2247191011235955,6638.655462184874
S5_T3_0,RR_P3_5,3,103400.0,901,615,0.2597114317425083,5947.775628626692
S5_T3_1,RR_R2_3,0,26200.0,172,70,0.22674418604651161,2671.7557251908397
S5_T3_1,RR_R2_3,1,321100.0,1962,1366,0.23139653414882771,4254.126440361259
S5_T3_1,RR_R2_3,2,18000.0,120,65,0.24166666666666667,3611.1111111111113
S5_T3_1,RR_R2_3,3,20900.0,130,63,0.25384615384615383,3014.354066985646
S5_T3_1,RR_R2_3,4,32500.0,207,113,0.21256038647342995,3476.9230769230767
S5_T3_1,RR_R2_3,5,60700.0,417,263,0.21103117505995203,4332.784184514004
S5_T3_1,RR_R2_3,6,77000.0,525,210,0.19238095238095237,2727.2727272727275
S5_T3_1,RR_R2_3,7,23600.0,167,73,0.2155688622754491,3093.220338983051
S5_T3_1,RR_R2_3,8,15000.0,143,91,0.16783216783216784,6066.666666666667
S5_T3_2,RR_P3_5,0,20300.0,225,99,0.21777777777777776,4876.847290640394
S5_T3_2,RR_P3_5,1,56400.0,465,260,0.2645161290322581,4609.929078014185
S5_T3_2,RR_P3_5,2,5100.0,106,30,0.20754716981132076,5882.35294117647
S5_T3_2,RR_P3_5,3,10200.0,87,34,0.3563218390804598,3333.333333333333
S5_T3_2,RR_P3_5,4,276300.0,1868,1430,0.2890792291220557,5175.533840028954
S6_T1_0,RR_R1_6,0,30500.0,183,100,0.2185792349726776,3278.688524590164
S6_T1_0,RR_R1_6,1,16400.0,100,69,0.22,4207.317073170731
S6_T1_0,RR_R1_6,2,30200.0,136,88,0.29411764705882354,2913.907284768212
S6_T1_0,RR_R1_6,3,158900.0,943,615,0.28207847295864263,3870.3587161736937
S6_T1_0,RR_R1_6,4,26200.0,128,59,0.265625,2251.9083969465646
S6_T1_0,RR_R1_6,5,6400.0,79,21,0.17721518987341772,3281.25
S6_T1_0,RR_R1_6,6,26400.0,150,75,0.22666666666666666,2840.909090909091
S6_T1_0,RR_R1_6,7,7400.0,42,16,0.30952380952380953,2162.162162162162
S6_T1_0,RR_R1_6,8,63800.0,296,185,0.23986486486486486,2899.686520376176
S6_T1_1,RR_R1_6,0,20700.0,337,159,0.23738872403560832,7681.159420289855
S6_T1_1,RR_R1_6,1,6200.0,96,35,0.3541666666666667,5645.1612903225805
S6_T1_1,RR_R1_6,2,7300.0,156,52,0.23717948717948717,7123.287671232877
S6_T1_1,RR_R1_6,3,11900.0,126,42,0.4365079365079365,3529.411764705882
S6_T1_1,RR_R1_6,4,93000.0,810,594,0.3469135802469136,6387.096774193548
S6_T1_1,RR_R1_6,5,14500.0,213,142,0.26291079812206575,9793.103448275862
S6_T1_1,RR_R1_6,6,20100.0,280,175,0.275,8706.467661691542
S6_T1_1,RR_R1_6,7,148500.0,1182,920,0.3697123519458545,6195.286195286196
S6_T1_2,RR_R2_5,0,32800.0,146,100,0.2602739726027397,3048.780487804878
S6_T1_2,RR_R2_5,1,26300.0,129,81,0.2558139534883721,3079.847908745247
S6_T1_2,RR_R2_5,2,22300.0,79,38,0.3670886075949367,1704.0358744394618
S6_T1_2,RR_R2_5,3,47600.0,244,169,0.22950819672131148,3550.4201680672268
S6_T1_2,RR_R2_5,4,92400.0,378,209,0.2671957671957672,2261.904761904762
S6_T1_2,RR_R2_5,5,31600.0,228,94,0.20614035087719298,2974.683544303797
S6_T1_2,RR_R2_5,6,8800.0,63,17,0.23809523809523808,1931.8181818181818
S6_T2_0,RR_R2_5,0,8700.0,116,25,0.23275862068965517,2873.5632183908046
S6_T2_0,RR_R2_5,1,372700.0,2721,2009,0.2616685042263874,5390.394419103837
S6_T2_0,RR_R2_5,2,7000.0,80,18,0.3125,2571.4285714285716
S6_T2_0,RR_R2_5,3,6400.0,102,39,0.20588235294117646,6093.75
S6_T2_1,RR_R1_6,0,5400.0,46,17,0.2826086956521739,3148.148148148148
S6_T2_1,RR_R1_6,1,7200.0,36,13,0.3888888888888889,1805.5555555555557
S6_T2_1,RR_R1_6,2,7300.0,38,10,0.47368421052631576,1369.86301369863
S6_T2_1,RR_R1_6,3,8600.0,79,36,0.20253164556962025,4186.046511627907
S6_T2_1,RR_R1_6,4,50200.0,228,116,0.25877192982456143,2310.7569721115538
S6_T2_2,RR_P3_4,0,55200.0,443,337,0.32054176072234764,6105.072463768116
S6_T2_2,RR_P3_4,1,218100.0,1614,1200,0.3271375464684015,5502.063273727648
S6_T2_2,RR_P3_4,2,230500.0,1425,1095,0.3298245614035088,4750.54229934924
S6_T2_2,RR_P3_4,3,11800.0,136,76,0.27205882352941174,6440.677966101695
S6_T2_2,RR_P3_4,4,251300.0,1625,1321,0.38769230769230767,5256.665340230799
S6_T2_2,RR_P3_4,5,17200.0,169,92,0.26627218934911245,5348.837209302325
S6_T3_0,RR_P3_4,0,80000.0,504,309,0.3353174603174603,3862.5
S6_T3_0,RR_P3_4,1,53200.0,346,257,0.30057803468208094,4830.827067669174
S6_T3_0,RR_P3_4,2,38200.0,321,153,0.23052959501557632,4005.235602094241
S6_T3_0,RR_P3_4,3,16900.0,162,96,0.25308641975308643,5680.473372781065
S6_T3_0,RR_P3_4,4,54600.0,412,307,0.2766990291262136,5622.710622710622
S6_T3_0,RR_P3_4,5,125400.0,1009,793,0.33597621407333994,6323.763955342902
S6_T3_1,RR_R2_5,0,73600.0,358,236,0.3128491620111732,3206.521739130435
S6_T3_1,RR_R2_5,1,42200.0,297,172,0.25252525252525254,4075.829383886256
S6_T3_1,RR_R2_5,2,122000.0,781,557,0.235595390524968,4565.573770491804
S6_T3_1,RR_R2_5,3,7100.0,43,14,0.3488372093023256,1971.8309859154929
S6_T3_1,RR_R2_5,4,5100.0,65,17,0.2,3333.333333333333
S6_T3_1,RR_R2_5,5,17300.0,153,50,0.16993464052287582,2890.1734104046245
S6_T3_1,RR_R2_5,6,24000.0,215,71,0.18604651162790697,2958.3333333333335
S6_T3_1,RR_R2_5,7,11700.0,109,48,0.1926605504587156,4102.5641025641025
S6_T3_1,RR_R2_5,8,11100.0,68,34,0.27941176470588236,3063.063063063063
S6_T3_2,RR_P3_4,0,8700.0,67,21,0.2835820895522388,2413.793103448276
S6_T3_2,RR_P3_4,1,21900.0,215,127,0.1813953488372093,5799.086757990868
S6_T3_2,RR_P3_4,2,9900.0,76,44,0.19736842105263158,4444.444444444444
S6_T3_2,RR_P3_4,3,9200.0,83,31,0.21686746987951808,3369.5652173913045
S6_T3_2,RR_P3_4,4,17600.0,109,58,0.27522935779816515,3295.454545454545
S6_T3_2,RR_P3_4,5,21300.0,191,57,0.20418848167539266,2676.056338028169
S6_T3_2,RR_P3_4,6,27700.0,219,90,0.228310502283105,3249.097472924188
S6_T3_2,RR_P3_4,7,7100.0,89,33,0.16853932584269662,4647.887323943662
S6_T3_2,RR_P3_4,8,11100.0,102,45,0.21568627450980393,4054.0540540540537
