animal,n_lesions,mean,sd,min,max,iqr,range,noise_sd_median,day_of_sacrifice,score_sacrifice,stage,condition,disease_duration,cohort
RR_CFA_1,4,28.880556285804346,6.760674918512915,21.36990797431158,35.95451905656902,9.51094575824039,14.584611082257439,4.774158652571025,33.0,0.0,PLP CFA,CONTROL,,rr
RR_CFA_2,7,38.44212612529869,8.788039363341161,30.078973078798313,54.370892207867,9.864362806053872,24.291919129068688,5.502261651768935,33.0,0.0,PLP CFA,CONTROL,,rr
RR_CFA_3,8,26.425516101104982,8.433735620189923,15.500366084160245,40.07250665402761,9.867919884423912,24.57214056986737,1.4724794002506068,33.0,0.0,PLP CFA,CONTROL,,rr
RR_MP_1,21,44.004573234474755,8.880903304160933,22.730108637839752,63.71775583071185,5.982626251795928,40.9876471928721,1.0375509842117268,33.0,0.5,MONOPHASIC,EAE,19.0,rr
RR_MP_2,22,39.50997900292983,13.098220432458248,11.334298246327663,60.932811216328304,19.004098488479006,49.59851297000064,1.1925956304179217,33.0,0.75,MONOPHASIC,EAE,18.0,rr
RR_MP_3,21,37.5635241705365,9.431084843405987,23.150616127871984,53.35764378510119,16.421557670160922,30.207027657229204,1.2193302754453663,32.0,0.75,MONOPHASIC,EAE,19.0,rr
RR_MP_4,22,27.045739992529036,10.009858137376613,9.429162000023997,46.50668471893974,14.297612997590509,37.077522718915745,1.1323756931679854,33.0,0.5,MONOPHASIC,EAE,20.0,rr
RR_OS1_1,14,11.742861426846845,9.567889270466996,-7.54612553950977,24.95188299600467,9.08434752665135,32.498008535514444,0.9026518759080604,11.0,0.25,ONSET1,EAE,,rr
RR_OS1_2,14,13.005460332505077,9.80022490890418,-3.7208460803516417,23.654185849279354,16.705090840174748,27.375031929630996,2.7422428734079674,15.0,0.25,ONSET1,EAE,,rr
RR_OS2_1,12,4.700905512287936,14.808932840982935,-21.208322765139563,32.085373498596574,9.540864874746692,53.29369626373614,1.5718821264199434,13.0,1.0,ONSET2,EAE,0.0,rr
RR_OS2_2,13,12.922769726553886,13.813152581004157,-3.4168024111919237,41.709440150914475,14.390767865730773,45.1262425621064,2.6261479039391684,13.0,1.0,ONSET2,EAE,0.0,rr
RR_P1_1,33,23.465309105019504,10.471201278192996,0.09031485509172654,44.08557219683051,12.77778777636534,43.995257341738785,0.8295535485276009,18.0,2.5,PEAK1,EAE,5.0,rr
RR_P1_2,37,19.366539752135303,8.985233945558594,4.310018625893612,44.08903126349173,14.757136635224128,39.779012637598115,1.0301958277251249,17.0,3.0,PEAK1,EAE,3.0,rr
RR_P1_3,29,12.515212150645041,8.944253115634833,-1.2301187594708622,26.533636426401998,14.89684204600826,27.76375518587286,1.1414203788370392,18.0,2.25,PEAK1,EAE,4.0,rr
RR_P1_5,25,17.062611655333168,12.029058520795424,-4.042095901145153,46.88062859947517,9.816328605853752,50.922724500620326,0.8696928082348538,14.0,3.25,PEAK1,EAE,3.0,rr
RR_P2M_1,22,37.600700372413776,7.836599575564992,25.369505573872456,57.37287040414235,9.565442654528532,32.00336483026989,1.136397809620051,31.0,1.75,PEAK2_MILD,EAE,17.0,rr
RR_P2M_2,20,42.19042951560166,7.746646494233355,25.44291492029017,54.42109953738907,11.367010519565937,28.978184617098897,0.9631903757267211,31.0,2.25,PEAK2_MILD,EAE,19.0,rr
RR_P2_3,13,16.965431619704557,12.573610164382552,-5.31538806704863,40.639941673154915,14.100549663581535,45.955329740203545,1.480436727801223,33.0,2.75,PEAK2,EAE,21.0,rr
RR_P2_4,23,22.31971173943882,4.81969232670226,15.1045855789332,33.3997364586683,7.366699132027517,18.2951508797351,0.716140989630996,32.0,3.0,PEAK2,EAE,20.0,rr
RR_P3_1,21,33.30699025533361,10.481444109822936,15.034841760919573,59.39882899505113,11.737944561560447,44.36398723413156,0.4902324219720544,48.0,2.5,PEAK3,EAE,34.0,rr
RR_P3_2,18,30.197383172580626,9.808765801345423,15.797330549684158,47.95464093484108,14.895753857923765,32.15731038515692,1.0633785043430781,48.0,3.0,PEAK3,EAE,34.0,rr
RR_P3_3,26,38.1555072820658,8.657156181974358,22.80700212233213,55.91956105754276,10.900538985337839,33.11255893521063,0.7670075762190895,38.0,3.0,PEAK3,EAE,25.0,rr
RR_P3_4,21,56.711779416301155,11.977096982058013,25.626953557457053,74.4640126452035,13.301865014629456,48.83705908774644,1.3943615220017662,49.0,2.25,PEAK3,EAE,36.0,rr
RR_P3_5,17,57.489403857968654,9.49075436909073,31.919427819417017,75.01870783534201,7.655364165264139,43.099280015925,0.7311866815902324,49.0,2.5,PEAK3,EAE,38.0,rr
RR_R1_1,30,17.044168026175093,6.4165674418240695,4.147917944571287,26.033904281857026,10.675489895063858,21.88598633728574,1.6513911798229755,20.0,0.5,REMISSION1,EAE,7.0,rr
RR_R1_2,16,47.622343490963935,11.845183609709343,26.71421462461362,72.1355689286192,10.723645827243494,45.421354304005575,0.7260270333055188,25.0,0.75,REMISSION1,EAE,12.0,rr
RR_R1_3,23,21.20123377831645,9.63750339178463,1.5021328625017816,41.571927312841396,14.794120170753812,40.069794450339614,1.1254722535235315,21.0,0.5,REMISSION1,EAE,7.0,rr
RR_R1_4,30,29.850861961580083,8.758000858801369,7.569133076483801,43.69385873968289,11.556725252702037,36.12472566319909,1.4896373746115574,22.0,1.0,REMISSION1,EAE,9.0,rr
RR_R1_6,22,22.027842729087865,7.015231860100544,6.316756383268981,38.626914775118195,7.24242587819586,32.310158391849214,0.9200806754361796,22.0,0.75,REMISSION1,EAE,10.0,rr
RR_R2LONG_1,22,49.866161414585584,8.046997496886188,30.405744950112332,62.119928670739014,11.241071371632025,31.714183720626682,1.2820155627798249,48.0,0.75,REMISSION2_LONG,EAE,34.0,rr
RR_R2_3,19,46.24116424100543,9.338756178334101,27.339899988651137,67.00944191626066,11.8638354108381,39.669541927609515,1.2934918065745347,42.0,1.25,REMISSION2,EAE,30.0,rr
RR_R2_4,20,47.92471726611819,11.869343798856145,22.709572675642896,68.92038980609448,15.775934285148544,46.21081713045158,0.9781638863598596,47.0,1.25,REMISSION2,EAE,36.0,rr
RR_R2_5,20,39.274753852890214,13.108730204297391,14.161680179608714,66.55792067533233,17.45630133676836,52.39624049572361,0.5258466519291285,44.0,1.0,REMISSION2,EAE,31.0,rr
C_CFA_1,5,2.8233463088118347,21.287121764955497,-26.654153038926175,21.519883609483795,32.86977563100084,48.17403664840997,7.0681708592823504,9.0,0.0,MOG CFA,CONTROL,,chronic
C_CFA_2,5,-2.0116853206867384,17.48636034012852,-27.805912550545948,21.16658889426274,6.010601913569591,48.972501444808685,2.7316404201805895,9.0,0.0,MOG CFA,CONTROL,,chronic
C_CFA_3,4,19.163008315350936,10.383936277174678,4.924423353770065,29.853535171491416,6.655710572916064,24.92911181772135,4.15698632604521,8.0,0.0,MOG CFA,CONTROL,,chronic
C_CFA_4,4,2.7876385201961535,2.930429811589584,-0.4039423457676783,5.578660001964403,4.44001789089926,5.982602347732081,5.890325738229038,16.0,0.0,CFA,CONTROL,,chronic
C_CFA_6,3,13.811150847898455,13.47359984423235,-0.31815430899024477,26.515833975917587,13.416994142453918,26.833988284907832,2.892510843465893,17.0,0.0,CFA,CONTROL,,chronic
C_L_1,9,57.36450034005895,5.192300102840727,49.931023527649764,66.28176920170723,5.7659905122500135,16.35074567405747,0.7225366526913213,43.0,1.0,MILD30,EAE,30.0,chronic
C_L_2,7,62.9662164014468,6.654209341714886,52.07949763665724,74.14911400796419,4.287412126374491,22.06961637130695,0.9193340690751981,45.0,1.0,MILD30,EAE,30.0,chronic
C_L_3,11,51.25214941533388,16.53771958487617,20.221519400572895,72.37711684992564,11.798954639571676,52.15559744935275,1.5278388127250082,45.0,1.0,MILD30,EAE,30.0,chronic
C_L_4,8,54.43309996449626,9.23962191076427,41.79194962556315,66.83802991931046,12.806149708640248,25.04608029374731,1.2590002651384102,50.0,1.0,MILD30,EAE,30.0,chronic
C_L_5,10,55.008241155491405,7.326025407095422,44.405100827030104,66.53534310944175,11.250459843600282,22.13024228241165,1.1666044931885873,46.0,1.0,MILD30,EAE,30.0,chronic
C_M16_1,7,38.380931761139486,14.479439593085145,16.067461428266075,50.33130102869516,19.17273405316578,34.26383960042908,1.1035577005558732,28.0,1.5,MILD16,EAE,16.0,chronic
C_M16_2,15,49.05564063553022,7.8780813287792535,34.20402576827351,59.08528587534869,11.201836762628147,24.881260107075178,0.7736123114899804,27.0,1.25,MILD16,EAE,15.0,chronic
C_M16_3,16,48.43134755448269,7.040109315742456,34.65179060122203,57.08074954993989,11.31563052508502,22.428958948717856,1.9623679611835492,27.0,1.25,MILD16,EAE,15.0,chronic
C_NS_1,9,10.629625649812503,12.558005466911256,-5.522958934993056,34.168943277189285,11.727004401066557,39.69190221218234,6.2855776705669015,9.0,0.0,NONSYMPTOM,EAE,,chronic
C_NS_2,8,22.122362629388547,10.058621102564457,4.4862122939863145,38.316671677760276,9.914190944375715,33.83045938377396,2.3586479735717494,9.0,0.0,NONSYMPTOM,EAE,,chronic
C_NS_3,7,12.62099981148333,11.468791797115424,-7.916766435497461,30.705277718042765,5.421645083828267,38.62204415354023,2.7919960197751945,9.0,0.0,NONSYMPTOM,EAE,,chronic
C_NS_4,1,-1.5427416498803268,,-1.5427416498803268,-1.5427416498803268,0.0,0.0,3.3530098983492795,8.0,0.0,NONSYMPTOM,EAE,,chronic
C_NS_5,1,16.93697249217672,,16.93697249217672,16.93697249217672,0.0,0.0,7.843294586799054,8.0,0.0,NONSYMPTOM,EAE,,chronic
C_OS1_1,12,22.547320148887916,6.604185713142922,9.161355676015122,30.659247929593143,9.01067757542273,21.497892253578023,0.6812962151417457,14.0,0.5,OS1,EAE,0.0,chronic
C_OS1_2,14,6.713429713853263,17.628052936579234,-16.4147825714362,40.048681940676516,16.497234331359056,56.463464512112715,2.9719083687869845,12.0,0.5,OS1,EAE,6.0,chronic
C_OS1_3,16,12.575594059473165,7.0027018947802615,-3.9257640985585205,22.784579327752514,9.144813433259278,26.710343426311034,1.5423211464700146,12.0,0.5,OS1,EAE,0.0,chronic
C_OS1_4,15,22.33539584452666,7.543337094815209,7.867724489705019,36.165651727004615,8.060268890987032,28.297927237299596,1.6493431235251492,14.0,0.5,OS1,EAE,1.0,chronic
C_OS1_5,8,18.72091114094515,9.228782878547971,5.321355688082011,27.52275681849111,14.77976816863064,22.2014011304091,2.339563256542226,10.0,0.25,OS1,EAE,,chronic
C_P1_1,14,21.25458002023259,11.53064235343358,5.050371948950229,43.70924043007446,18.17066768323455,38.65886848112423,0.8057474317116804,16.0,3.0,PEAK1,EAE,3.0,chronic
C_P1_2,13,20.498926247921073,5.953474434462563,11.108512633626415,33.26747979995178,4.853752608396583,22.158967166325365,0.8334963612296877,18.0,3.0,PEAK1,EAE,7.0,chronic
C_P1_3,19,22.496327018475412,10.845563305800713,-0.5821159976816404,36.90962659201022,13.563071476141456,37.49174258969186,0.99571685905592,18.0,3.0,PEAK1,EAE,5.0,chronic
C_P1_4,9,14.7467520748341,7.29495898574909,4.266404002403135,27.604581242632307,5.277807823493124,23.33817724022917,0.18352946275219928,13.0,2.5,PEAK1,EAE,2.0,chronic
C_P1_5,8,14.133014109257871,10.085636419204421,4.767131750854002,34.85699408373878,8.476811306849935,30.08986233288478,0.9882077242089664,15.0,3.0,PEAK1,EAE,4.0,chronic
C_P1_6,5,14.68275288484806,2.2116185238135495,11.577422919648075,16.87930239496349,3.0595667705648815,5.301879475315413,1.0936093462498153,15.0,3.25,PEAK1,EAE,4.0,chronic
C_S16_1,10,28.63353632901048,14.746448743306269,5.368548873477025,46.060128817950385,22.35756393986167,40.69157994447336,0.6834889942292213,29.0,2.5,SEVERE16,EAE,16.0,chronic
C_S16_2,18,55.5578897565093,9.0433628117042,30.06676265674585,68.70641243496335,10.065371541955805,38.6396497782175,0.9084926917323362,28.0,2.5,SEVERE16,EAE,15.0,chronic
C_S16_3,14,46.44810373804154,6.554594434937226,35.811894718267936,53.96187327964257,10.837581104262178,18.14997856137463,0.9220896620927457,28.0,2.5,SEVERE16,EAE,16.0,chronic
C_S30_1,8,54.868069761364005,7.589567978627626,43.39119393326379,64.43425870857264,10.17909420056467,21.04306477530885,0.5876180641622613,41.0,2.5,SEVERE30,EAE,30.0,chronic
C_S30_2,11,55.667541650904894,5.976326793666723,44.889016748863604,62.28103798822575,8.766301010627295,17.392021239362144,0.47895857041075374,41.0,2.25,SEVERE30,EAE,30.0,chronic
