section,animal,n_cells,n_pu1,tissue_area_um2,n_lesions,lesion_area_um2
C2_G1_Bot_0,C_S16_2,16487,4587,5302600.0,9,433800.0
C2_G1_Bot_1,C_M16_1,7786,1009,3564000.0,7,231900.0
C2_G1_Bot_2,C_S30_2,8837,2102,3010300.0,5,488200.0
C2_G1_Mid_0,C_OS1_5,8589,655,3911700.0,8,266200.0
C2_G1_Mid_1,C_S16_1,7074,1277,2910000.0,5,263700.0
C2_G1_Mid_2,C_P1_4,11027,4048,4099200.0,9,539900.0
C2_G1_Top_0,C_M16_2,9937,1328,3546700.0,6,238100.0
C2_G1_Top_1,C_NS_4,4639,184,3044100.0,1,7900.0
C2_G1_Top_2,C_S30_2,7577,1161,3148400.0,6,329000.0
C2_G2_Bot_0,C_P1_5,16469,7181,4509100.0,8,800300.0
C2_G2_Bot_2,C_S30_1,5631,967,2651900.0,6,439700.0
C2_G2_Mid_0,C_M16_3,6228,709,3018000.0,8,230500.0
C2_G2_Mid_1,C_S16_2,7357,1463,4014400.0,9,420000.0
C2_G2_Mid_2,C_CFA_4,6009,207,4291800.0,4,33800.0
C2_G2_Top_1,C_S16_1,11037,2931,3143400.0,5,456500.0
C2_G2_Top_2,C_M16_3,7226,774,3726000.0,8,212400.0
C2_G3_Bot_0,C_S16_3,7676,1464,2792800.0,7,192300.0
C2_G3_Bot_2,C_S30_1,10178,1715,3414700.0,2,487500.0
C2_G3_Mid_0,C_S16_3,11254,1882,3536600.0,7,339500.0
C2_G3_Mid_2,C_M16_2,6577,981,3436800.0,9,231800.0
C2_G3_Top_0,C_P1_6,17934,7235,4390200.0,5,657200.0
C2_G3_Top_1,C_CFA_6,10553,342,4718400.0,3,29400.0
C2_G3_Top_2,C_NS_5,7166,274,4083100.0,1,7000.0
G3_L1_0,C_NS_1,7291,248,5146800.0,5,44300.0
G3_L1_1,C_P1_1,20302,9378,6753800.0,8,1048300.0
G3_L1_2,C_OS1_3,11119,1399,4986000.0,11,346400.0
G3_L2_0,C_NS_2,5013,160,3816400.0,3,25400.0
G3_L2_1,C_OS1_1,9859,2128,5149300.0,6,628300.0
G3_L2_2,C_P1_2,11873,3527,5031500.0,6,640200.0
G3_L3_0,C_NS_3,5646,259,4935600.0,6,102500.0
G3_L3_1,C_OS1_2,8127,511,5182500.0,11,170500.0
G3_L3_2,C_P1_3,13310,4188,5506700.0,10,779800.0
G4_L1_0,C_L_1,12152,1269,5049500.0,4,572400.0
G4_L1_1,C_CFA_3,4435,169,2516900.0,2,11300.0
G4_L1_2,C_L_4,6384,847,3212000.0,3,339300.0
G4_L2_0,C_L_2,10149,1344,4158000.0,2,511000.0
G4_L2_1,C_L_5,8575,1360,4032300.0,5,436400.0
G4_L2_2,C_CFA_1,6044,203,4009500.0,2,15700.0
G4_L3_0,C_L_3,11885,3611,4053000.0,3,878500.0
G4_L3_1,C_OS1_4,7036,816,3920500.0,8,232300.0
G4_L3_2,C_CFA_2,6679,242,4930900.0,1,10600.0
G5_L1_0,C_NS_1,2565,91,2464900.0,4,40600.0
G5_L1_1,C_P1_1,6547,983,3229900.0,6,206800.0
G5_L1_2,C_OS1_3,5365,661,3213500.0,5,196900.0
G5_L2_0,C_NS_2,4193,151,3555900.0,5,68000.0
G5_L2_1,C_OS1_1,6427,617,3890900.0,6,177200.0
G5_L2_2,C_P1_2,7608,2488,3457700.0,7,460100.0
G5_L3_0,C_NS_3,5728,217,3781200.0,1,26600.0
G5_L3_1,C_OS1_2,4687,274,3481100.0,3,52500.0
G5_L3_2,C_P1_3,7408,1860,3818300.0,9,419300.0
G6_L1_0,C_L_3,8455,1113,4094800.0,8,273900.0
G6_L1_1,C_L_2,6654,819,3000100.0,5,334000.0
G6_L1_2,C_L_1,5234,740,3519900.0,5,361900.0
G6_L2_0,C_OS1_4,4642,419,2919300.0,7,110900.0
G6_L2_1,C_L_5,5540,703,3315100.0,5,468100.0
G6_L2_2,C_CFA_3,4160,147,3037000.0,2,16600.0
G6_L3_0,C_CFA_2,8146,245,5942900.0,4,36200.0
G6_L3_1,C_CFA_1,6540,237,5095900.0,3,17800.0
G6_L3_2,C_L_4,5521,925,3298000.0,5,422400.0
S1_B1_0,RR_R1_1,6827,1268,2992000.0,5,182100.0
S1_B1_1,RR_P2M_1,14195,2820,5501400.0,8,733700.0
S1_B1_2,RR_OS1_1,7458,1194,3307500.0,6,314600.0
S1_B2_0,RR_P2M_1,8142,1393,3465700.0,9,273200.0
S1_B2_1,RR_OS1_1,5063,405,2637500.0,3,41400.0
S1_B2_2,RR_R1_1,9674,2112,4634400.0,11,253500.0
S1_B3_0,RR_OS1_1,7289,372,4304800.0,5,56000.0
S1_B3_1,RR_R1_1,8305,1536,3392600.0,14,288800.0
S1_B3_2,RR_P2M_1,8068,1555,2851600.0,5,260500.0
S1_T1_0,RR_MP_1,4774,473,2542000.0,4,126700.0
S1_T1_1,RR_CFA_1,5480,198,2904400.0,2,11400.0
S1_T1_2,RR_CFA_1,7514,245,4245900.0,1,18000.0
S1_T2_0,RR_P1_1,9483,2833,3927400.0,9,381500.0
S1_T2_1,RR_CFA_1,4225,149,2550100.0,1,9800.0
S1_T2_2,RR_MP_1,7011,588,3329400.0,6,237800.0
S1_T3_0,RR_P1_1,12095,4327,3932500.0,16,450000.0
S1_T3_1,RR_MP_1,8967,847,4339000.0,11,293600.0
S1_T3_2,RR_P1_1,8563,2893,2823500.0,8,423900.0
S2_B1_0,RR_OS2_1,4765,752,2507100.0,3,148800.0
S2_B1_1,RR_P2M_2,9040,2309,3004500.0,7,361300.0
S2_B1_2,RR_OS2_1,8382,410,3738500.0,2,37100.0
S2_B2_0,RR_P2M_2,12989,2095,5192500.0,7,611200.0
S2_B2_1,RR_MP_2,5707,1096,2411400.0,8,279700.0
S2_B2_2,RR_MP_2,9452,1281,3672300.0,6,397800.0
S2_B3_0,RR_OS2_1,6961,1011,3044700.0,7,190200.0
S2_B3_1,RR_MP_2,11051,1759,4118900.0,8,394600.0
S2_B3_2,RR_P2M_2,6527,1397,2817600.0,6,247600.0
S2_T1_0,RR_R1_2,16470,5870,5540000.0,9,1130400.0
S2_T1_1,RR_CFA_2,7993,280,4221900.0,3,58300.0
S2_T1_2,RR_CFA_2,8631,284,4193500.0,1,10600.0
S2_T2_0,RR_P3_1,14089,3791,4303000.0,6,809500.0
S2_T2_1,RR_CFA_2,3848,147,2430100.0,3,29600.0
S2_T2_2,RR_R1_2,7589,943,3183400.0,7,237100.0
S2_T3_0,RR_P3_1,6040,809,2491800.0,7,166400.0
S2_T3_1,RR_P3_1,12922,2698,4513100.0,8,590100.0
S3_B1_0,RR_OS2_2,8236,522,4867300.0,7,106500.0
S3_B1_1,RR_P1_2,11755,4454,4281800.0,10,615200.0
S3_B1_2,RR_P3_2,11707,5335,3739000.0,6,461900.0
S3_B2_0,RR_OS2_2,5879,903,3205700.0,4,322200.0
S3_B2_1,RR_OS2_2,3852,759,2450100.0,2,179700.0
S3_B2_2,RR_P1_2,15258,5072,5932100.0,15,965900.0
S3_B3_0,RR_P1_2,9450,3255,3432100.0,12,393100.0
S3_B3_1,RR_P3_2,12734,4096,4878500.0,6,925200.0
S3_B3_2,RR_P3_2,17656,9413,4543300.0,6,115600.0
S3_T1_0,RR_CFA_3,7450,236,3984200.0,2,19400.0
S3_T1_1,RR_MP_3,6072,545,2999000.0,6,136900.0
S3_T1_2,RR_R2LONG_1,6030,556,3297700.0,7,220100.0
S3_T2_0,RR_R2LONG_1,7897,890,3475800.0,7,228300.0
S3_T2_1,RR_MP_3,5891,659,3122500.0,9,242600.0
S3_T2_2,RR_MP_3,9121,824,4054400.0,6,253000.0
S3_T3_0,RR_CFA_3,5076,225,3043400.0,2,14800.0
S3_T3_1,RR_R2LONG_1,9296,650,4599500.0,8,311300.0
S3_T3_2,RR_CFA_3,7943,310,3784900.0,4,32100.0
S4_B1_0,RR_P1_3,7531,2337,2914300.0,9,134900.0
S4_B1_1,RR_MP_4,7946,1140,3220000.0,8,328800.0
S4_B1_2,RR_MP_4,9292,1271,4129500.0,8,410000.0
S4_B2_0,RR_P3_3,12375,1975,4970300.0,8,635600.0
S4_B2_1,RR_MP_4,9335,2037,3560600.0,6,405000.0
S4_B2_2,RR_P1_3,9040,2808,3335200.0,12,293600.0
S4_B3_0,RR_P3_3,13172,4715,4037400.0,9,654000.0
S4_B3_1,RR_P1_3,10386,2243,4778400.0,8,656300.0
S4_B3_2,RR_P3_3,9892,3075,3165700.0,9,591700.0
S4_T1_0,RR_P2_3,8323,2978,2779000.0,4,349000.0
S4_T1_1,RR_OS1_2,5470,523,3279400.0,5,138100.0
S4_T1_2,RR_OS1_2,7873,360,4820700.0,5,70200.0
S4_T2_0,RR_R1_3,10244,1559,4633000.0,9,392300.0
S4_T2_1,RR_OS1_2,4277,243,2595300.0,4,40200.0
S4_T2_2,RR_P2_3,8579,3726,3077000.0,6,351300.0
S4_T3_0,RR_R1_3,6427,1225,2865700.0,8,168000.0
S4_T3_1,RR_P2_3,10236,2344,4037100.0,3,541400.0
S4_T3_2,RR_R1_3,5913,1051,2719300.0,6,161300.0
S5_B1_0,RR_R1_4,12037,2241,4247100.0,8,444900.0
S5_B1_1,RR_P2_4,13833,3007,5415000.0,9,905600.0
S5_B1_2,RR_R2_4,6771,1267,2912600.0,8,336100.0
S5_B2_0,RR_R2_4,15577,2469,5113300.0,6,642900.0
S5_B2_1,RR_R1_4,8881,1879,3832900.0,7,384700.0
S5_B2_2,RR_P2_4,17719,7407,5026600.0,7,1195700.0
S5_B3_0,RR_P2_4,15231,5732,4104900.0,7,701900.0
S5_B3_1,RR_R2_4,8508,928,4059500.0,6,410800.0
S5_B3_2,RR_R1_4,11569,1583,5783700.0,15,412000.0
S5_T1_0,RR_R2_3,7238,1024,3555700.0,7,246000.0
S5_T1_1,RR_P1_5,12574,5175,4991700.0,8,673500.0
S5_T1_2,RR_P1_5,16810,7916,5929900.0,10,1023300.0
S5_T2_0,RR_P3_5,11761,1561,4887700.0,8,674500.0
S5_T2_1,RR_P1_5,6923,2398,3417400.0,7,366100.0
S5_T2_2,RR_R2_3,7442,766,3373900.0,3,253300.0
S5_T3_0,RR_P3_5,9003,1672,3324700.0,4,511500.0
S5_T3_1,RR_R2_3,12377,1440,5151700.0,9,595000.0
S5_T3_2,RR_P3_5,7369,1224,2973600.0,5,368300.0
S6_T1_0,RR_R1_6,9248,1173,4949500.0,9,366200.0
S6_T1_1,RR_R1_6,10534,2198,3616100.0,8,322200.0
S6_T1_2,RR_R2_5,5178,620,2940700.0,7,261800.0
S6_T2_0,RR_R2_5,9485,1437,3799300.0,4,394800.0
S6_T2_1,RR_R1_6,5942,652,3736800.0,5,78700.0
S6_T2_2,RR_P3_4,13665,2779,5069500.0,6,784100.0
S6_T3_0,RR_P3_4,7826,1401,3486300.0,6,368300.0
S6_T3_1,RR_R2_5,11005,1152,4799600.0,9,314100.0
S6_T3_2,RR_P3_4,6407,741,3224900.0,9,134500.0
