gene,group,c18_antigen_IFN,c5_acute_glycolytic,c3_repair_resident,c0_microglia,c20_microglia
Ccr2,recruitment,1.5385102725769402,1.0201480930424178,0.7814463134516046,0.25288035970564987,0.45068895556375504
Plac8,recruitment,2.4172155726626645,2.0254563657009017,1.3964058465320266,0.4375703903569216,0.7782159788330357
Vcan,recruitment,0.5552655306416636,0.8955608505668532,1.0446579266902052,0.4061681776492177,0.27017557165631895
Ms4a7,recruitment,0.7395002900565285,0.7320498168110381,0.8560753738700094,0.6133523631935494,0.1571667341064067
Ciita,antigen_pres,2.8361620225035806,1.40540354753982,1.5187009690291748,0.9582432495422984,0.8360207002976867
Cd74,antigen_pres,6.521820396528315,5.574683877618747,5.724608454415316,5.5271308661482434,5.010148358979788
H2-Ab1,antigen_pres,5.468018119820749,4.341426494508299,4.434291321531326,3.975313922968625,3.4125095744526712
H2-Aa,antigen_pres,5.232721980859996,4.077132037400061,4.249965921751336,3.694677789251713,3.14345081771055
H2-Eb1,antigen_pres,4.775033528748825,3.5136827310812517,3.8521386081493114,3.0761352169520872,2.676772667290545
Cxcl10,interferon,1.252943789322328,1.6882188758208254,0.8640583745738731,0.8598458012514693,0.5766281679966311
Cxcl9,interferon,1.4417547625760188,1.4518451470352722,0.8064328935237665,0.8693181613435602,0.36764624991346867
Isg15,interferon,1.5511208497135152,1.6046658509634248,0.9996606433032603,1.0059113464390794,1.0608195971339507
Ifit3,interferon,1.034366343224157,0.7815066089982067,0.6656541700427248,0.9012131967048378,0.6545432923569513
Gbp2,interferon,2.259624080323601,2.6111356690133323,1.8274113455264098,1.6459885530739171,1.1457001588363744
Irf7,interferon,0.24824196631871376,0.2256331279057758,0.09457199631409939,0.08251185765551128,0.15311949094747096
Arg1,activation_glyc,1.7513512332008294,4.549687381227001,1.9252534560608041,0.4927582172052757,0.3345417233361011
Acod1,activation_glyc,1.5057683722522306,3.0154948298187207,1.1753011000305968,1.1455548486525777,0.42849164958652325
Hal,activation_glyc,1.3633192968623702,2.860758195757146,1.6119610084465545,1.100630123670912,0.22295712238397558
Chil3,activation_glyc,1.3862313326192883,3.7965285653465095,1.8337558865498687,0.4281838936016,0.5334576336699255
Hk2,activation_glyc,1.9596102633247476,2.496405056944013,1.766562346218675,2.3659802684469797,1.9059290882911069
Slc2a1,activation_glyc,1.6322721156803992,1.9226463804281122,1.375784531613418,1.4559597254799383,1.113977100368194
Ldha,activation_glyc,1.8560171155077936,2.583901146578872,1.6924625646543794,1.5984620063544637,1.3218094213514051
Mrc1,repair,1.3263464404869703,0.8484304709565917,1.6286464420033218,0.21834098131373675,0.20637469435921252
Igf1,repair,0.9899342866923045,0.9251227463496821,2.197848374572937,1.608004797932927,0.2686552574019388
Timp1,repair,1.7060810466037564,2.2228283634561268,1.9697415726475096,1.2226257714238058,0.37482449381744787
Cd163,repair,1.1237894428646884,0.32725753915615363,1.5547286443223354,0.07565060169638749,0.11224107026288965
C6,repair,0.21680924810409444,0.05699076555093598,1.259560950402929,0.03755355139286211,0.012370004525707648
Pf4,repair,0.04527891274057021,0.03735031632487294,0.04097235532373299,0.008608970815604968,0.0048860701361412755
P2ry12,microglia_home,1.015056725012391,0.7850504807712004,0.8591064841348837,2.9060114694854744,2.87510503193713
Tmem119,microglia_home,0.8237633057283268,0.5950658443588241,0.9137547166533195,2.752885603836342,2.4140272242338776
Cx3cr1,microglia_home,2.2469954914687165,1.4472676771772193,2.1396143655265925,3.5818353376993524,3.252629465161679
Hexb,microglia_home,3.5945111947916146,3.556474900902716,3.6046918285287695,5.3550009433532635,4.638468766038959
