state,animal,mean_sd
c18_antigen_IFN,RR_MP_1,22.007680780533967
c18_antigen_IFN,RR_MP_2,-15.331238937990996
c18_antigen_IFN,RR_MP_3,6.0150801455261425
c18_antigen_IFN,RR_MP_4,-10.186045085425869
c18_antigen_IFN,RR_OS1_1,7.590407917307792
c18_antigen_IFN,RR_OS1_2,-19.781931476947886
c18_antigen_IFN,RR_OS2_1,-1.940359234062474
c18_antigen_IFN,RR_OS2_2,6.060936955600667
c18_antigen_IFN,RR_P1_1,-19.499533731948414
c18_antigen_IFN,RR_P1_2,-17.09657820029442
c18_antigen_IFN,RR_P1_3,-10.258959748755174
c18_antigen_IFN,RR_P1_5,8.068265345995155
c18_antigen_IFN,RR_P2_1,-14.980728026345165
c18_antigen_IFN,RR_P2_2,-14.801640923475635
c18_antigen_IFN,RR_P2_3,-15.269800872382605
c18_antigen_IFN,RR_P2_4,-17.254296896667732
c18_antigen_IFN,RR_P3_1,-8.91621979604147
c18_antigen_IFN,RR_P3_2,-16.779570588560464
c18_antigen_IFN,RR_P3_3,-16.99834468849616
c18_antigen_IFN,RR_P3_4,-13.230678544941611
c18_antigen_IFN,RR_P3_5,-9.762373427402803
c18_antigen_IFN,RR_R1_1,-4.242923116260312
c18_antigen_IFN,RR_R1_2,-24.38171784508681
c18_antigen_IFN,RR_R1_3,-7.860213974412139
c18_antigen_IFN,RR_R1_4,-13.511857344831572
c18_antigen_IFN,RR_R1_6,-5.756091893660177
c18_antigen_IFN,RR_R2_1,2.152757278829916
c18_antigen_IFN,RR_R2_3,2.250119176796395
c18_antigen_IFN,RR_R2_4,9.78182081153427
c18_antigen_IFN,RR_R2_5,6.78667196919691
c5_acute_glycolytic,RR_MP_1,18.53037311469812
c5_acute_glycolytic,RR_MP_2,-22.714095995647316
c5_acute_glycolytic,RR_MP_3,-7.360885783615591
c5_acute_glycolytic,RR_MP_4,-25.914316711425087
c5_acute_glycolytic,RR_OS1_1,-14.364484866120266
c5_acute_glycolytic,RR_OS1_2,-33.03544969845285
c5_acute_glycolytic,RR_OS2_1,5.791052514399389
c5_acute_glycolytic,RR_OS2_2,-21.74494126028873
c5_acute_glycolytic,RR_P1_1,-28.115033172326694
c5_acute_glycolytic,RR_P1_2,-28.793708577048783
c5_acute_glycolytic,RR_P1_3,-29.783294505367277
c5_acute_glycolytic,RR_P1_5,-17.19670787171595
c5_acute_glycolytic,RR_P2_1,-23.13485543315479
c5_acute_glycolytic,RR_P2_2,-5.011758195642874
c5_acute_glycolytic,RR_P2_3,-23.784540313725312
c5_acute_glycolytic,RR_P2_4,-37.547276787473145
c5_acute_glycolytic,RR_P3_1,-35.567503365490104
c5_acute_glycolytic,RR_P3_2,-14.836001604042934
c5_acute_glycolytic,RR_P3_3,-26.052821716930815
c5_acute_glycolytic,RR_P3_4,-16.003560500542054
c5_acute_glycolytic,RR_P3_5,-26.239055471047465
c5_acute_glycolytic,RR_R1_1,-23.052218309466717
c5_acute_glycolytic,RR_R1_2,-38.75920118415349
c5_acute_glycolytic,RR_R1_3,-14.675571358208792
c5_acute_glycolytic,RR_R1_4,-22.63517347617514
c5_acute_glycolytic,RR_R1_6,-26.491532239509493
c5_acute_glycolytic,RR_R2_1,-3.1978787847432137
c5_acute_glycolytic,RR_R2_3,-19.28586012525649
c5_acute_glycolytic,RR_R2_4,-12.658130930785765
c5_acute_glycolytic,RR_R2_5,-10.587558189742175
c3_repair_resident,RR_MP_1,-6.209109972345006
c3_repair_resident,RR_MP_2,-23.417317277657112
c3_repair_resident,RR_MP_3,-6.472977485839222
c3_repair_resident,RR_MP_4,-25.9721466816878
c3_repair_resident,RR_OS1_1,2.518405915681686
c3_repair_resident,RR_OS1_2,3.830683958375655
c3_repair_resident,RR_OS2_1,-4.913767991146585
c3_repair_resident,RR_OS2_2,0.607031182504383
c3_repair_resident,RR_P1_1,-30.540817915980735
c3_repair_resident,RR_P1_2,-32.896787066079256
c3_repair_resident,RR_P1_3,-22.048758858135894
c3_repair_resident,RR_P1_5,-19.156019453337013
c3_repair_resident,RR_P2_1,-25.029233144606188
c3_repair_resident,RR_P2_2,-28.898984947176338
c3_repair_resident,RR_P2_3,-24.582192635150506
c3_repair_resident,RR_P2_4,-27.86185658609879
c3_repair_resident,RR_P3_1,-24.3408722790409
c3_repair_resident,RR_P3_2,-25.304077375584725
c3_repair_resident,RR_P3_3,-24.70191042223113
c3_repair_resident,RR_P3_4,-18.451063547008882
c3_repair_resident,RR_P3_5,-23.368412020349908
c3_repair_resident,RR_R1_1,-15.216354368979594
c3_repair_resident,RR_R1_2,-26.308394847232925
c3_repair_resident,RR_R1_3,-23.08698888833735
c3_repair_resident,RR_R1_4,-23.623049476247196
c3_repair_resident,RR_R1_6,-20.146051910917645
c3_repair_resident,RR_R2_1,-15.948726705669422
c3_repair_resident,RR_R2_3,-9.380024831371124
c3_repair_resident,RR_R2_4,-18.19771826074986
c3_repair_resident,RR_R2_5,-14.083653716660764
c13_T_NK,RR_MP_1,1.205515074572895
c13_T_NK,RR_MP_2,-15.714173219690887
c13_T_NK,RR_MP_3,-2.962660600770513
c13_T_NK,RR_MP_4,-12.64283299326914
c13_T_NK,RR_OS1_1,-17.755941552282735
c13_T_NK,RR_OS1_2,-18.452829213229666
c13_T_NK,RR_OS2_1,-10.073585801474
c13_T_NK,RR_OS2_2,-15.250230506680062
c13_T_NK,RR_P1_1,-20.429686681948752
c13_T_NK,RR_P1_2,-26.693821159548136
c13_T_NK,RR_P1_3,-17.955151524114207
c13_T_NK,RR_P1_5,-20.145919038042667
c13_T_NK,RR_P2_1,-13.35837626776291
c13_T_NK,RR_P2_2,-12.633284072581247
c13_T_NK,RR_P2_3,-5.492555455076573
c13_T_NK,RR_P2_4,-27.726917732058297
c13_T_NK,RR_P3_1,-20.606826745195256
c13_T_NK,RR_P3_2,-16.323045936893294
c13_T_NK,RR_P3_3,-20.54190127770667
c13_T_NK,RR_P3_4,-11.964202656645279
c13_T_NK,RR_P3_5,-21.28176073063683
c13_T_NK,RR_R1_1,-11.723152552681299
c13_T_NK,RR_R1_2,-22.47033863360111
c13_T_NK,RR_R1_3,-5.935968112040291
c13_T_NK,RR_R1_4,-18.80573016735866
c13_T_NK,RR_R1_6,-18.052191283285758
c13_T_NK,RR_R2_1,-1.5874173255008177
c13_T_NK,RR_R2_3,-7.2496659133164165
c13_T_NK,RR_R2_4,-5.002856057520028
c13_T_NK,RR_R2_5,-7.5963261799020705
c9_astro,RR_MP_1,45.30069630298275
c9_astro,RR_MP_2,23.321885311407975
c9_astro,RR_MP_3,40.09359265140011
c9_astro,RR_MP_4,17.800957903667904
c9_astro,RR_OS1_1,40.152838654176
c9_astro,RR_OS1_2,64.7846851835668
c9_astro,RR_OS2_1,34.95632578725661
c9_astro,RR_OS2_2,57.163239948573796
c9_astro,RR_P1_1,10.629784183824619
c9_astro,RR_P1_2,17.69144295068019
c9_astro,RR_P1_3,20.005280019309573
c9_astro,RR_P1_5,28.39850766806167
c9_astro,RR_P2_1,16.65273617830618
c9_astro,RR_P2_2,19.294117672089133
c9_astro,RR_P2_3,24.6144071072724
c9_astro,RR_P2_4,14.860066768859797
c9_astro,RR_P3_1,7.601744556205337
c9_astro,RR_P3_2,-5.671102336718425
c9_astro,RR_P3_3,3.309477981893232
c9_astro,RR_P3_4,29.769125459210912
c9_astro,RR_P3_5,5.888918485560843
c9_astro,RR_R1_1,29.448948906840204
c9_astro,RR_R1_2,16.109429397379156
c9_astro,RR_R1_3,27.64507876327716
c9_astro,RR_R1_4,4.9171101563840365
c9_astro,RR_R1_6,33.97228707168484
c9_astro,RR_R2_1,33.515876900633465
c9_astro,RR_R2_3,22.33820558214847
c9_astro,RR_R2_4,16.36806871761881
c9_astro,RR_R2_5,30.32720134683555
