stage,c5_acute_glycolytic_of_myel,c5_acute_glycolytic_of_all,c3_repair_resident_of_myel,c3_repair_resident_of_all,c18_antigen_IFN_of_myel,c18_antigen_IFN_of_all,c0_microglia_of_all,c20_microglia_of_all,score
PLP CFA,0.0076519916142557655,8.142155549664013e-05,0.6572181670721817,0.005835962115334233,0.33512984131356255,0.00323197655926563,0.021531552728949886,0.005084704604855136,0.0
ONSET1,0.27224805980369776,0.015113484458771496,0.4850657193943544,0.022976577715310205,0.2426862208019478,0.012535173822138923,0.03138825654157172,0.007509893935634842,0.25
ONSET2,0.31141160483547903,0.021908028255368913,0.4323605782556053,0.03034651868057422,0.25622781690891566,0.017986490140307516,0.043088783528815275,0.011042665482168538,1.0
PEAK1,0.594345579270007,0.17096862437919072,0.21425009226953654,0.0563535598991486,0.19140432846045655,0.04905775287627075,0.07454469571269343,0.014999474562597375,2.75
REMISSION1,0.1424287108071515,0.02663757592690017,0.602367881293091,0.0752068350168337,0.25520340789975743,0.03064047592500757,0.09888836799156112,0.017449694173824977,0.7
PEAK2,0.25362074371607224,0.0663060949728676,0.5110377013537268,0.08922315929448008,0.2353415549302009,0.0466102794399654,0.09809623409536093,0.014549437137370096,2.4375
REMISSION2,0.02447391151715948,0.002112885540353955,0.8277274087510722,0.06655374905094429,0.14779867973176827,0.011694950735492005,0.08839742989936057,0.009377700521454903,1.0625
PEAK3,0.2993428134845191,0.07869034791229826,0.5510168468377674,0.10043671285094755,0.14964033967771342,0.030247234189341242,0.10245086096993324,0.010144502452813009,2.65
MONOPHASIC,0.04232365519905907,0.004903160241679472,0.749211248644891,0.06942773462891903,0.20846509615605002,0.02175173909323107,0.07654547463924918,0.011183925459719723,0.625
