,0,1,2,3,4,5,6,7,8,9,10,11,12,13,14,15,16,17,18,19,20,21,22,23,24
0,173.92394928896658,176.94623584754183,0.3411528097690384,-15.42131125201742,-90.42354991306892,-14.59147634041957,-79.67117201613696,-127.38000480719899,-62.054790198072276,100.61513202721437,-19.727168992336583,-109.92139594963734,-70.43282974753991,13.23783476864979,-72.7666911066546,-33.148496176687544,86.40085902171097,8.417742892588151,32.216968234634166,-23.161078484291416,-21.18014635911168,-27.825591446831794,-9.846854373198168,-29.91599485231554,-38.423364033694824
1,203.1757804523721,320.5854009815503,-25.31040095481711,-79.22857397627615,-140.55267179135524,-4.099605080691116,-127.47024640439767,-115.30024666564879,-119.12847094293593,164.82686728098219,-46.75815525545244,-102.08896701092634,-110.61297635738687,11.060668619200431,-111.00346536317687,-25.649667364213233,126.27499494139725,5.645019336157519,-0.006606947889209809,-37.762521680034965,-55.790497875913594,-33.32259333608204,23.449467988433994,-43.08738300872427,-45.29663708691303
2,2.575843659015583,-26.219058161413088,207.00426341743218,-146.6393339383346,26.98815158536584,-126.41749699574649,-72.01182086914494,-121.4138305351489,140.08597508968484,-18.80051275793854,121.71839256039472,-95.87876027273093,80.81801009570466,-97.74445431970527,50.50544238199041,-76.51994552393089,25.550488941731775,173.3672713959741,-56.799455156891824,41.933723675954404,46.182539925708916,-63.56962489481386,-37.280645491153926,30.313928175167828,-35.402709885244256
3,-45.96400280365914,-103.3816506161651,-157.89233890635407,576.6636555386865,-151.83598054672822,34.894219792491604,-148.15972914287713,87.34749965917167,-133.84694717247507,-11.174893099627434,-123.96737870075033,1.8828471271110983,-118.44717139585059,143.6507799393147,-119.44847306806405,119.49437615694943,-98.00421037823729,-96.08888483879225,68.0581862890796,-40.233302056097976,-65.76669574483057,99.57401999755947,-25.633435555574327,-48.261718773763725,-45.30860423954548
4,-93.00171581626299,-140.25593434306555,22.740853954076275,-150.8811278221369,284.88871774987024,-131.62426862357984,207.71101916779463,-124.15264235782553,159.95539344937413,-89.32251699149853,78.48255919380513,-111.46034725556551,226.4919915064069,-106.73259958053362,184.71046822917765,-91.97760533555218,-26.980786628475403,-51.50909183673221,-76.56040739190622,22.43343217967506,88.75638025432796,-65.56030383080149,-52.94307337832721,-34.49930114137261,15.847467263428452
5,-30.760218131369847,-21.769176905911955,-128.53728917604835,35.93699547640061,-134.89548393716703,698.747444089999,-127.32785284301521,-114.71814241877144,-120.81573621091613,-34.06883156457006,-114.3373781566709,-76.31304872008111,-105.85828320409374,123.07001145915672,-100.0309453148228,-20.600961515610955,-35.49879113383882,-88.76777634975086,84.1334497703866,-59.70585618664651,-57.90888966670274,-25.575014625375978,145.7835735083338,-42.686907454822375,-45.223941549436816
6,-81.23856967521273,-132.87264087217451,-76.58400531492218,-149.63935578186906,205.4921185587166,-125.09365070576342,761.9949357323304,-123.01089180895615,51.32306385715034,-57.917267002429675,-2.7900210068170894,-103.61955027406705,-0.5618591153806485,-98.9886033565042,-9.455762352499757,-84.60476999698457,-24.618866139025208,-64.3728762522617,-75.71472960860176,-31.186488523035752,-10.502268833299635,-66.58047384682175,-45.5648549887962,-42.3646623179665,-29.385204403183245
7,-130.03377933244658,-126.46701614656483,-125.23402622373922,119.5129905387443,-125.03791739508881,-115.52986291416379,-124.47385166480399,926.7712113925079,-116.96319465744031,-45.378378218666114,-110.43943557120842,125.4820376900628,-102.82231047344861,-21.275419911369493,-100.73131395161867,50.76584715773263,-91.74922489411426,-73.39153488961155,-36.854758152072066,-36.88870130529482,-57.066922798538826,1.2707556779268807,-32.23878120153316,-35.53270097265047,-39.57998040072049
8,-68.2694983086631,-123.60318558977117,137.49462619573663,-132.23997369737137,163.81910689160694,-125.39775861493801,53.9726019662393,-110.18929907885742,178.81072440480327,-93.30817207436213,135.78625966192178,-93.57678247647466,159.71534511214193,-94.48279316133703,143.37043749689812,-81.32675773202644,-17.09872635536618,1.1819728769673852,-66.68843896330559,55.99899522862323,71.05560735753237,-58.9180411132142,-46.095278914386355,17.37083911919964,-2.0105330255269083
9,106.94865981412268,151.11508603441789,-22.720123765343196,19.505514424310647,-88.54186925603237,-28.007050314923056,-54.26804283300537,-39.017660739619934,-92.08962722416368,175.76007676346683,-36.80166486983,-74.63777064052118,-84.91301305214834,0.20522005306567231,-78.36511013680702,-15.997415096539648,42.85529874981905,36.76596746178276,-2.3948274658889037,-24.179435214668743,-35.71934210395013,-25.74498177345322,5.618880118034001,-35.297382708600324,-15.010341879963422
10,-21.26298234234107,-50.49052205351655,119.92839731450157,-125.11747974416629,81.09424119794988,-111.94414310324206,-0.2227287118628239,-110.29304811417919,134.63711289688675,-39.82747343619674,96.46996146459401,-76.3626341707983,104.75150785070208,-78.91892946453542,88.81704015102018,-43.34432902443947,8.121988393343141,39.59063525516372,-48.804643828466695,95.36466037663962,58.608223132657585,-53.65884035426339,-40.08775034341056,42.570709610453,-19.909873236163943
11,-111.47300399651398,-106.2702023884695,-99.83054597867678,11.951408143770047,-112.36525851980626,-75.06083270470818,-104.2769755367356,112.12960441713805,-98.42147418481275,-78.50158063671553,-71.54154003580491,1018.8177989921994,-86.64525894927642,-51.5158326135182,-85.0311840409984,-19.717320522297243,-77.39039892587178,-60.03073665298206,50.23063131076078,-26.92132876796466,-47.92867766493959,-34.61304643913359,21.809567664852235,13.539829643842156,-28.58403246753389
12,-71.19689250153692,-112.403098395305,74.98572088806922,-122.68608632403826,219.60940460078777,-103.40389345126611,-0.8243355778015892,-100.96845693319747,156.5570996541905,-86.10919725183886,97.31604633268559,-84.97431439981702,195.73082919098218,-84.39716664413734,226.9051207668303,-78.08506795192234,-15.478695548007849,-25.02649046279586,-60.98526344428089,28.531367430401353,91.87677043631568,-53.89328557089569,-41.87641608673726,-8.19942752022102,-21.897189483571687
13,-4.863398457397201,-13.074454141640015,-99.30028154716088,146.32883171634924,-113.19036510418057,121.99445501663911,-98.95861470944726,-34.20389271742326,-92.52773877989216,-13.57566663643207,-78.95866849418606,-56.18952273091602,-82.27352913072482,256.7577222879108,-77.43029727363728,104.39312085895897,-24.2477572372531,-62.828016732034214,101.8594982721079,-40.70352035266602,-38.26349159493349,129.2320797203825,44.625832528613536,-34.329769278445994,-34.55500219627457
14,-73.94133233613876,-111.31998913180888,48.82863443783781,-119.70348934564521,180.29109763058537,-100.17360179542486,-5.619265029821471,-99.89702832811986,144.8363061604838,-79.71504128830878,88.24691744004772,-83.88956515634766,235.13218871824975,-77.8280994561329,230.56397667825917,-72.32557829078773,-16.620518636780506,-32.49116341019876,-55.6823355778023,25.239628295210487,93.38267842975146,-51.43279844883818,-38.307131079345005,-21.89701106393145,-21.16711555292517
15,-51.04784482559822,-49.12679302678899,-83.42060637185556,102.40326368523742,-97.71323498080157,-27.785643539431774,-88.56149420174874,21.011983905770197,-82.84954784841653,-37.00202119236793,-44.89997527763284,-30.90557973709156,-79.9977116225978,96.2280762975432,-72.32087622147787,509.7592140381611,-46.77367527779323,-50.38544935306541,37.673352201266276,20.9328076112359,-38.25032121206007,37.6111466386365,-1.6142035280151001,-28.765431949916618,-30.719957803321275
16,92.04124060751305,120.52935205803281,24.15807190812952,-89.50117216578863,-25.051449357187735,-28.03187765959961,-23.432468203343042,-92.1297083626079,-18.06621493762038,45.49372729388991,6.698291168543843,-76.23545898824284,-14.026645706736378,-14.56398280462732,-16.75400552966407,-36.90966600488294,98.71537191075322,40.406590549992735,-4.921637485051522,-13.423316024533529,-3.2519814248869547,-23.57052461082533,-10.426550760160026,-11.583086932617622,-27.779061567199317
17,14.995174248179417,9.757859798552518,178.50262912716357,-94.86951615954207,-48.75251677222243,-88.67045021685313,-60.1889109964682,-67.75274411102362,5.867959076814567,43.182275416941316,46.67090631520649,-59.687281710534364,-21.629423643145692,-61.84708906570951,-30.023768612968126,-40.744740001593534,43.26560187113851,301.6822027103847,-46.54871109040759,8.794464362069553,-18.17731428113551,-44.093269229659505,-12.241299799714433,-14.635872108786705,-25.126134662876613
18,16.265818126476052,-19.17607348056133,-63.76720805697218,75.9412122501049,-79.14760103757543,85.67661247640072,-77.72064378902233,-41.50498515794288,-69.44187139501211,-14.716199049084985,-50.47176737738663,45.444751418219674,-61.98097631952262,100.21400195816783,-57.61472993891632,47.30726504080106,-15.505554135356045,-51.412918621518735,186.57559685227565,-9.459783655239953,-24.455339044581503,34.70530889031106,33.230178412722196,-20.08905712575597,-24.30463945653523
19,-32.66683192339789,-45.56799354853429,29.865388593215155,-43.811779595761834,15.868147379204277,-62.723803441533185,-33.49751761741825,-42.75439618386426,45.5016127259632,-32.2010129837385,90.84026626762285,-30.774360576932757,22.17524768180628,-42.76914309655969,18.085223589435696,19.994470935829355,-18.191830031573698,-0.8336684505902268,-11.67639141868731,266.01294394097687,15.005557527069035,-30.080100176622146,-19.483595137010205,5.388735284594324,-17.157382446200625
20,-22.763407953915138,-58.64614317630153,44.62294298168121,-66.28210782646818,85.33941462282067,-57.456860747360786,-10.857256756264864,-57.052475597215164,71.6136314234185,-37.309567880200575,59.83227717828095,-48.2217309643951,96.0619722510337,-38.72244976198674,95.5366267221011,-37.567002432362294,-4.296276256438898,-20.22100118906926,-22.709981944005833,18.413631377293015,86.0758224586274,-28.18283307538381,-22.826411933505415,60.10290507060381,-9.901574381881314
21,-38.90544584158787,-42.411455311548416,-65.81563640554677,94.47806935402645,-68.75490488582373,-27.570349862747275,-65.55695431671596,-11.433105901638974,-59.366909619223755,-34.43083612844943,-54.30212099413911,-38.64404569295018,-53.33092717119412,125.03290882733982,-51.96064042794454,42.66642438523002,-29.495629613303024,-44.14623300091614,29.704173801943938,-29.5261485259781,-27.47800308796629,567.1381520047439,-19.456960840778844,-23.613990268286845,-21.752204504097353
22,-14.525862949906545,14.633053515004217,-38.70449068290644,-19.478893042388222,-53.417756888198795,155.70917756811923,-46.130141512426846,-29.321716665767884,-47.3062093638503,3.355565700290157,-40.3428124330561,22.494815584654003,-42.52169577790535,52.58903361142162,-38.13291985285427,4.574895385780935,-11.856230413149676,-13.802069300164318,39.021476005217544,-18.554304597740128,-23.575771036257173,-17.72898363406976,202.31060042479777,-13.313411132051135,-11.439687277447314
23,-31.348431319181753,-43.954893352754674,31.580019706912086,-47.245120616961806,-34.12406685237534,-44.16153750531806,-44.452307349444226,-36.42885412093703,16.933950560822606,-34.66377733517528,44.51739276319449,16.526904088142572,-7.556838196810214,-33.27469918870125,-21.465368415642654,-28.987330118585284,-11.287966167203205,-15.741698528164132,-18.50496063888274,8.695775569532264,59.393014509913215,-23.727513731279767,-11.863563667429492,704.1004207631194,-13.79272135889383
24,-42.4848448942221,-47.79481458525113,-40.38484208517513,-46.829013024468594,-7.733687548212123,-46.5611942825596,-35.12802579653874,-40.44965253580455,-21.347758514982385,-24.709145380225667,-28.07412435881776,-28.096042957937286,-28.22471687869754,-34.453140140306836,-28.88768809353999,-30.473934146659833,-31.493479143364038,-26.237250360253068,-24.91409638398786,-20.253777133792934,-14.17751859567609,-21.876665004181717,-13.102502083640395,-13.299111230829535,1332.0597048011716
