,DA-MOL2,DA-MOL5/6,DA-OPC/COP,DA-Astro,DA-MiGL,model,condition,stage,day,score
C_S16_2,1.8259660457230018,0.2785219414926187,0.6018655142232725,0.897206973892085,2.2215110487450733,CHRONIC,EAE,SEVERE16,28.0,2.5
C_M16_1,1.4551340704593927,0.1656808050893519,0.37141246794769794,0.6301558578646883,2.1770247475786646,CHRONIC,EAE,MILD16,28.0,1.5
C_S30_2,1.7797209303609713,0.24456489299510253,0.5591365013444424,0.7905355344139617,2.1448256009165276,CHRONIC,EAE,SEVERE30,41.0,2.25
C_OS1_5,0.46969897277323175,-0.240608210573467,-0.18367647899389403,0.09337195578414244,1.4379517267873028,CHRONIC,EAE,OS1,10.0,0.25
C_S16_1,1.9364203163144122,0.39304561476960087,1.0202580973627036,0.8400973771155102,2.6122356548696692,CHRONIC,EAE,SEVERE16,29.0,2.5
C_P1_4,2.7926682602840405,1.0060774278088886,1.756785276842003,1.6959598231573867,2.5236476326463873,CHRONIC,EAE,PEAK1,13.0,2.5
C_M16_2,1.8276031551366099,0.27229819177789333,0.5235448160953798,0.7265213156382504,2.2171697642606296,CHRONIC,EAE,MILD16,27.0,1.25
C_NS_4,0.3546851224668847,-0.437818007490914,-0.4190931909816584,-0.18814287538106025,0.37049013434219175,CHRONIC,EAE,NONSYMPTOM,8.0,0.0
C_P1_5,2.337062268689037,0.9360496944461782,1.8192140975661344,1.4000881082324461,3.007890183297174,CHRONIC,EAE,PEAK1,15.0,3.0
C_S30_1,1.644385803880607,0.26401947576513596,0.36213889271699085,0.7816198779426862,2.101980008082833,CHRONIC,EAE,SEVERE30,41.0,2.5
C_M16_3,1.0548634022673384,-0.05480133754151856,0.11184474694418109,0.19141328211421846,1.8204971446107152,CHRONIC,EAE,MILD16,27.0,1.25
C_CFA_4,0.26240602284225795,-0.4047491081288209,-0.328804152863539,-0.17532463459500827,0.6247475399659648,CHRONIC,CONTROL,CFA,16.0,0.0
C_S16_3,1.613024278810902,0.2946281685817423,0.6405460695532899,0.7573303042632041,2.7084832168826813,CHRONIC,EAE,SEVERE16,28.0,2.5
C_P1_6,2.2677373017818034,1.0205892673985137,1.6349609256299564,1.4531472409785857,3.223786764463273,CHRONIC,EAE,PEAK1,15.0,3.25
C_CFA_6,0.19257078649005802,-0.4301296449026196,-0.4304486909536547,-0.3268766709592285,0.5980439845927357,CHRONIC,CONTROL,CFA,17.0,0.0
C_NS_5,0.11342866231731429,-0.4501972307822745,-0.5359248548316541,-0.49028744313088424,0.9590836524132172,CHRONIC,EAE,NONSYMPTOM,8.0,0.0
C_NS_1,0.2743021221323349,-0.4367849877945944,-0.43045439776191213,-0.22605895187853417,0.3009136573229133,CHRONIC,EAE,NONSYMPTOM,9.0,0.0
C_P1_1,2.6791255654630204,1.0057104316189451,1.7144601325540603,1.6413639768165518,2.591422998213465,CHRONIC,EAE,PEAK1,16.0,3.0
C_OS1_3,1.0651541427574083,0.09907465866590592,0.5374114378772398,0.5722021018264639,1.7875874708476056,CHRONIC,EAE,OS1,12.0,0.5
C_NS_2,0.4360568573058909,-0.3748206274033726,-0.39921678727049204,-0.21455802669770924,0.31391713870982546,CHRONIC,EAE,NONSYMPTOM,9.0,0.0
C_OS1_1,1.1615144080415019,0.016272980516737638,0.38081466910770634,0.535949799209109,2.2360558881357693,CHRONIC,EAE,OS1,14.0,0.5
C_P1_2,2.2092603195591614,0.6050425561123269,1.5128525348929147,1.3658504621977428,2.4329357334220574,CHRONIC,EAE,PEAK1,18.0,3.0
C_NS_3,0.31228519709631025,-0.40472044555062253,-0.44395037435119,-0.21869182404476806,0.4259091017974951,CHRONIC,EAE,NONSYMPTOM,9.0,0.0
C_OS1_2,0.6964175110596857,-0.27232619892463983,-0.18834138806552098,0.1847149780027681,1.0254831249191452,CHRONIC,EAE,OS1,12.0,0.5
C_P1_3,1.9284249318960112,0.6041094792247617,1.444032599404953,1.3129044435153652,2.4743569383727686,CHRONIC,EAE,PEAK1,18.0,3.0
C_L_1,1.2368457944123166,-0.0013921777860199144,0.21011487285519176,0.3060106138415994,1.6583945284394936,CHRONIC,EAE,MILD30,43.0,1.0
C_CFA_3,0.4039351203086117,-0.44174583846744275,-0.3249038379502861,-0.1985078692091078,0.5289164372646354,CHRONIC,CONTROL,MOG CFA,8.0,0.0
C_L_4,1.30621476386237,-0.009748503112475687,0.39439687830918135,0.3492134616556322,1.4220281771233663,CHRONIC,EAE,MILD30,50.0,1.0
C_L_2,1.1182262858833465,-0.0470327400090117,0.06834720633183328,0.3679743766462629,1.4405877971497598,CHRONIC,EAE,MILD30,45.0,1.0
C_L_5,1.290719915647379,0.0358287809090246,0.36409271658966674,0.43233800335653627,1.9333560021486662,CHRONIC,EAE,MILD30,46.0,1.0
C_CFA_1,0.2853599961674866,-0.43839741499669566,-0.41773304585304705,-0.20694697294820483,0.35687723372755853,CHRONIC,CONTROL,MOG CFA,9.0,0.0
C_L_3,1.792877357363919,0.3297250170206809,0.8983237051228317,0.7828516948978598,2.2020026233033794,CHRONIC,EAE,MILD30,45.0,1.0
C_OS1_4,1.0340207578735958,-0.04133687997159287,0.37920200632959356,0.3938869505332394,1.7125185804091905,CHRONIC,EAE,OS1,14.0,0.5
C_CFA_2,0.2375538405025146,-0.47715483635337486,-0.4194276153008089,-0.37419029680174803,0.24279381867949665,CHRONIC,CONTROL,MOG CFA,9.0,0.0
RR_R1_1,1.8484751780222473,0.5538450840971136,1.0957330115465742,0.9080232863545484,2.6317013889972625,RELAPSE REMITTING,EAE,REMISSION1,20.0,0.5
RR_P2M_1,1.9347991181462691,0.3733329929209716,0.7548859831458096,0.7773984195552052,2.413953651084849,RELAPSE REMITTING,EAE,PEAK2_MILD,31.0,1.75
RR_OS1_1,1.2028790173501431,0.24033817276986977,0.29343476714099237,0.5661575625729476,1.3594426738305856,RELAPSE REMITTING,EAE,ONSET1,11.0,0.25
RR_MP_1,1.182399319820754,0.16213173930030292,-0.018320320596220935,0.1682543673940815,1.77692666058075,RELAPSE REMITTING,EAE,MONOPHASIC,33.0,0.5
RR_CFA_1,0.5040444624570697,-0.1818778250349059,-0.4454147072791658,-0.426949982665434,0.06298514742321043,RELAPSE REMITTING,CONTROL,PLP CFA,33.0,0.0
RR_P1_1,2.2458900974587186,1.0227974084667366,1.6129175549534205,1.524329980455985,3.039091825356865,RELAPSE REMITTING,EAE,PEAK1,18.0,2.5
RR_OS2_1,1.214662738309272,0.4044415475649322,0.6324557534068367,0.6720593294218286,1.6796615494954918,RELAPSE REMITTING,EAE,ONSET2,13.0,1.0
RR_P2M_2,2.0081200396513057,0.4259860511006294,0.8436986167143151,0.7975452703770161,2.716883312062999,RELAPSE REMITTING,EAE,PEAK2_MILD,31.0,2.25
RR_MP_2,1.929272379923068,0.43135250701201916,0.8403708504044968,0.7215817533878188,2.673082664656066,RELAPSE REMITTING,EAE,MONOPHASIC,33.0,0.75
RR_R1_2,2.1409936178874944,0.73621260681419,1.2449139288673163,1.1433675603792952,2.9109168169015263,RELAPSE REMITTING,EAE,REMISSION1,25.0,0.75
RR_CFA_2,0.40492470331624675,-0.23755880382362676,-0.4892626131298954,-0.44793013173970087,0.04918099691911626,RELAPSE REMITTING,CONTROL,PLP CFA,33.0,0.0
RR_P3_1,1.9554557535257846,0.5769038933893262,1.0614190881517227,1.0108599085665229,2.5403469527046454,RELAPSE REMITTING,EAE,PEAK3,48.0,2.5
RR_OS2_2,1.5460238099587762,0.3637876279746203,0.6339145812551977,0.7855821312412494,1.8206736959259846,RELAPSE REMITTING,EAE,ONSET2,13.0,1.0
RR_P1_2,2.542277158081501,1.3809064015181411,2.160903215687951,1.879279996747236,3.1448149849224905,RELAPSE REMITTING,EAE,PEAK1,17.0,3.0
RR_P3_2,2.8887329321905892,0.6774007807413955,1.5289172534309683,1.6280361781831971,2.6570878382523238,RELAPSE REMITTING,EAE,PEAK3,48.0,3.0
RR_CFA_3,0.474002692458779,-0.1644904310766365,-0.49474834131626105,-0.3358901941504417,0.36187948609301757,RELAPSE REMITTING,CONTROL,PLP CFA,33.0,0.0
RR_MP_3,1.398461365086725,0.2438229659122653,0.2556201108412482,0.2912887563077561,2.078856087589895,RELAPSE REMITTING,EAE,MONOPHASIC,32.0,0.75
RR_R2LONG_1,1.3530614917048551,0.2365242450474002,0.07622894417321678,0.2085615372918451,1.866707864912522,RELAPSE REMITTING,EAE,REMISSION2_LONG,48.0,0.75
RR_P1_3,2.407367664743033,1.2060846012164348,2.0547477923921966,1.6706962237397571,3.0614448480051415,RELAPSE REMITTING,EAE,PEAK1,18.0,2.25
RR_MP_4,1.944046723257211,0.3985012067828608,1.0517113044624515,0.6731802493527126,2.846801058519388,RELAPSE REMITTING,EAE,MONOPHASIC,33.0,0.5
RR_P3_3,2.6758511005480576,1.039363607485435,1.6285363162983821,1.5940400411711217,2.929207388161166,RELAPSE REMITTING,EAE,PEAK3,38.0,3.0
RR_P2_3,2.396618025429056,0.57303166948397,1.1955986273014492,1.0167460057495148,2.693533854694722,RELAPSE REMITTING,EAE,PEAK2,33.0,2.75
RR_OS1_2,0.8926451884894586,-0.08927179160461719,-0.03946270568316919,-0.00665558291874465,1.4490775092438632,RELAPSE REMITTING,EAE,ONSET1,15.0,0.25
RR_R1_3,1.579206823059543,0.3566168429874724,0.9948782272389397,0.5957872335906931,3.018573185668973,RELAPSE REMITTING,EAE,REMISSION1,21.0,0.5
RR_R1_4,1.7044126894785674,0.332633993894745,0.8198838340881618,0.7191509020359068,2.765853276050375,RELAPSE REMITTING,EAE,REMISSION1,22.0,1.0
RR_P2_4,3.0647507773797114,1.3317999047970128,1.8007448464780778,1.9294664094604652,2.883145255348651,RELAPSE REMITTING,EAE,PEAK2,32.0,3.0
RR_R2_4,1.5179467764173948,0.30261191794207387,0.25143872016714625,0.5560277573788337,2.101173357631125,RELAPSE REMITTING,EAE,REMISSION2,47.0,1.25
RR_R2_3,1.4710226266012454,0.319950181905722,0.16884117719885275,0.6385561253383509,2.148797357652463,RELAPSE REMITTING,EAE,REMISSION2,42.0,1.25
RR_P1_5,2.9393349631865404,1.642661064995841,2.1653991312601377,2.0426815651088956,2.5288634530555147,RELAPSE REMITTING,EAE,PEAK1,14.0,3.25
RR_P3_5,1.7107871272731312,0.4253789593717416,0.2828412269420906,0.7889235310989449,2.2820872938159567,RELAPSE REMITTING,EAE,PEAK3,49.0,2.5
RR_R1_6,1.5096339782007775,0.29676483585492247,0.5925464573305732,0.605796055297007,2.4240037752226193,RELAPSE REMITTING,EAE,REMISSION1,22.0,0.75
RR_R2_5,1.6298390332877724,0.34497356569881454,0.34801226575744687,0.760119284603937,1.9934977310652509,RELAPSE REMITTING,EAE,REMISSION2,44.0,1.0
RR_P3_4,2.1248129965012503,0.504149615124463,0.797827131129037,0.8513561295161309,2.596783913604535,RELAPSE REMITTING,EAE,PEAK3,49.0,2.25
