cohort,animal,stage,condition,day,score,run_date,cumulative_score,peak_score,clock_target_resid,clock_pred_resid,clock_pred_day,pred_lesion,pred_nonlesion_m50,endo_Col4a1,endo_Col4a2,endo_Col4_mean,prop_Fibroblast,prop_Astrocyte,prop_Endothelial
RR,RR_R1_1,REMISSION1,EAE,20.0,0.5,20250605,7.75,1.5,-8.450015801116614,-12.998564460502736,15.93069473691475,-14.762850996541152,-13.323262227066463,2.4059905866462388,2.190556445949151,2.298273516297695,0.06377489317100701,0.10537773119406595,0.06841086833830524
RR,RR_P2M_1,PEAK2_MILD,EAE,31.0,1.75,20250605,25.875,2.5,0.06446855577794253,4.212194835731575,35.14549910774553,3.0681172992539945,5.613557994246066,2.351971333814442,2.1064799036277098,2.2292256187210757,0.13001151126459465,0.10139779641506332,0.07814504193389245
RR,RR_OS1_1,ONSET1,EAE,11.0,0.25,20250605,0.125,0.25,-16.952912672495522,-17.33353200355571,11.859323524366513,-20.227896681503275,-16.226370596188826,2.8480403230613,2.544586400790609,2.6963133619259545,0.11055022715800102,0.11140837960625946,0.08480565371024736
RR,RR_MP_1,MONOPHASIC,EAE,33.0,0.5,20250605,18.0,2.25,4.5499841988833865,12.202347513834857,40.39431055719212,14.69706236165072,11.14748338313319,2.2366432650776575,2.0256302223624942,2.131136743720076,0.128517733230532,0.12634926754047804,0.08750963762528913
RR,RR_CFA_1,PLP CFA,CONTROL,33.0,0.0,20250605,0.0,0.0,5.544190456125566,3.7209817872869633,30.65435738523521,,2.695070380795395,2.0314882122512308,1.8835543431422723,1.9575212776967517,0.07114234276090366,0.1396712933387537,0.0982635460828155
RR,RR_P1_1,PEAK1,EAE,18.0,2.5,20250605,11.25,2.75,-14.426840830085325,-8.495120113089168,24.900754205386466,-14.551377516396746,-2.400594470222987,3.0871024076851423,2.5413284507228653,2.814215429204004,0.07746922796191234,0.07823230815168707,0.07206131183437842
RR,RR_OS2_1,ONSET2,EAE,13.0,1.0,20250605,0.5,1.0,-16.44422205835879,-13.143944982955631,16.899015877353335,-27.227271688671223,-12.738826915138967,3.0009491024327852,2.549546846848637,2.775247974640711,0.08593594589218222,0.11507857569126716,0.09613089317684503
RR,RR_P2M_2,PEAK2_MILD,EAE,31.0,2.25,20250605,35.375,3.0,-0.9297377014642372,7.486245758674366,39.46452108565286,8.190415189941783,9.73970830785589,2.638873024807012,2.187339550544567,2.4131062876757894,0.10929401877013588,0.10222019890741,0.07791707522061914
RR,RR_MP_2,MONOPHASIC,EAE,33.0,0.75,20250605,24.625,2.5,4.052881070262298,3.114812740648098,31.881318022338238,5.442382969419195,4.397769763621909,2.7849917541791793,2.2852811108603506,2.535136432519765,0.12602060282334987,0.10206028233498665,0.08294544067149942
RR,RR_R1_2,REMISSION1,EAE,25.0,0.75,20250605,22.375,2.5,-3.9471189297377016,8.292083774461366,37.415103140658545,16.28244838295369,3.1720979421450144,3.0538474907438613,2.435616750160312,2.7447321204520865,0.09900660875348102,0.08757637474541752,0.06899704892140156
RR,RR_CFA_2,PLP CFA,CONTROL,33.0,0.0,20250605,0.0,0.0,5.544190456125566,5.161575132116863,32.09495073006511,,5.322579033091415,2.154179904374645,1.861966387452296,2.0080731459134706,0.10106486908948809,0.1390191481047284,0.09876905041031653
RR,RR_P3_1,PEAK3,EAE,48.0,2.5,20250605,61.0,3.0,15.573159169914675,1.1111262048593247,32.491936727033455,1.735051782395801,4.720271438830636,2.6335852621313602,2.2652871959408056,2.449436229036083,0.08849959154034674,0.10226619466884512,0.07787964055550513
RR,RR_OS2_2,ONSET2,EAE,13.0,1.0,20250605,0.5,1.0,-16.44422205835879,-18.16869553004898,11.874265330259988,-26.99604838461545,-18.56909362178735,3.1485170669951823,2.66071624233307,2.9046166546641263,0.06678911337451995,0.11053598263483053,0.0967328992040964
RR,RR_P1_2,PEAK1,EAE,17.0,3.0,20250605,7.0,3.0,-16.4210470873275,-14.464362924130164,20.78167207323625,-19.72675858086941,-10.766143755997428,3.381635573868711,2.827705652481419,3.104670613175065,0.10687546279790472,0.06022543400159065,0.0789293256177495
RR,RR_P3_2,PEAK3,EAE,48.0,3.0,20250605,55.5,3.0,14.578952912672499,3.9607748512336114,35.76155907315671,-7.286087525226346,6.737473987231141,3.2042910392909767,2.616645625357381,2.9104683323241787,0.08176354609592132,0.07188160676532769,0.057177471078699194
RR,RR_CFA_3,PLP CFA,CONTROL,33.0,0.0,20250605,0.0,0.0,5.544190456125566,0.9549843289149588,27.888359926863203,,0.7077851612081861,2.354117895725097,1.9448075069747637,2.1494627013499303,0.08588597391176901,0.10977575846401876,0.08393179930626801
RR,RR_MP_3,MONOPHASIC,EAE,32.0,0.75,20250605,21.625,2.75,3.0528810702622984,7.230546349064994,36.041615891318514,6.689825302850046,7.383498230245145,2.5323903439473874,2.215290623466829,2.373840483707108,0.11340352874217416,0.1237431227471068,0.09002086890533105
RR,RR_R2LONG_1,REMISSION2_LONG,EAE,48.0,0.75,20250605,41.625,3.0,19.0528810702623,13.737934470976343,41.83597584421578,22.46694618168766,11.569625147584269,2.044771954755323,1.731251896659489,1.888011925707406,0.13447874951556646,0.11195797269947896,0.08767170477543815
RR,RR_P1_3,PEAK1,EAE,18.0,2.25,20250605,6.625,2.5,-13.929737701464237,-15.266432886537734,17.390516792025778,-23.290886408248593,-13.055555549268297,3.3755059745404816,2.7334825414640305,3.054494258002256,0.065363356456579,0.08265014652965834,0.07441480876952183
RR,RR_MP_4,MONOPHASIC,EAE,33.0,0.5,20250605,20.0,2.5,4.5499841988833865,-0.47127378129609887,27.720689262061168,-3.6403825680074533,0.4214724822519045,2.993713844147022,2.355854958854559,2.6747844015007907,0.12204116960824897,0.0961502276747074,0.07631806721107892
RR,RR_P3_3,PEAK3,EAE,38.0,3.0,20250605,37.5,3.0,4.578952912672499,5.84721837701275,38.75937381682079,4.272533966704367,4.950333617431554,3.595675798784551,2.8481160756607493,3.22189593722265,0.12280256214904484,0.08516041649030728,0.07322441378142724
RR,RR_P2_3,PEAK2,EAE,33.0,2.75,20250605,22.625,2.75,0.07605604129358312,-6.849974203662138,26.067379276191343,-17.249796146764854,-3.885636192565291,4.114747305847499,3.156014418071428,3.6353808619594634,0.08611541012602256,0.0800722234505122,0.05608372024467536
RR,RR_OS1_2,ONSET1,EAE,15.0,0.25,20250605,0.125,0.25,-12.952912672495522,-8.480925178130613,20.41936874002449,-25.933491701160225,-8.944518081790257,3.6142518106544066,2.749220273857298,3.181736042255852,0.07009080590238366,0.12400681044267878,0.09256526674233825
RR,RR_R1_3,REMISSION1,EAE,21.0,0.5,20250605,9.25,2.0,-7.4500158011166135,-6.890393304622934,21.98215080402069,-7.867975349171769,-6.660956394622683,3.084848221559586,2.447478956388226,2.766163588973906,0.10954658165072617,0.10139922068721219,0.08249202975557918
RR,RR_R1_4,REMISSION1,EAE,22.0,1.0,20260506,19.75,2.75,-7.44422205835879,1.057649165425385,30.772917466096818,-1.4229943306231574,1.819145127437065,2.602416540007977,2.1803661620484807,2.3913913510282288,0.11352233200972697,0.08932803890787085,0.08628066611259888
RR,RR_P2_4,PEAK2,EAE,32.0,3.0,20260506,43.75,3.0,-1.4210470873275014,-8.5818715147575,24.9971066557815,-11.666646792585196,-6.125800774367941,3.6014526468086117,2.9381057471509364,3.269779196979774,0.12002223029733022,0.06566487826774683,0.06799478443024175
RR,RR_R2_4,REMISSION2,EAE,47.0,1.25,20260506,57.625,3.0,17.05867481302012,7.237224892184259,36.63144102612642,13.545437889958336,3.1544198091370848,2.1804113942990546,1.9041175107908672,2.042264452544961,0.12756028001037076,0.10759657765102411,0.0882486388384755
RR,RR_R2_3,REMISSION2,EAE,42.0,1.25,20260506,52.125,3.0,12.058674813020119,10.043074728997404,39.59765181097175,17.367026257740008,5.203666051489039,2.1863818428632382,1.9332363858508437,2.0598091143570407,0.12085597072846213,0.10858557859333999,0.08755590050633848
RR,RR_P1_5,PEAK1,EAE,14.0,3.25,20260506,6.375,3.25,-19.918150215948593,-14.735101127578217,21.996685359558107,-21.45324878419487,-13.728840454527733,3.523834195381586,3.291503147740112,3.407668671560849,0.08053543393835899,0.057509571157077145,0.060071060677004434
RR,RR_P3_5,PEAK3,EAE,49.0,2.5,20260506,74.25,3.0,16.573159169914675,20.560768549256856,51.874410278220935,24.459257642102695,16.15726371435723,2.283935447676034,1.9465744046911773,2.1152549261836056,0.16336686453630966,0.11232360572992571,0.07155298048555078
RR,RR_R1_6,REMISSION1,EAE,22.0,0.75,20260506,20.125,2.5,-6.947118929737702,-3.784707743932023,25.4720044039553,-10.428894323290452,-1.1258383460030286,2.1822031980389807,1.932184885905515,2.057194041972248,0.0951640491369927,0.10282226714352356,0.07755403514227958
RR,RR_R2_5,REMISSION2,EAE,44.0,1.0,20260506,52.0,3.0,14.55577794164121,10.255793046431391,39.17003509021107,9.594448956520907,8.575947247436305,2.2049107471795013,1.9936085864439799,2.0992596668117405,0.14827801153186848,0.1040205703599813,0.08419043166588748
RR,RR_P3_4,PEAK3,EAE,49.0,2.25,20260506,62.625,3.0,17.070262298535763,22.41943571805262,53.45800809668263,25.761236896113868,20.675406081786388,2.348708232733791,2.0452274643379944,2.196967848535893,0.14090615814753746,0.09685282099075203,0.07814180227973332
chronic,C_S16_2,SEVERE16,EAE,28.0,2.5,20260506,43.5,3.5,1.6043768946472383,11.183571942955107,37.4643213199576,33.89676290438601,-6.811962418058283,2.177521027533873,2.0159604442822103,2.0967407359080417,0.07872001342056702,0.12242073477604429,0.07754571380640832
chronic,C_M16_1,MILD16,EAE,28.0,1.5,20260506,24.25,2.0,5.271832565092815,3.4608200052262834,26.018818976419702,24.948546279705536,-4.798817385693274,2.0740607674802174,1.8726254504821827,1.9733431089812,0.12496789108656563,0.11623426663241716,0.08386848189057282
chronic,C_S30_2,SEVERE30,EAE,41.0,2.25,20260506,77.125,3.5,15.521240812258633,15.334978205949746,39.93305614170541,32.04970225263568,-1.404186820799875,2.0807017592200574,1.9767221819408003,2.028711970580429,0.14743511636407944,0.10704276836846595,0.07298647496039966
chronic,C_OS1_5,OS1,EAE,10.0,0.25,20260506,0.125,0.25,-8.143847846850214,-7.983050832180569,10.59277565024028,1.343006671290614,-10.417534588018198,2.347229992279036,2.1991322981341592,2.2731811452065975,0.10967516590988474,0.12574222843171498,0.09023169169868436
chronic,C_S16_1,SEVERE16,EAE,29.0,2.5,20260506,40.25,3.5,2.6043768946472383,1.4919716809713497,27.701120844374696,14.343363752151763,-12.16319537962239,2.207709879778624,1.991816072369002,2.099762976073813,0.11849152448788029,0.09574291866821269,0.07658329192203633
chronic,C_P1_4,PEAK1,EAE,13.0,2.5,20260506,3.75,2.5,-13.395623105352762,-17.828948023512144,9.525804557477528,-4.490680197055623,-27.38456945104681,2.953579526365196,2.7987001952613344,2.8761398608132653,0.10628457422689762,0.06973791602430399,0.0626643692754149
chronic,C_M16_2,MILD16,EAE,27.0,1.25,20260506,24.625,2.5,5.188696482704209,11.670339386136567,33.324241491219574,33.18256012425351,1.3798011390152396,2.5686927319528574,2.3048778709740185,2.4367853014634377,0.1957127285939203,0.1078478866416374,0.06945621896572605
chronic,C_NS_4,NONSYMPTOM,EAE,8.0,0.0,20260506,0.0,0.0,-9.22698392923882,-7.0094415708081454,10.834391496709127,,-6.950100608330738,2.1244675885560884,2.0006634874902085,2.0625655380231485,0.0441905583099806,0.13041603793921103,0.11575770640224187
chronic,C_P1_5,PEAK1,EAE,15.0,3.0,20260506,7.75,3.0,-13.229350940575554,-16.845359196695856,12.878989111679072,-15.407809828022078,-22.723461573175737,3.283721453204341,2.8079883129714522,3.0458548830878964,0.08027202623110086,0.06575991256299715,0.07389641143967454
chronic,C_S30_1,SEVERE30,EAE,41.0,2.5,20260506,82.25,3.5,14.604376894647238,18.256579458658287,43.606526058871886,37.87194655166758,-5.464258735849382,2.0433797076372437,1.830950952406511,1.9371653300218774,0.16433677019419318,0.12897716490606617,0.07002340438990448
chronic,C_M16_3,MILD16,EAE,27.0,1.25,20260506,20.625,2.0,5.188696482704209,6.223438195400475,27.877340300483482,35.46329030334085,-3.595793466254352,2.1468335572088226,2.0768913886182068,2.111862472913515,0.13289727961944403,0.12063326891630742,0.07640850304742085
chronic,C_CFA_4,CFA,CONTROL,16.0,0.0,20260506,0.0,0.0,-1.2269839292388198,-11.30389157057269,6.005119593701631,,-11.333478973919183,1.8926595316103891,1.8231180100868323,1.8578887708486107,0.05574970877017807,0.15210517556997838,0.13895822932268265
chronic,C_S16_3,SEVERE16,EAE,28.0,2.5,20260506,44.0,3.5,1.6043768946472383,-0.864771674057521,25.41597770294497,22.61454191113898,-13.132998030903918,2.126865043285471,1.9357358465807721,2.031300444933122,0.10618066561014262,0.11574220813523507,0.0838351822503962
chronic,C_P1_6,PEAK1,EAE,15.0,3.25,20260506,8.875,3.25,-14.146214858186948,-18.267061699293752,12.86549181462934,-15.164599170511705,-25.299303099902364,2.7139484074581754,2.583500567021685,2.6487244872399303,0.09055425448868072,0.06830601092896176,0.059718969555035126
chronic,C_CFA_6,CFA,CONTROL,17.0,0.0,20260506,0.0,0.0,-0.22698392923881983,-7.9990487010940345,9.243109725274914,,-8.119662885689197,2.127261731860582,1.916716244999787,2.0219889884301847,0.1575855207050128,0.11475409836065574,0.09371742632426798
chronic,C_NS_5,NONSYMPTOM,EAE,8.0,0.0,20260506,0.0,0.0,-9.22698392923882,-7.224040549735405,10.619792517781868,,-7.289820720666058,2.220383929334961,2.068129933288369,2.144256931311665,0.02888640803795702,0.14052469997209044,0.11554563215182807
chronic,C_NS_1,NONSYMPTOM,EAE,9.0,0.0,20250110,0.0,0.0,-8.22698392923882,-10.303282601214434,7.473697728397475,,-12.14971474912853,2.0612540177741447,1.9096880438492032,1.985471030811674,0.036627435064935064,0.151075487012987,0.11566558441558442
chronic,C_P1_1,PEAK1,EAE,16.0,3.0,20250110,6.0,3.0,-12.229350940575554,-9.51933388707713,20.09200832035493,-8.532120888466764,-22.011541596658503,3.038872259272326,2.738113692944257,2.8884929761082914,0.11497634921226116,0.06376401355730195,0.06480688293791202
chronic,C_OS1_3,OS1,EAE,12.0,0.5,20250110,0.25,0.5,-7.060711764461608,-9.424800458317524,9.937037089309769,-1.054983868213963,-11.491118493122485,2.4821831301698336,2.2535582672952,2.367870698732517,0.05945158942004368,0.12060179568066004,0.09682115991264256
chronic,C_NS_2,NONSYMPTOM,EAE,9.0,0.0,20250110,0.0,0.0,-8.22698392923882,-4.895421434699767,12.881558894912143,,-5.431643800628667,1.902234481971009,1.853816277679843,1.878025379825426,0.05333478166413209,0.15077123615033675,0.10504019117966544
chronic,C_OS1_1,OS1,EAE,14.0,0.5,20250110,0.25,0.5,-5.060711764461608,-0.11072067097548431,19.165820721473423,9.860442304381579,-7.558092799796533,2.6616224675449724,2.372445815141914,2.5170341413434434,0.07896352695566744,0.1193049244750092,0.08737566007613902
chronic,C_P1_2,PEAK1,EAE,18.0,3.0,20250110,13.5,3.0,-10.229350940575554,-11.187107938249618,18.198222067296694,-7.371853971348697,-17.858627109424358,2.585010059153278,2.31045657688919,2.4477333180212337,0.0739181766849751,0.08618654073199528,0.07787074585493557
chronic,C_NS_3,NONSYMPTOM,EAE,9.0,0.0,20250110,0.0,0.0,-8.22698392923882,-8.380523889396168,9.396456440215742,,-9.002460754867,2.205771302714345,1.9730794110225853,2.0894253568684653,0.05116933356778618,0.15166168454369616,0.11385616317918058
chronic,C_OS1_2,OS1,EAE,12.0,0.5,20250110,3.25,0.5,-7.060711764461608,-16.009364887255394,3.3524726603719017,-11.589019495860454,-16.11896855782757,2.601778696097585,2.3298527094541877,2.4658157027758865,0.07085999687841424,0.13773997190572812,0.12181988450132668
chronic,C_P1_3,PEAK1,EAE,18.0,3.0,20250110,10.0,3.0,-10.229350940575554,-8.775032334383877,20.610297671162435,-0.8242307182297859,-18.39403612981825,2.4875519996618256,2.24448258081897,2.3660172902403978,0.06448498889854233,0.10145766965923352,0.0826817260353316
chronic,C_L_1,MILD30,EAE,43.0,1.0,20250110,50.5,3.0,22.105560400315603,17.63402344835135,37.83446888264979,44.877025937926355,-0.5195731008461557,1.8900544986567898,1.6703389711703132,1.7801967349135515,0.11538019095824227,0.11112389278730013,0.08288277924767054
chronic,C_CFA_3,MOG CFA,CONTROL,8.0,0.0,20250110,0.0,0.0,-9.22698392923882,-2.116625554480953,15.727207513036321,,-2.4610689236145498,2.202430435645484,1.910793224028486,2.056611829836985,0.07760325770796975,0.12216404886561955,0.12926119837114602
chronic,C_L_4,MILD30,EAE,50.0,1.0,20250110,40.25,3.0,29.105560400315603,23.097512893417385,43.078196463744604,42.65019800953198,6.449015647475065,1.953641483487727,1.8074834973677476,1.8805624904277374,0.10314993700125998,0.13448131037379252,0.08845023099538009
chronic,C_L_2,MILD30,EAE,45.0,1.0,20250110,37.25,2.0,24.105560400315603,27.08022742370173,47.21788375400839,52.28955277458231,6.67913498744175,1.879703109619096,1.7315920276253722,1.8056475686222342,0.1768136642266262,0.11950246979706004,0.08754389097185027
chronic,C_L_5,MILD30,EAE,46.0,1.0,20250110,35.5,2.0,25.105560400315603,16.926652972202767,37.03291475051354,43.16479093800559,1.7366057127901704,1.9146406316842648,1.7351232991601861,1.8248819654222255,0.11052072263549416,0.1226354941551541,0.09337584130357775
chronic,C_CFA_1,MOG CFA,CONTROL,9.0,0.0,20250110,0.0,0.0,-8.22698392923882,-7.8584458035432805,9.91853452606863,,-8.233818232081322,1.9309826390422784,1.6310693402979448,1.7810259896701117,0.03409090909090909,0.14160839160839161,0.10727908455181183
chronic,C_L_3,MILD30,EAE,45.0,1.0,20250110,45.25,3.0,24.105560400315603,28.11667923980493,48.25433557011159,43.41527348542189,4.247693142201186,1.958416279220413,1.762979214901575,1.860697747060994,0.10270403146509341,0.10939036381514258,0.07030481809242871
chronic,C_OS1_4,OS1,EAE,14.0,0.5,20250110,0.75,0.5,-5.060711764461608,-1.2485399632914898,18.02800142915742,6.497665618462756,-3.9910095958206986,2.452689820051459,2.1067283823430585,2.279709101197259,0.05386196266483987,0.13709539304675458,0.10524062339441685
chronic,C_CFA_2,MOG CFA,CONTROL,9.0,0.0,20250110,0.0,0.0,-8.22698392923882,-6.377128392522983,11.399851937088926,,-6.608091141863901,1.9559402784693793,1.7558926564928814,1.8559164674811304,0.07865092748735245,0.1445531197301855,0.10920741989881956
