,Astrocyte,B cell,DC,Doublet,Endothelial,Ependymal cell,Epithelial,Fibroblast,Muscle cell,Myeloid,NK/DC,Neuron,Neutrophil,OPC,Oligodendrocyte,Schwann cell,T cell,T_B_doublet,VSMC,day
RR_R1_1,0.10537773119406595,0.0454325566395227,0.06962025316455696,0.0016931387567523987,0.06841086833830524,0.006853180682093042,4.0312827541723776e-05,0.06377489317100701,0.0,0.12855760703055713,0.008344755301136821,0.1553253245182617,4.0312827541723776e-05,0.05135854228815609,0.20728855921954367,0.024510199145368058,0.04265097153914375,0.0031444005482544547,0.017576392808191565,20.0
RR_P2M_1,0.10139779641506332,0.022693635915145536,0.05469495148824206,0.0017760236803157376,0.07814504193389245,0.005262292386120704,9.86679822397632e-05,0.13001151126459465,0.0,0.1350106890314093,0.0036507153428712385,0.14040453872718303,0.0,0.04785397138628515,0.192632790659431,0.022693635915145536,0.035684920243381026,0.0020062489722085185,0.025982568656470976,31.0
RR_OS1_1,0.11140837960625946,0.00010095911155981827,0.01812216052498738,0.003735487127713276,0.08480565371024736,0.007319535588086825,0.00030287733467945484,0.11055022715800102,0.0,0.08137304391721353,0.002170620898536093,0.19818273599192326,0.0005047955577990914,0.03099444724886421,0.26718828874305905,0.03341746592629985,0.027763755678950026,0.0,0.022059565875820294,11.0
RR_MP_1,0.12634926754047804,0.006216268311488049,0.006312644564379337,0.0012528912875867386,0.08750963762528913,0.010890516576715498,9.637625289128758e-05,0.128517733230532,0.0,0.08563030069390902,0.0006264456437933693,0.18316306861989207,0.0,0.031177717810331535,0.2566981495759445,0.03681572860447186,0.011276021588280647,0.0009155744024672321,0.026551657671549732,33.0
RR_CFA_1,0.1396712933387537,0.00023230152738254253,0.0023230152738254253,0.001742261455369069,0.0982635460828155,0.010860096405133864,0.00011615076369127126,0.07114234276090366,5.807538184563563e-05,0.03205761077879087,0.0,0.2289912306173413,0.0,0.03310296765201231,0.3162785295313317,0.035890585980602824,0.0005226784366107207,0.0,0.02874731401358964,33.0
RR_P1_1,0.07823230815168707,0.028068080023887727,0.15105670017584022,0.0020569987724362165,0.07206131183437842,0.004611658538203775,0.0,0.07746922796191234,0.0,0.18247569755482565,0.010284993862181083,0.1022527454298132,0.0,0.04170399124116652,0.1453501874523075,0.026508742244782856,0.06446368733618658,0.002189708370657908,0.011213961049732922,18.0
RR_OS2_1,0.11507857569126716,0.0013427491545653471,0.01735627610901134,0.00243684105828526,0.09613089317684503,0.007161328824348518,0.00024865725084543465,0.08593594589218222,0.0,0.09071016510841456,0.0011438233538889995,0.21618261388502089,0.00034812015118360854,0.031082156355679333,0.2469663815396857,0.049333598567734234,0.016660035806644123,0.00029838870101452157,0.021583449373383728,13.0
RR_P2M_2,0.10222019890741,0.01992575991035159,0.04780081243871691,0.0023462669841714527,0.07791707522061914,0.00605827146659196,3.5018910211514215e-05,0.10929401877013588,0.0,0.15534388569827706,0.0022061913433253956,0.150231124807396,0.0,0.04541952654433394,0.2031797170472055,0.03074660316570948,0.02973105476957557,0.001750945510575711,0.015793528505392913,31.0
RR_MP_2,0.10206028233498665,0.011407859595574209,0.04479206409767265,0.0018695154521175125,0.08294544067149942,0.006257153758107593,0.0,0.12602060282334987,0.0,0.11301030141167494,0.005913773368943152,0.16157954979015643,0.0,0.03864937046928653,0.20904235024799694,0.03330789774895078,0.04170164059519268,0.001602441816100725,0.019839755818389926,33.0
RR_R1_2,0.08757637474541752,0.01961843800656719,0.08150795959931834,0.002660127187331144,0.06899704892140156,0.004738351552433601,4.1564487302049126e-05,0.09900660875348102,0.0,0.2016708923895424,0.0054449478365684355,0.1030383640217798,0.0,0.0357038945924602,0.18026518142898706,0.03803150588137495,0.05353505964503928,0.002909514111143439,0.015254166839852031,25.0
RR_CFA_2,0.1390191481047284,0.00014654161781946072,0.002833137944509574,0.0013677217663149667,0.09876905041031653,0.010355607659241891,0.00019538882375928098,0.10106486908948809,0.0,0.03189722547870262,4.8847205939820246e-05,0.2343688940992575,0.00029308323563892143,0.03048065650644783,0.292936694021102,0.023446658851113716,0.0004396248534583822,0.0,0.032336850332161,33.0
RR_P3_1,0.10226619466884512,0.03252549090799068,0.08958881728238177,0.0013312759069317116,0.07787964055550513,0.005597410063235606,6.051254122416871e-05,0.08849959154034674,0.0,0.13122144564460986,0.007624580194245258,0.1214486702369066,0.0,0.04378082357568606,0.19351910683489154,0.025354754772926688,0.057577682974796526,0.004387159238752231,0.017336843060724336,48.0
RR_OS2_2,0.11053598263483053,0.0006678911337451996,0.016474647965714923,0.0027272221294595647,0.0967328992040964,0.008292981577336227,0.0,0.06678911337451995,0.0,0.10508153837591139,0.0030611676963321647,0.17582234095842378,0.0003339455668725998,0.03333889909278121,0.2883619969944899,0.03862637056826404,0.027995770022819614,5.565759447876663e-05,0.025101575109923748,13.0
RR_P1_2,0.06022543400159065,0.01461755752406549,0.10967281902202232,0.001672928722266407,0.0789293256177495,0.0049639360447577,0.0,0.10687546279790472,0.0,0.2408468858843211,0.010750623920138222,0.10778048981158983,0.00030167567122836846,0.029673916024463155,0.12972053862819843,0.030304692427940653,0.06151441186956641,0.0004936510983736939,0.011655650933823328,17.0
RR_P3_2,0.07188160676532769,0.016414471340000476,0.10461553079791909,0.002470484832648407,0.057177471078699194,0.0036582179252678338,0.0,0.08176354609592132,0.0,0.3430173171484904,0.005558590873458917,0.08402023897189824,4.750932370477706e-05,0.038957645437917195,0.11851200798156639,0.01895622015820605,0.04301969261467563,0.0010452051215050953,0.008884243532793311,48.0
RR_CFA_3,0.10977575846401876,0.0002931261908251502,0.003908349211002003,0.0023450095266012018,0.08393179930626801,0.00698617421466608,0.0005373980165127754,0.08588597391176901,0.0,0.0337583663100298,9.770873027505007e-05,0.29058576383799894,0.0002442718256876252,0.026039376618300844,0.24984122331330305,0.07933948898334066,0.0006351067467878255,0.0,0.02579510479261322,33.0
RR_MP_3,0.1237431227471068,0.006924682223487005,0.013375071143995446,0.0012331625877442611,0.09002086890533105,0.007398975526465566,0.00023714665148928096,0.11340352874217416,0.0,0.08281161070005691,0.0015651678998292544,0.19635742743312465,0.0,0.037564029595902104,0.25350977044204137,0.030639347372415103,0.01707455890722823,0.00037943464238284955,0.023762094479225955,32.0
RR_R2LONG_1,0.11195797269947896,0.004392197390518021,0.005425655600051673,0.0015932480730310467,0.08767170477543815,0.007449511260388408,4.3060758730568835e-05,0.13447874951556646,0.0,0.0848296946992206,0.00021530379365284415,0.19209404469706756,4.3060758730568835e-05,0.02867846531455884,0.2541876587865478,0.05016578392111269,0.01033458209533652,0.00017224303492227534,0.02626706282564699,48.0
RR_P1_3,0.08265014652965834,0.008717587268612976,0.09351930852839707,0.0023370553103090105,0.07441480876952183,0.005230552361167786,0.0,0.065363356456579,0.0,0.18054679675038024,0.012501391104351374,0.1422265088845198,0.00011128834810995289,0.03754126942909077,0.17680008903067848,0.017509366769299255,0.08405979893905108,0.0012983640612827837,0.015172311458990244,18.0
RR_MP_4,0.0961502276747074,0.0076393331577164795,0.041621194445489784,0.0025213562638768676,0.07631806721107892,0.0066985285816430215,7.526436608587664e-05,0.12204116960824897,0.0,0.12576675572949986,0.004290068866894968,0.17502728333270612,7.526436608587664e-05,0.04346517141459376,0.1903059496481391,0.04888420577277688,0.03940089564595642,0.00026342528130056825,0.01945583863319911,33.0
RR_P3_3,0.08516041649030728,0.017523067806653688,0.06487203363526059,0.0022574000395045005,0.07322441378142724,0.004909845085922289,0.0,0.12280256214904484,0.0,0.21067185868675753,0.006743982618019696,0.12604757470583255,8.465250148141877e-05,0.02993876802392844,0.15849770027370977,0.031575383052569204,0.0487034058523096,0.0023420525409859195,0.014644882756285449,38.0
RR_P2_3,0.0800722234505122,0.0051219691944874345,0.06175841992777655,0.011349399366202374,0.05608372024467536,0.004753482202078266,0.00029478959392733434,0.08611541012602256,0.0,0.2716486108040386,0.0021003758567322574,0.11135676910605055,0.0,0.047534822020782665,0.15627533348072814,0.05965804407104429,0.03286903972289778,0.000184243496204584,0.012823347335839045,33.0
RR_OS1_2,0.12400681044267878,0.000340522133938706,0.011010215664018162,0.0030646992054483542,0.09256526674233825,0.008342792281498297,0.0004540295119182747,0.07009080590238366,0.0,0.052894438138479,0.000340522133938706,0.23257661748013622,0.0003972758229284904,0.0340522133938706,0.29216799091940976,0.035017026106696936,0.005051078320090806,0.0,0.03762769580022701,15.0
RR_R1_3,0.10139922068721219,0.011689691817215728,0.04326071555083245,0.0019482819695359546,0.08249202975557918,0.008147360963513992,0.00017711654268508679,0.10954658165072617,0.00035423308537017357,0.12654976974849452,0.001594048884165781,0.17543393552957845,0.00026567481402763017,0.046891604675876726,0.2082004959263195,0.03936415161176054,0.023910733262486716,0.0008413035777541623,0.017933049946865037,21.0
RR_R1_4,0.08932803890787085,0.024963831686520763,0.03976975405546834,0.002462523470926832,0.08628066611259888,0.005417551636039031,9.234463015975621e-05,0.11352233200972697,0.0,0.1357773878782282,0.004709576138147566,0.15547757564564288,0.00036937852063902485,0.04287868993751347,0.1881060116354234,0.0554683411826269,0.033459537661218335,0.0028011204481792717,0.019115338443069535,22.0
RR_P2_4,0.06566487826774683,0.01472757198127525,0.06262958767073509,0.0034200457431118143,0.06799478443024175,0.004552935895517603,2.137528589444884e-05,0.12002223029733022,0.0,0.28249577838103584,0.01327405254045273,0.08663403373020113,0.00036337986020563024,0.019237757305003954,0.13346728512493855,0.03635936130645748,0.07560438620866554,0.0021802791612337813,0.011350276809952334,32.0
RR_R2_4,0.10759657765102411,0.007389162561576354,0.01075965776510241,0.0010370754472387865,0.0882486388384755,0.006028001037075448,0.0,0.12756028001037076,0.0,0.14039408866995073,0.0014907959554057559,0.17474721285973555,0.0005185377236193933,0.03483925330567799,0.22164246823956443,0.03927923256416904,0.01772750842623801,0.000388903292714545,0.02035260565206119,47.0
RR_R2_3,0.10858557859333999,0.008981040026610489,0.008094023727685997,0.0013674834608419263,0.08755590050633848,0.007983146690320434,0.00011087703736556159,0.12085597072846213,0.002993680008870163,0.11128358650256866,0.0006283032117381823,0.18316886572790775,0.0001478360498207488,0.02306242377203681,0.21521232952655506,0.08323169604908157,0.013637875595964076,0.0007022212366485567,0.022397161547843443,42.0
RR_P1_5,0.057509571157077145,0.00187291706833393,0.0520836202385215,0.0030297187870107693,0.060071060677004434,0.004296692097942545,2.7542898063734267e-05,0.08053543393835899,0.0,0.37452832787065854,0.004021263117305203,0.10689398738535269,0.0004957721651472168,0.015699451896328532,0.14446250034428623,0.03495193764287878,0.04616189715481863,0.0002754289806373427,0.013082876580273777,14.0
RR_P3_5,0.11232360572992571,0.015746632069100343,0.012476451142786052,0.0014218177940496925,0.07155298048555078,0.0065403618526285855,3.5545444851242315e-05,0.16336686453630966,0.00014218177940496926,0.14594959655920095,0.0016350904631571464,0.1609497742864252,0.00014218177940496926,0.025095084064977072,0.20609248924750292,0.03707389897984573,0.020331994454910605,0.0005331816727686347,0.01859026765719973,49.0
RR_R1_6,0.10282226714352356,0.009174311926605505,0.029000155496812317,0.004159539729435547,0.07755403514227958,0.006180998289535064,0.00019437101539418442,0.0951640491369927,0.0,0.12739076348934847,0.0032654330586222983,0.1930881666925828,0.00015549681231534753,0.04524957238376613,0.2274529622142746,0.02670657751516094,0.030283004198413933,0.0007774840615767377,0.021380811693360285,22.0
RR_R2_5,0.1040205703599813,0.0041296556023063735,0.014999220819697678,0.0015973196197600124,0.08419043166588748,0.007635966962755181,7.791803023219573e-05,0.14827801153186848,0.0,0.11002025868786038,0.003116721209287829,0.18556178899797413,0.00038959015116097863,0.0310113760324139,0.21785881252921926,0.041452392083528126,0.023998753311516286,0.0004675081813931744,0.02119370422315724,44.0
RR_P3_4,0.09685282099075203,0.010108251487561832,0.03390924080579253,0.001971467488708868,0.07814180227973332,0.007097282959351925,3.5844863431070325e-05,0.14090615814753746,0.00021506918058642195,0.14248333213850456,0.0032260377087963295,0.15997562549286687,0.0006452075417592659,0.03383755107893039,0.19309627930317586,0.04028962649652305,0.03602408774822568,0.0003942934977417736,0.02079002079002079,49.0
