gene,cell_type,n_cells,frac_pos,mean_counts
Acan,Astrocyte,86140,0.007963779893197121,0.008486185279777106
Agrn,Astrocyte,86140,0.337473879730671,0.4951822614348735
Col10a1,Astrocyte,86140,0.0004991873693986534,0.0004991873693986534
Col12a1,Astrocyte,86140,0.08856512653819364,0.11642674715579289
Col13a1,Astrocyte,86140,0.007534246575342466,0.008277223125145113
Col14a1,Astrocyte,86140,0.006675179939633155,0.007986997910378454
Col15a1,Astrocyte,86140,0.021964244253540748,0.029103784536800556
Col18a1,Astrocyte,86140,0.038089157185976316,0.05599024843278384
Col1a1,Astrocyte,86140,0.07982354306942187,0.10550267007197585
Col1a2,Astrocyte,86140,0.45668678894822384,1.082191780821918
Col20a1,Astrocyte,86140,0.03501276990944973,0.04087531924773624
Col23a1,Astrocyte,86140,0.26239842117483164,0.4805316925934525
Col24a1,Astrocyte,86140,0.0011609008590666356,0.0011957278848386348
Col26a1,Astrocyte,86140,0.0037729277919665663,0.003947062920826561
Col4a1,Astrocyte,86140,0.08592988158811238,0.12668911074994196
Col4a2,Astrocyte,86140,0.061957278848386345,0.07747852333410726
Col4a3,Astrocyte,86140,0.0040747620153238915,0.004156025075458556
Col4a5,Astrocyte,86140,0.12226607847689808,0.14894358021824936
Col5a1,Astrocyte,86140,0.10019735314604133,0.1239842117483167
Col6a1,Astrocyte,86140,0.03532621314139772,0.04472951009983747
Col6a2,Astrocyte,86140,0.08625493382865103,0.13613884374274438
Col6a3,Astrocyte,86140,0.016496401207336895,0.019677269561179475
Col7a1,Astrocyte,86140,0.03407244021360576,0.0362665428372417
Col9a2,Astrocyte,86140,0.021929417227768748,0.023589505456234037
Col9a3,Astrocyte,86140,0.2430345948456002,0.3317158114697005
Cspg4,Astrocyte,86140,0.06211980496865568,0.07512189459020199
Cspg5,Astrocyte,86140,0.437195263524495,0.74634316229394
Eln,Astrocyte,86140,0.07028093800789413,0.09398653355003482
Fbln2,Astrocyte,86140,0.06860924077083817,0.15980961225911308
Fmod,Astrocyte,86140,0.23872765265846296,0.5966914325516601
Fn1,Astrocyte,86140,0.20408637102391455,0.5049222196424425
Gpc3,Astrocyte,86140,0.011214302298583702,0.012421639192013003
Gpc4,Astrocyte,86140,0.30522405386579987,0.5041211980496866
Gpc6,Astrocyte,86140,0.22723473415370327,0.28638263292314836
Hspg2,Astrocyte,86140,0.15740654748084515,0.23099605293707917
Lama1,Astrocyte,86140,0.01519619224518226,0.018945902019967494
Lama2,Astrocyte,86140,0.20747620153238913,0.2657998606918969
Lama3,Astrocyte,86140,0.019236127234734154,0.021267703738100767
Lama4,Astrocyte,86140,0.01822614348734618,0.020989087531924775
Lama5,Astrocyte,86140,0.2116322266078477,0.32500580450429534
Lamb1,Astrocyte,86140,0.008184351056419781,0.008822846528906431
Lamb2,Astrocyte,86140,0.4947759461342001,1.0270605990248434
Lamb3,Astrocyte,86140,0.002960297190619921,0.003087996285117251
Lamc1,Astrocyte,86140,0.31261899233805435,0.5000580450429534
Lum,Astrocyte,86140,0.03661481309496169,0.05528209890875319
Ncan,Astrocyte,86140,0.4811934060831205,1.0098212212677038
Ogn,Astrocyte,86140,0.010099837473879731,0.012386812166241002
Prelp,Astrocyte,86140,0.3485953099605294,0.7187833758996982
Ptx3,Astrocyte,86140,0.08423496633387509,0.22724634316229395
Sdc1,Astrocyte,86140,0.04151381472022289,0.05116090085906663
Sdc2,Astrocyte,86140,0.4027513350359879,0.5981773856512654
Serpine2,Astrocyte,86140,0.8343742744369631,3.1606686788948224
Spock3,Astrocyte,86140,0.11092407708381705,0.13945902019967496
Thbs1,Astrocyte,86140,0.087648014859531,0.15902019967494777
Thbs2,Astrocyte,86140,0.5252379846761087,1.399233805433016
Thbs3,Astrocyte,86140,0.15210123055491062,0.21981657766426746
Thbs4,Astrocyte,86140,0.0016368702112839564,0.002112839563501277
Vcan,Astrocyte,86140,0.12789644764337127,0.19001625261202693
Acan,B cell,11307,0.0008844078889183692,0.0008844078889183692
Agrn,B cell,11307,0.06748032192447156,0.0754399929247369
Col10a1,B cell,11307,0.0002653223666755107,0.0002653223666755107
Col12a1,B cell,11307,0.016803749889449014,0.01751127620058371
Col13a1,B cell,11307,0.04607765101264703,0.050588131246130714
Col14a1,B cell,11307,0.06385424957990625,0.07658972318033076
Col15a1,B cell,11307,0.10692491377023083,0.14247811090474927
Col18a1,B cell,11307,0.4592730167153091,1.0779163350137084
Col1a1,B cell,11307,0.45918457592641726,1.1103741045370126
Col1a2,B cell,11307,0.811798001238171,5.6696736534889896
Col20a1,B cell,11307,0.04775802600159194,0.05456796674626338
Col23a1,B cell,11307,0.07729724949146546,0.08950207835853896
Col24a1,B cell,11307,0.0010612894667020429,0.0010612894667020429
Col26a1,B cell,11307,0.026178473511983727,0.028920137967630672
Col4a1,B cell,11307,0.32705403732201294,0.6184664367206155
Col4a2,B cell,11307,0.22189793932961882,0.33908198461130273
Col4a3,B cell,11307,0.011231980189263288,0.011851065711506147
Col4a5,B cell,11307,0.09675422304766959,0.1185990979039533
Col5a1,B cell,11307,0.14928805164942072,0.18731759087291058
Col6a1,B cell,11307,0.16679932785000443,0.2170336959405678
Col6a2,B cell,11307,0.34005483328911296,0.6376580879101441
Col6a3,B cell,11307,0.23268771557442292,0.37596179357919873
Col7a1,B cell,11307,0.065623065357743,0.08180772972494915
Col9a2,B cell,11307,0.02042982223401433,0.021844874856283718
Col9a3,B cell,11307,0.015919342000530644,0.01777659856725922
Cspg4,B cell,11307,0.0189263288228531,0.022729282745202087
Cspg5,B cell,11307,0.04200937472362253,0.04643141416821438
Eln,B cell,11307,0.2479879720527107,0.4424692668258601
Fbln2,B cell,11307,0.0996727690811002,0.13195365702662068
Fmod,B cell,11307,0.23206863005218006,0.4672326877155744
Fn1,B cell,11307,0.3404970372335721,0.8634474219510038
Gpc3,B cell,11307,0.04386663129035111,0.052356947023967454
Gpc4,B cell,11307,0.17458211727248607,0.23525249845228619
Gpc6,B cell,11307,0.119306624215088,0.14592730167153092
Hspg2,B cell,11307,0.3694171752012028,0.6733881666224463
Lama1,B cell,11307,0.11285044662598391,0.1554789068718493
Lama2,B cell,11307,0.11912974263730433,0.1526488016273105
Lama3,B cell,11307,0.004510480233483683,0.00486424338905103
Lama4,B cell,11307,0.11851065711506147,0.1434509595825595
Lama5,B cell,11307,0.03157336163438578,0.03608384186786946
Lamb1,B cell,11307,0.04315910497921641,0.04643141416821438
Lamb2,B cell,11307,0.40258247103564165,0.7960555408154241
Lamb3,B cell,11307,0.01609622357831432,0.017245953833908197
Lamc1,B cell,11307,0.43176793136994784,0.7492703634916423
Lum,B cell,11307,0.389935438224109,0.8947554612187141
Ncan,B cell,11307,0.022463960378526576,0.028212611656495978
Ogn,B cell,11307,0.12602812417086762,0.1690987883611922
Prelp,B cell,11307,0.20067214999557795,0.2815954718316087
Ptx3,B cell,11307,0.005394888122402052,0.006279296011320421
Sdc1,B cell,11307,0.24922614309719643,0.49509153621650304
Sdc2,B cell,11307,0.08127708499159812,0.0872026178473512
Serpine2,B cell,11307,0.2733704784646679,0.45626602989298665
Spock3,B cell,11307,0.009640045989210224,0.010082249933669409
Thbs1,B cell,11307,0.15583267002741663,0.2748739718758291
Thbs2,B cell,11307,0.2566551693641107,0.39656849739099675
Thbs3,B cell,11307,0.07818165738038384,0.09719642699212877
Thbs4,B cell,11307,0.004952684177942868,0.006190855222428584
Vcan,B cell,11307,0.029892986645440878,0.03475723003449191
Acan,DC,43393,0.002327564353697601,0.002696287419629894
Agrn,DC,43393,0.0667849653169866,0.07531168621667089
Col10a1,DC,43393,0.0004148134491738299,0.0004148134491738299
Col12a1,DC,43393,0.016869080266402416,0.018090475422303135
Col13a1,DC,43393,0.008595856474546585,0.009425483372894245
Col14a1,DC,43393,0.03210195192773028,0.03804761136588851
Col15a1,DC,43393,0.07208535938976332,0.09761943170557463
Col18a1,DC,43393,0.12614937893208583,0.21183140137810247
Col1a1,DC,43393,0.10268937386214366,0.16352867974097204
Col1a2,DC,43393,0.3169635655520476,0.9980411587122346
Col20a1,DC,43393,0.048832761044408084,0.06699237204157353
Col23a1,DC,43393,0.0633742769571129,0.076394810222847
Col24a1,DC,43393,0.0006683105570022815,0.0006683105570022815
Col26a1,DC,43393,0.005438665222501325,0.005553891180605167
Col4a1,DC,43393,0.1532274790864886,0.29115295093678706
Col4a2,DC,43393,0.09642108174129468,0.15193694835572558
Col4a3,DC,43393,0.0032724172101491022,0.0033415527850114072
Col4a5,DC,43393,0.02410527043532367,0.026317608830917428
Col5a1,DC,43393,0.039199870946926924,0.044961168852119
Col6a1,DC,43393,0.040582582444173024,0.046943055331505085
Col6a2,DC,43393,0.11471896388818473,0.184522849307492
Col6a3,DC,43393,0.05924918765699537,0.07987463415758302
Col7a1,DC,43393,0.027562049178438918,0.03431429032332404
Col9a2,DC,43393,0.004770354665499044,0.004885580623602885
Col9a3,DC,43393,0.03915378056368539,0.04832576682875118
Cspg4,DC,43393,0.03546654990436245,0.04793399857119812
Cspg5,DC,43393,0.0809116677805176,0.10561611319798124
Eln,DC,43393,0.041412209342520684,0.05157513884727952
Fbln2,DC,43393,0.0610467126034153,0.08847049063212961
Fmod,DC,43393,0.04316364390569907,0.0540640195423225
Fn1,DC,43393,0.5437052059087871,2.7914640610236674
Gpc3,DC,43393,0.010024658355034221,0.011269098702555711
Gpc4,DC,43393,0.052704353236697164,0.06328209619062983
Gpc6,DC,43393,0.02717028092088586,0.02905998663378886
Hspg2,DC,43393,0.10073053257437836,0.13131150185513793
Lama1,DC,43393,0.018897057129030028,0.021846841656488373
Lama2,DC,43393,0.031341460604244926,0.035581775862466296
Lama3,DC,43393,0.01857442444633927,0.022146429147558364
Lama4,DC,43393,0.024197451201806743,0.02647892517226281
Lama5,DC,43393,0.022376881063766046,0.02578756942363976
Lamb1,DC,43393,0.020533265734104578,0.02216947433917913
Lamb2,DC,43393,0.12672550872260502,0.16903648053833567
Lamb3,DC,43393,0.003733321042564469,0.003940727767151384
Lamc1,DC,43393,0.22123383955937595,0.31136358398820085
Lum,DC,43393,0.09208858571659023,0.13617403728712005
Ncan,DC,43393,0.08376927154149287,0.11229921876800406
Ogn,DC,43393,0.01060078814555343,0.012628765008181043
Prelp,DC,43393,0.07296107667135253,0.0935634779803194
Ptx3,DC,43393,0.020187587859793053,0.028437766460028116
Sdc1,DC,43393,0.13055101053165258,0.21618694259442767
Sdc2,DC,43393,0.050077201391929574,0.053395708985320214
Serpine2,DC,43393,0.29553153734473303,0.5062567695250386
Spock3,DC,43393,0.02836863088516581,0.03346161823335561
Thbs1,DC,43393,0.18012121770792525,0.5704837185721199
Thbs2,DC,43393,0.13900859585647454,0.21381328785748854
Thbs3,DC,43393,0.022745604129698338,0.025349710782845158
Thbs4,DC,43393,0.0028806489525960407,0.0034337335514944807
Vcan,DC,43393,0.058742193441338464,0.08102689373862143
Acan,Doublet,2192,0.0004562043795620438,0.0004562043795620438
Agrn,Doublet,2192,0.03193430656934307,0.035583941605839414
Col10a1,Doublet,2192,0.0,0.0
Col12a1,Doublet,2192,0.012317518248175183,0.01322992700729927
Col13a1,Doublet,2192,0.004105839416058394,0.004105839416058394
Col14a1,Doublet,2192,0.005474452554744526,0.005930656934306569
Col15a1,Doublet,2192,0.014142335766423358,0.014598540145985401
Col18a1,Doublet,2192,0.021897810218978103,0.026916058394160582
Col1a1,Doublet,2192,0.00958029197080292,0.010036496350364963
Col1a2,Doublet,2192,0.06751824817518248,0.08804744525547445
Col20a1,Doublet,2192,0.012773722627737226,0.015967153284671534
Col23a1,Doublet,2192,0.025547445255474453,0.027828467153284672
Col24a1,Doublet,2192,0.0004562043795620438,0.0004562043795620438
Col26a1,Doublet,2192,0.0013686131386861315,0.0013686131386861315
Col4a1,Doublet,2192,0.04562043795620438,0.05291970802919708
Col4a2,Doublet,2192,0.027828467153284672,0.02874087591240876
Col4a3,Doublet,2192,0.0072992700729927005,0.0072992700729927005
Col4a5,Doublet,2192,0.0072992700729927005,0.0072992700729927005
Col5a1,Doublet,2192,0.012773722627737226,0.013686131386861315
Col6a1,Doublet,2192,0.009124087591240875,0.009124087591240875
Col6a2,Doublet,2192,0.025547445255474453,0.029197080291970802
Col6a3,Doublet,2192,0.01551094890510949,0.017791970802919707
Col7a1,Doublet,2192,0.006386861313868613,0.006843065693430657
Col9a2,Doublet,2192,0.007755474452554745,0.008211678832116789
Col9a3,Doublet,2192,0.03239051094890511,0.03512773722627737
Cspg4,Doublet,2192,0.013686131386861315,0.01551094890510949
Cspg5,Doublet,2192,0.024178832116788323,0.026916058394160582
Eln,Doublet,2192,0.012773722627737226,0.014142335766423358
Fbln2,Doublet,2192,0.01687956204379562,0.01824817518248175
Fmod,Doublet,2192,0.020072992700729927,0.02052919708029197
Fn1,Doublet,2192,0.04562043795620438,0.05200729927007299
Gpc3,Doublet,2192,0.008211678832116789,0.00958029197080292
Gpc4,Doublet,2192,0.023722627737226276,0.02509124087591241
Gpc6,Doublet,2192,0.009124087591240875,0.009124087591240875
Hspg2,Doublet,2192,0.03375912408759124,0.038777372262773724
Lama1,Doublet,2192,0.005474452554744526,0.005474452554744526
Lama2,Doublet,2192,0.020985401459854013,0.022354014598540146
Lama3,Doublet,2192,0.002737226277372263,0.002737226277372263
Lama4,Doublet,2192,0.009124087591240875,0.010492700729927007
Lama5,Doublet,2192,0.015054744525547446,0.017335766423357664
Lamb1,Doublet,2192,0.00958029197080292,0.00958029197080292
Lamb2,Doublet,2192,0.04607664233576642,0.04927007299270073
Lamb3,Doublet,2192,0.0004562043795620438,0.0004562043795620438
Lamc1,Doublet,2192,0.06204379562043796,0.06614963503649635
Lum,Doublet,2192,0.014142335766423358,0.014598540145985401
Ncan,Doublet,2192,0.03193430656934307,0.035583941605839414
Ogn,Doublet,2192,0.005474452554744526,0.006843065693430657
Prelp,Doublet,2192,0.01824817518248175,0.019616788321167884
Ptx3,Doublet,2192,0.002737226277372263,0.002737226277372263
Sdc1,Doublet,2192,0.010948905109489052,0.011861313868613138
Sdc2,Doublet,2192,0.01551094890510949,0.015967153284671534
Serpine2,Doublet,2192,0.11541970802919709,0.14096715328467152
Spock3,Doublet,2192,0.04698905109489051,0.06067518248175183
Thbs1,Doublet,2192,0.01824817518248175,0.06341240875912409
Thbs2,Doublet,2192,0.045164233576642336,0.05337591240875912
Thbs3,Doublet,2192,0.021897810218978103,0.024635036496350366
Thbs4,Doublet,2192,0.0009124087591240876,0.0018248175182481751
Vcan,Doublet,2192,0.010492700729927007,0.012773722627737226
Acan,Endothelial,69947,0.006576407851659113,0.0072197520980170704
Agrn,Endothelial,69947,0.33329520922984546,0.4703132371652823
Col10a1,Endothelial,69947,0.00042889616423863783,0.00042889616423863783
Col12a1,Endothelial,69947,0.01612649577537278,0.018099418130870515
Col13a1,Endothelial,69947,0.02496175675868872,0.03046592419975124
Col14a1,Endothelial,69947,0.03249603271048079,0.04218908602227401
Col15a1,Endothelial,69947,0.13480206442020387,0.23609304187456218
Col18a1,Endothelial,69947,0.2358928903312508,0.5765365205083849
Col1a1,Endothelial,69947,0.13791870988033797,0.2790970306088896
Col1a2,Endothelial,69947,0.3457760876091898,1.7915564641800221
Col20a1,Endothelial,69947,0.027992622985975095,0.03145238537750011
Col23a1,Endothelial,69947,0.06988148169328205,0.08946773986017985
Col24a1,Endothelial,69947,0.0009435715613250032,0.0010150542553647762
Col26a1,Endothelial,69947,0.010908259110469356,0.012237837219609133
Col4a1,Endothelial,69947,0.5898037085221668,1.766723376270605
Col4a2,Endothelial,69947,0.48209358514303685,1.043504367592606
Col4a3,Endothelial,69947,0.009164081375898895,0.00965016369536935
Col4a5,Endothelial,69947,0.04966617581883426,0.06316210845354339
Col5a1,Endothelial,69947,0.05672866598996383,0.07407036756401275
Col6a1,Endothelial,69947,0.06000257337698543,0.07760161264957753
Col6a2,Endothelial,69947,0.1495846855476289,0.30435901468254534
Col6a3,Endothelial,69947,0.07718701302414685,0.12039115330178564
Col7a1,Endothelial,69947,0.022917351709151216,0.028207071068094416
Col9a2,Endothelial,69947,0.011723161822522768,0.012766809155503453
Col9a3,Endothelial,69947,0.037514117832072855,0.04306117488955924
Cspg4,Endothelial,69947,0.0426322787253206,0.05915907758731611
Cspg5,Endothelial,69947,0.1403348249388823,0.19178806810871088
Eln,Endothelial,69947,0.185454701416787,0.34727722418402507
Fbln2,Endothelial,69947,0.060517248774071795,0.08637968747766166
Fmod,Endothelial,69947,0.09568673424164009,0.190172559223412
Fn1,Endothelial,69947,0.7908988233948561,3.640041745893319
Gpc3,Endothelial,69947,0.032867742719487614,0.04233205141035355
Gpc4,Endothelial,69947,0.16937109525783808,0.23676497919853604
Gpc6,Endothelial,69947,0.07083934979341501,0.08789512059130485
Hspg2,Endothelial,69947,0.5285001501136575,1.1894720288218223
Lama1,Endothelial,69947,0.1037785752069424,0.16786995868300283
Lama2,Endothelial,69947,0.09641585772084578,0.1319570531974209
Lama3,Endothelial,69947,0.021988076686634165,0.02461863982729781
Lama4,Endothelial,69947,0.20110941141149727,0.26277038329020547
Lama5,Endothelial,69947,0.30723261898294424,0.45042675168341745
Lamb1,Endothelial,69947,0.07146839750096502,0.08745192788825826
Lamb2,Endothelial,69947,0.6155231818376771,1.3672208958211216
Lamb3,Endothelial,69947,0.0028736043003988734,0.0032167212317897836
Lamc1,Endothelial,69947,0.4842952521194619,0.999671179607417
Lum,Endothelial,69947,0.1380616752684175,0.29500907830214307
Ncan,Endothelial,69947,0.16459605129598123,0.22884469669892918
Ogn,Endothelial,69947,0.038343317082934224,0.05148183624744449
Prelp,Endothelial,69947,0.10991179035555491,0.1644530859079017
Ptx3,Endothelial,69947,0.004703561267817061,0.006133215148612521
Sdc1,Endothelial,69947,0.08259110469355369,0.12396528800377428
Sdc2,Endothelial,69947,0.10027592319899352,0.11511573048165039
Serpine2,Endothelial,69947,0.5650706963844053,1.3037871531302272
Spock3,Endothelial,69947,0.07063919825010365,0.08903884369594121
Thbs1,Endothelial,69947,0.09312765379501622,0.23087480520965875
Thbs2,Endothelial,69947,0.1665975667290949,0.24435644130555992
Thbs3,Endothelial,69947,0.04250360987604901,0.056471328291420646
Thbs4,Endothelial,69947,0.00351694854675683,0.004775043961856834
Vcan,Endothelial,69947,0.039043847484524,0.055870873661486554
Acan,Ependymal cell,5612,0.001781895937277263,0.001781895937277263
Agrn,Ependymal cell,5612,0.17230933713471133,0.1999287241625089
Col10a1,Ependymal cell,5612,0.0005345687811831789,0.0005345687811831789
Col12a1,Ependymal cell,5612,0.03349964362081254,0.03510334996436208
Col13a1,Ependymal cell,5612,0.0014255167498218105,0.0014255167498218105
Col14a1,Ependymal cell,5612,0.024768353528153954,0.03189593727726301
Col15a1,Ependymal cell,5612,0.005702066999287242,0.006236635780470421
Col18a1,Ependymal cell,5612,0.12990021382751246,0.15502494654312188
Col1a1,Ependymal cell,5612,0.007127583749109052,0.007483962936564505
Col1a2,Ependymal cell,5612,0.30488239486813973,0.44066286528866716
Col20a1,Ependymal cell,5612,0.08232359230220955,0.09248039914468995
Col23a1,Ependymal cell,5612,0.35958660014255167,0.5320741268709908
Col24a1,Ependymal cell,5612,0.0008909479686386316,0.0008909479686386316
Col26a1,Ependymal cell,5612,0.08161083392729865,0.08998574483250178
Col4a1,Ependymal cell,5612,0.26051318602993584,0.3421240199572345
Col4a2,Ependymal cell,5612,0.1421952957947256,0.16233071988595865
Col4a3,Ependymal cell,5612,0.004989308624376337,0.005167498218104063
Col4a5,Ependymal cell,5612,0.11475409836065574,0.12918745545260157
Col5a1,Ependymal cell,5612,0.0481111903064861,0.05096222380612972
Col6a1,Ependymal cell,5612,0.008731290092658588,0.008909479686386316
Col6a2,Ependymal cell,5612,0.01443335709194583,0.016215253029223095
Col6a3,Ependymal cell,5612,0.0067712045616536,0.007305773342836779
Col7a1,Ependymal cell,5612,0.045081967213114756,0.04775481111903065
Col9a2,Ependymal cell,5612,0.005523877405559516,0.005702066999287242
Col9a3,Ependymal cell,5612,0.048467569493941556,0.05381325730577334
Cspg4,Ependymal cell,5612,0.01300784034212402,0.01443335709194583
Cspg5,Ependymal cell,5612,0.11225944404846756,0.1347113328581611
Eln,Ependymal cell,5612,0.013720598717034925,0.015502494654312188
Fbln2,Ependymal cell,5612,0.0042765502494654314,0.004989308624376337
Fmod,Ependymal cell,5612,0.015324305060584463,0.016215253029223095
Fn1,Ependymal cell,5612,0.101568068424804,0.12776193870277977
Gpc3,Ependymal cell,5612,0.17373485388453314,0.220064148253742
Gpc4,Ependymal cell,5612,0.5981824661439772,1.4549180327868851
Gpc6,Ependymal cell,5612,0.06379187455452602,0.07145402708481825
Hspg2,Ependymal cell,5612,0.1849607982893799,0.22273699215965787
Lama1,Ependymal cell,5612,0.011760513186029936,0.012295081967213115
Lama2,Ependymal cell,5612,0.019600855310049892,0.022095509622238062
Lama3,Ependymal cell,5612,0.3120099786172488,0.449215965787598
Lama4,Ependymal cell,5612,0.004454739843193158,0.004454739843193158
Lama5,Ependymal cell,5612,0.5270848182466144,1.0069493941553813
Lamb1,Ependymal cell,5612,0.0060584461867426945,0.0060584461867426945
Lamb2,Ependymal cell,5612,0.6817533856022808,1.8770491803278688
Lamb3,Ependymal cell,5612,0.007305773342836779,0.007483962936564505
Lamc1,Ependymal cell,5612,0.37900926585887385,0.5661083392729864
Lum,Ependymal cell,5612,0.008909479686386316,0.009087669280114041
Ncan,Ependymal cell,5612,0.10548823948681398,0.12170349251603706
Ogn,Ependymal cell,5612,0.002851033499643621,0.002851033499643621
Prelp,Ependymal cell,5612,0.7305773342836779,2.129722024233785
Ptx3,Ependymal cell,5612,0.02851033499643621,0.05595153243050606
Sdc1,Ependymal cell,5612,0.022986457590876693,0.02655024946543122
Sdc2,Ependymal cell,5612,0.38987883107626514,0.5798289379900213
Serpine2,Ependymal cell,5612,0.7753029223093372,2.3175338560228083
Spock3,Ependymal cell,5612,0.044725588025659305,0.04971489665003564
Thbs1,Ependymal cell,5612,0.13934426229508196,0.20028510334996436
Thbs2,Ependymal cell,5612,0.14344262295081966,0.26870990734141126
Thbs3,Ependymal cell,5612,0.2815395580898076,0.45295794725588023
Thbs4,Ependymal cell,5612,0.0010691375623663579,0.0010691375623663579
Vcan,Ependymal cell,5612,0.13738417676407697,0.19012829650748397
Acan,Fibroblast,94908,0.0012538458296455514,0.0012749188687992583
Agrn,Fibroblast,94908,0.15302187381464155,0.18511611244573692
Col10a1,Fibroblast,94908,0.000337168626459308,0.000337168626459308
Col12a1,Fibroblast,94908,0.11848316264171618,0.22697770472457537
Col13a1,Fibroblast,94908,0.11316222025540523,0.14775361402621487
Col14a1,Fibroblast,94908,0.10909512369873983,0.16635057107936108
Col15a1,Fibroblast,94908,0.2620853879546508,0.5832490411767185
Col18a1,Fibroblast,94908,0.5327264298057066,1.5740295865469718
Col1a1,Fibroblast,94908,0.5866523370000422,1.7398217220887597
Col1a2,Fibroblast,94908,0.9472331099591184,10.231371433388123
Col20a1,Fibroblast,94908,0.06251317064947107,0.07288110591309478
Col23a1,Fibroblast,94908,0.15764740590888018,0.21865385425886122
Col24a1,Fibroblast,94908,0.002170523032831795,0.0023707169047920093
Col26a1,Fibroblast,94908,0.05811944198592321,0.06818181818181818
Col4a1,Fibroblast,94908,0.47418552703670924,1.6254161925232857
Col4a2,Fibroblast,94908,0.35136131832932943,0.865764740590888
Col4a3,Fibroblast,94908,0.033053061912589034,0.036888355038563664
Col4a5,Fibroblast,94908,0.19523117123951617,0.2826737472078223
Col5a1,Fibroblast,94908,0.2852235849454208,0.44408269060563915
Col6a1,Fibroblast,94908,0.3255889914443461,0.527668900408817
Col6a2,Fibroblast,94908,0.6346461836726093,2.211899945210098
Col6a3,Fibroblast,94908,0.33640999704977453,0.7636237198128714
Col7a1,Fibroblast,94908,0.1150904033379694,0.22128798415307455
Col9a2,Fibroblast,94908,0.05895182703249462,0.0754098706115396
Col9a3,Fibroblast,94908,0.02286424748177182,0.02566696168921482
Cspg4,Fibroblast,94908,0.06704387406751802,0.10161419479917394
Cspg5,Fibroblast,94908,0.07052092552787963,0.08123656593753951
Eln,Fibroblast,94908,0.280039617313609,0.690574029586547
Fbln2,Fibroblast,94908,0.20779070257512539,0.3708749525856619
Fmod,Fibroblast,94908,0.37701774349896744,1.3070236439499305
Fn1,Fibroblast,94908,0.5913937708096262,3.183672609263708
Gpc3,Fibroblast,94908,0.14657352383360728,0.23408985543895142
Gpc4,Fibroblast,94908,0.3277595144771779,0.5263939815400177
Gpc6,Fibroblast,94908,0.23287815568761328,0.3210056054284149
Hspg2,Fibroblast,94908,0.5874952585661904,1.5222952754246217
Lama1,Fibroblast,94908,0.19995153200994648,0.3730033295401863
Lama2,Fibroblast,94908,0.27107303915370673,0.4367281999409955
Lama3,Fibroblast,94908,0.011916803641421166,0.01383445020440848
Lama4,Fibroblast,94908,0.2858136300417246,0.427635183546171
Lama5,Fibroblast,94908,0.07887638555232436,0.10675601635267838
Lamb1,Fibroblast,94908,0.1085156151220129,0.14231676992455852
Lamb2,Fibroblast,94908,0.657299700762844,2.001000969359801
Lamb3,Fibroblast,94908,0.009841109284781052,0.01055759261600708
Lamc1,Fibroblast,94908,0.6280608589370759,1.7298014919711722
Lum,Fibroblast,94908,0.49754499093859317,1.5945125806043747
Ncan,Fibroblast,94908,0.04212500526825979,0.057350276056812914
Ogn,Fibroblast,94908,0.26842837273991654,0.48058119441985925
Prelp,Fibroblast,94908,0.36483752686812493,0.6629472752560375
Ptx3,Fibroblast,94908,0.011000126438234923,0.014224301428752055
Sdc1,Fibroblast,94908,0.22603995448223543,0.34464955535887387
Sdc2,Fibroblast,94908,0.15855354659248957,0.18983647321616723
Serpine2,Fibroblast,94908,0.42444261811438444,0.9262970455599107
Spock3,Fibroblast,94908,0.017132380831963587,0.019218611708180552
Thbs1,Fibroblast,94908,0.2163990390694146,0.8606545285961141
Thbs2,Fibroblast,94908,0.41321068824545876,0.8374636490074598
Thbs3,Fibroblast,94908,0.20823323639735322,0.34477599359379607
Thbs4,Fibroblast,94908,0.026594175411977915,0.053704640283221645
Vcan,Fibroblast,94908,0.11302524550090615,0.16961689214818562
Acan,Myeloid,144903,0.005293196138106181,0.00625245854123103
Agrn,Myeloid,144903,0.05774207573342167,0.06393932492771026
Col10a1,Myeloid,144903,0.0003381572500224288,0.0003381572500224288
Col12a1,Myeloid,144903,0.013422772475380082,0.014451046562182978
Col13a1,Myeloid,144903,0.006183446857552984,0.006604418127989069
Col14a1,Myeloid,144903,0.0289642036396762,0.033436160742013624
Col15a1,Myeloid,144903,0.062158823488816656,0.07856290069908836
Col18a1,Myeloid,144903,0.06135828795815131,0.09693381089418439
Col1a1,Myeloid,144903,0.05165524523301795,0.07736209740309034
Col1a2,Myeloid,144903,0.18778769245633287,0.5257172039226241
Col20a1,Myeloid,144903,0.03470597572168968,0.041089556461909
Col23a1,Myeloid,144903,0.04687273555412932,0.05623762102924025
Col24a1,Myeloid,144903,0.0010351752551707005,0.001062779928641919
Col26a1,Myeloid,144903,0.004223515041096458,0.004402945418659379
Col4a1,Myeloid,144903,0.08448410315866477,0.15868546544930057
Col4a2,Myeloid,144903,0.05673450515172219,0.08620249408224813
Col4a3,Myeloid,144903,0.0033884736685920926,0.003422979510431116
Col4a5,Myeloid,144903,0.015589739342870747,0.016928566006224853
Col5a1,Myeloid,144903,0.023008495338260767,0.026417672511956276
Col6a1,Myeloid,144903,0.023105111695410033,0.026355561996646033
Col6a2,Myeloid,144903,0.06404974362159514,0.10187504744553252
Col6a3,Myeloid,144903,0.03568594162991794,0.047038363594956625
Col7a1,Myeloid,144903,0.017991345934866773,0.021435028950401305
Col9a2,Myeloid,144903,0.005507132357508126,0.0056934639034388525
Col9a3,Myeloid,144903,0.03765277461474228,0.04336004085491674
Cspg4,Myeloid,144903,0.030289227966294692,0.04262851700792944
Cspg5,Myeloid,144903,0.09302774959800694,0.1233997915847153
Eln,Myeloid,144903,0.01865385809817602,0.02229077382800908
Fbln2,Myeloid,144903,0.0391710316556593,0.05954328067741869
Fmod,Myeloid,144903,0.04572024043670594,0.06101322953976108
Fn1,Myeloid,144903,0.5014319924363194,3.3159078832046265
Gpc3,Myeloid,144903,0.007432558332125629,0.008564349944445595
Gpc4,Myeloid,144903,0.04204881886503385,0.050640773482950666
Gpc6,Myeloid,144903,0.02273244860354858,0.02422310097099439
Hspg2,Myeloid,144903,0.0667964086319814,0.08411144006680331
Lama1,Myeloid,144903,0.012056341138554758,0.013809237903977143
Lama2,Myeloid,144903,0.022635832246399316,0.02554122412924508
Lama3,Myeloid,144903,0.03784600732904081,0.049239836304286314
Lama4,Myeloid,144903,0.013954162439701042,0.015044547041814179
Lama5,Myeloid,144903,0.016749135628661933,0.019343974934956487
Lamb1,Myeloid,144903,0.01296039419473717,0.01407148230195372
Lamb2,Myeloid,144903,0.11637440218629014,0.15250201859174758
Lamb3,Myeloid,144903,0.003719729750246717,0.004264922051303285
Lamc1,Myeloid,144903,0.19158333505862543,0.2612023215530389
Lum,Myeloid,144903,0.05338743849333692,0.08077817574515365
Ncan,Myeloid,144903,0.0997563887566165,0.13338578221292866
Ogn,Myeloid,144903,0.006611319296356873,0.007750012077044644
Prelp,Myeloid,144903,0.057272796284410954,0.07304196600484462
Ptx3,Myeloid,144903,0.014761599138734188,0.02237358784842274
Sdc1,Myeloid,144903,0.08638882562817884,0.14709150259138873
Sdc2,Myeloid,144903,0.04914321994713705,0.05329772330455546
Serpine2,Myeloid,144903,0.35178705754884304,0.6530023532984134
Spock3,Myeloid,144903,0.05267661815145304,0.066810210968717
Thbs1,Myeloid,144903,0.21332891658557793,1.1208877662988344
Thbs2,Myeloid,144903,0.11486304631374092,0.16608351793958717
Thbs3,Myeloid,144903,0.018322602016521396,0.02023422565440329
Thbs4,Myeloid,144903,0.0016769839133765347,0.0018288096174682374
Vcan,Myeloid,144903,0.05766616288137582,0.08503619662808913
Acan,NK/DC,4102,0.00048756704046806434,0.00048756704046806434
Agrn,NK/DC,4102,0.10165772793759142,0.12311067771818625
Col10a1,NK/DC,4102,0.00024378352023403217,0.00024378352023403217
Col12a1,NK/DC,4102,0.015358361774744027,0.01657727937591419
Col13a1,NK/DC,4102,0.020477815699658702,0.02218430034129693
Col14a1,NK/DC,4102,0.046318868844466114,0.05363237445148708
Col15a1,NK/DC,4102,0.1574841540711848,0.23256947830326669
Col18a1,NK/DC,4102,0.38810336421257924,0.8954168698196002
Col1a1,NK/DC,4102,0.3510482691370063,0.7627986348122867
Col1a2,NK/DC,4102,0.6516333495855681,4.183081423695758
Col20a1,NK/DC,4102,0.04290589956118966,0.04729400292540224
Col23a1,NK/DC,4102,0.06338371526084836,0.07508532423208192
Col24a1,NK/DC,4102,0.0012189176011701609,0.0017064846416382253
Col26a1,NK/DC,4102,0.010238907849829351,0.010238907849829351
Col4a1,NK/DC,4102,0.3766455387615797,0.9346660165772793
Col4a2,NK/DC,4102,0.2842515845928815,0.515602145294978
Col4a3,NK/DC,4102,0.005119453924914676,0.005119453924914676
Col4a5,NK/DC,4102,0.051194539249146756,0.06070209653827401
Col5a1,NK/DC,4102,0.12067284251584592,0.15675280351048268
Col6a1,NK/DC,4102,0.1196977084349098,0.14480741101901512
Col6a2,NK/DC,4102,0.2764505119453925,0.5324232081911263
Col6a3,NK/DC,4102,0.22915650901999024,0.4039492930277913
Col7a1,NK/DC,4102,0.07191613846903949,0.09726962457337884
Col9a2,NK/DC,4102,0.006094588005850805,0.006825938566552901
Col9a3,NK/DC,4102,0.02145294978059483,0.024134568503169185
Cspg4,NK/DC,4102,0.020234032179424672,0.025841053144807412
Cspg5,NK/DC,4102,0.04778156996587031,0.06143344709897611
Eln,NK/DC,4102,0.21452949780594832,0.3963920039005363
Fbln2,NK/DC,4102,0.11604095563139932,0.15285226718673817
Fmod,NK/DC,4102,0.0704534373476353,0.09702584105314481
Fn1,NK/DC,4102,0.4061433447098976,0.9892735251097026
Gpc3,NK/DC,4102,0.017796196977084348,0.020965382740126767
Gpc4,NK/DC,4102,0.11799122379327158,0.14724524622135543
Gpc6,NK/DC,4102,0.06606533398342272,0.07606045831301804
Hspg2,NK/DC,4102,0.2737688932228181,0.46050706972208677
Lama1,NK/DC,4102,0.07996099463676255,0.1053144807411019
Lama2,NK/DC,4102,0.0780107264748903,0.09361287176986836
Lama3,NK/DC,4102,0.005119453924914676,0.005363237445148708
Lama4,NK/DC,4102,0.0916626036079961,0.113603120429059
Lama5,NK/DC,4102,0.042662116040955635,0.049000487567040465
Lamb1,NK/DC,4102,0.04705021940516821,0.050706972208678695
Lamb2,NK/DC,4102,0.25572891272549975,0.4278400780107265
Lamb3,NK/DC,4102,0.020234032179424672,0.02145294978059483
Lamc1,NK/DC,4102,0.40784982935153585,0.7537786445636275
Lum,NK/DC,4102,0.2698683568990736,0.5314480741101901
Ncan,NK/DC,4102,0.04339346660165773,0.05095075572891272
Ogn,NK/DC,4102,0.0348610433934666,0.03973671379814724
Prelp,NK/DC,4102,0.10165772793759142,0.1318868844466114
Ptx3,NK/DC,4102,0.011701608971233545,0.01340809361287177
Sdc1,NK/DC,4102,0.16187225743539738,0.23647001462701123
Sdc2,NK/DC,4102,0.05704534373476353,0.06045831301803998
Serpine2,NK/DC,4102,0.26791808873720135,0.4302779132130668
Spock3,NK/DC,4102,0.013651877133105802,0.014870794734275963
Thbs1,NK/DC,4102,0.14602632862018528,0.2593856655290102
Thbs2,NK/DC,4102,0.19161384690394928,0.27328132618235007
Thbs3,NK/DC,4102,0.05631399317406143,0.0636274987810824
Thbs4,NK/DC,4102,0.01340809361287177,0.017796196977084348
Vcan,NK/DC,4102,0.04948805460750853,0.06509019990248659
Acan,Neuron,138300,0.07521330441070137,0.10163412870571222
Agrn,Neuron,138300,0.2851626898047722,0.3929934924078091
Col10a1,Neuron,138300,0.0015401301518438177,0.001554591467823572
Col12a1,Neuron,138300,0.016377440347071583,0.017780187997107736
Col13a1,Neuron,138300,0.010281995661605207,0.011916124367317427
Col14a1,Neuron,138300,0.015032537960954447,0.018105567606652204
Col15a1,Neuron,138300,0.027440347071583514,0.03206073752711497
Col18a1,Neuron,138300,0.07850325379609545,0.1287346348517715
Col1a1,Neuron,138300,0.009616775126536515,0.010701373825018077
Col1a2,Neuron,138300,0.08409255242227043,0.1155820679681851
Col20a1,Neuron,138300,0.026420824295010845,0.028380332610267536
Col23a1,Neuron,138300,0.047903109182935645,0.058011569052783804
Col24a1,Neuron,138300,0.023897324656543744,0.03099060014461316
Col26a1,Neuron,138300,0.061699204627621115,0.07031091829356471
Col4a1,Neuron,138300,0.07856109906001446,0.0906941431670282
Col4a2,Neuron,138300,0.13490961677512653,0.16051337671728128
Col4a3,Neuron,138300,0.003955169920462762,0.004063629790310918
Col4a5,Neuron,138300,0.01146059291395517,0.01210412147505423
Col5a1,Neuron,138300,0.013803326102675343,0.016572668112798266
Col6a1,Neuron,138300,0.05067245119305857,0.0755820679681851
Col6a2,Neuron,138300,0.05581344902386117,0.07281272595806218
Col6a3,Neuron,138300,0.022046276211135214,0.03259580621836587
Col7a1,Neuron,138300,0.03801879971077368,0.041352133044107016
Col9a2,Neuron,138300,0.06548083875632682,0.07221258134490238
Col9a3,Neuron,138300,0.05292118582791034,0.06019522776572668
Cspg4,Neuron,138300,0.02052060737527115,0.024685466377440346
Cspg5,Neuron,138300,0.5622198120028923,1.0643311641359363
Eln,Neuron,138300,0.032053506869125094,0.035285610990600146
Fbln2,Neuron,138300,0.015950831525668837,0.027201735357917572
Fmod,Neuron,138300,0.02108459869848156,0.023940708604483007
Fn1,Neuron,138300,0.06376717281272595,0.08903832248734635
Gpc3,Neuron,138300,0.0746059291395517,0.09622559652928417
Gpc4,Neuron,138300,0.11149674620390455,0.18083152566883587
Gpc6,Neuron,138300,0.1020173535791757,0.1226825741142444
Hspg2,Neuron,138300,0.04170643528561099,0.0530296456977585
Lama1,Neuron,138300,0.025936370209689082,0.028235719450469994
Lama2,Neuron,138300,0.02604483007953724,0.03030368763557484
Lama3,Neuron,138300,0.021453362255965294,0.025112075198843096
Lama4,Neuron,138300,0.025068691250903833,0.028987707881417208
Lama5,Neuron,138300,0.026276211135213303,0.03029645697758496
Lamb1,Neuron,138300,0.04645697758496023,0.05521330441070137
Lamb2,Neuron,138300,0.05929139551699204,0.07106290672451193
Lamb3,Neuron,138300,0.00992769342010123,0.013297180043383948
Lamc1,Neuron,138300,0.18044830079537238,0.2276934201012292
Lum,Neuron,138300,0.016153289949385394,0.0227765726681128
Ncan,Neuron,138300,0.2925741142443962,0.3964642082429501
Ogn,Neuron,138300,0.004222704266088214,0.00537237888647867
Prelp,Neuron,138300,0.026644974692697037,0.029190166305133766
Ptx3,Neuron,138300,0.005770065075921909,0.006912509038322487
Sdc1,Neuron,138300,0.02328994938539407,0.03185827910339841
Sdc2,Neuron,138300,0.21496746203904554,0.26756326825741145
Serpine2,Neuron,138300,0.48138105567606654,0.8644540853217643
Spock3,Neuron,138300,0.5403904555314534,1.0700578452639191
Thbs1,Neuron,138300,0.09869125090383225,0.15823571945047
Thbs2,Neuron,138300,0.06619667389732466,0.07866232827187274
Thbs3,Neuron,138300,0.1122704266088214,0.14481561822125813
Thbs4,Neuron,138300,0.008843094721619668,0.010224150397686189
Vcan,Neuron,138300,0.04584960231381056,0.058430947216196676
Acan,OPC,31343,0.0358931818906933,0.039977028363589955
Agrn,OPC,31343,0.3179976390262579,0.4291229301598443
Col10a1,OPC,31343,0.0007657212136681237,0.0007657212136681237
Col12a1,OPC,31343,0.01151772325559136,0.012251539418689979
Col13a1,OPC,31343,0.017866828318922886,0.020610662667900327
Col14a1,OPC,31343,0.004434802029161216,0.004594327282008742
Col15a1,OPC,31343,0.040647034425549566,0.04597517787065693
Col18a1,OPC,31343,0.20553233576875218,0.3834029926937434
Col1a1,OPC,31343,0.017324442459241297,0.020961618224164886
Col1a2,OPC,31343,0.09989471333312064,0.15719618415595188
Col20a1,OPC,31343,0.2961107743355773,1.0445713556455987
Col23a1,OPC,31343,0.04342277382509651,0.051654276872028844
Col24a1,OPC,31343,0.0028076444501164534,0.0028395495006859586
Col26a1,OPC,31343,0.013846791947165236,0.01474013336311138
Col4a1,OPC,31343,0.09009986280828255,0.11469865679737103
Col4a2,OPC,31343,0.05066522030437418,0.05956672941326612
Col4a3,OPC,31343,0.007497686883833711,0.007625307086111732
Col4a5,OPC,31343,0.017196822256963278,0.01888778993714705
Col5a1,OPC,31343,0.02692786268066235,0.028491210158568103
Col6a1,OPC,31343,0.025906901062438183,0.031681715215518616
Col6a2,OPC,31343,0.0619277031554095,0.0966084931244616
Col6a3,OPC,31343,0.014261557604568804,0.015601569728488019
Col7a1,OPC,31343,0.014995373767667422,0.015378234374501483
Col9a2,OPC,31343,0.11833583256229462,0.14526369524295696
Col9a3,OPC,31343,0.48642440098267553,1.2313754267300514
Cspg4,OPC,31343,0.594901572918993,1.863893054270491
Cspg5,OPC,31343,0.717863637813866,4.58478767188846
Eln,OPC,31343,0.06444820215040041,0.07041444660689787
Fbln2,OPC,31343,0.04549660211211435,0.05471716172670134
Fmod,OPC,31343,0.03685033340777845,0.04712375969115911
Fn1,OPC,31343,0.127077816418339,0.27093768943623775
Gpc3,OPC,31343,0.009858660625977091,0.010592476789075711
Gpc4,OPC,31343,0.05379191526018569,0.06582011932488913
Gpc6,OPC,31343,0.12663114571036596,0.14414701847302427
Hspg2,OPC,31343,0.09360941837092812,0.11096576588073892
Lama1,OPC,31343,0.01974922630252369,0.02092971317359538
Lama2,OPC,31343,0.015091088919375937,0.016431101043295152
Lama3,OPC,31343,0.005551478799093896,0.00638101011390103
Lama4,OPC,31343,0.08891937593721086,0.09877803656318795
Lama5,OPC,31343,0.015601569728488019,0.017547777813227833
Lamb1,OPC,31343,0.0052962383945378555,0.005487668697954886
Lamb2,OPC,31343,0.07507258399004563,0.09801231534951983
Lamb3,OPC,31343,0.004594327282008742,0.004721947484286762
Lamc1,OPC,31343,0.38053153814248797,0.5877867466419934
Lum,OPC,31343,0.01461251316083336,0.016558721245573175
Ncan,OPC,31343,0.4948792393835944,1.002520498994991
Ogn,OPC,31343,0.0022333535398653607,0.002456688893851897
Prelp,OPC,31343,0.04169990109434323,0.050888555658360715
Ptx3,OPC,31343,0.006476725265609546,0.008199597996362825
Sdc1,OPC,31343,0.06141722234629742,0.07545544459687968
Sdc2,OPC,31343,0.11099767093130843,0.12411064671537504
Serpine2,OPC,31343,0.7652426379095811,2.788852375331015
Spock3,OPC,31343,0.10729668506524583,0.14906039626072806
Thbs1,OPC,31343,0.028140254602303544,0.050250454646970616
Thbs2,OPC,31343,0.09258845675270395,0.1312573780429442
Thbs3,OPC,31343,0.03442554956449606,0.03994512331302045
Thbs4,OPC,31343,0.00737006668155569,0.007912452541237278
Vcan,OPC,31343,0.8407299875570303,4.300354146061322
Acan,Oligodendrocyte,178106,0.008225438783645693,0.008719526574062638
Agrn,Oligodendrocyte,178106,0.16891626334879228,0.1988478771068914
Col10a1,Oligodendrocyte,178106,0.0006400682739492212,0.0006400682739492212
Col12a1,Oligodendrocyte,178106,0.008719526574062638,0.00921361436447958
Col13a1,Oligodendrocyte,178106,0.0299259991241171,0.041930086577656005
Col14a1,Oligodendrocyte,178106,0.00322841453965616,0.003655126722288974
Col15a1,Oligodendrocyte,178106,0.011953555747700807,0.014199409340505093
Col18a1,Oligodendrocyte,178106,0.01574904831954005,0.020667467687781434
Col1a1,Oligodendrocyte,178106,0.012711531335272254,0.015524462960259621
Col1a2,Oligodendrocyte,178106,0.14387499578902452,0.2765656406858837
Col20a1,Oligodendrocyte,178106,0.028033867472179487,0.04634318888751642
Col23a1,Oligodendrocyte,178106,0.04214344266897241,0.05177815458210279
Col24a1,Oligodendrocyte,178106,0.001033092652689971,0.0010892389925100782
Col26a1,Oligodendrocyte,178106,0.0032003413697461063,0.00330701941540431
Col4a1,Oligodendrocyte,178106,0.02268312128732328,0.032037101501353124
Col4a2,Oligodendrocyte,178106,0.021442287177298913,0.026579677270838716
Col4a3,Oligodendrocyte,178106,0.0036663559902529955,0.003711273062109081
Col4a5,Oligodendrocyte,178106,0.00944942899172403,0.010229863115223519
Col5a1,Oligodendrocyte,178106,0.007675204653408645,0.008129990005951512
Col6a1,Oligodendrocyte,178106,0.015574994666097717,0.020695540857691486
Col6a2,Oligodendrocyte,178106,0.05973970556859398,0.15441366377325863
Col6a3,Oligodendrocyte,178106,0.021880228627895747,0.02410362368477199
Col7a1,Oligodendrocyte,178106,0.011627906976744186,0.012722760603236275
Col9a2,Oligodendrocyte,178106,0.03716326232692891,0.039830213468383995
Col9a3,Oligodendrocyte,178106,0.208083950007299,0.27524620170011116
Cspg4,Oligodendrocyte,178106,0.013671633746196085,0.015945560508910425
Cspg5,Oligodendrocyte,178106,0.1849067409295588,0.2492729048993296
Eln,Oligodendrocyte,178106,0.007529224169876366,0.008253511953555748
Fbln2,Oligodendrocyte,178106,0.02395764320123971,0.02945998450361021
Fmod,Oligodendrocyte,178106,0.03199218442949704,0.042295037786486696
Fn1,Oligodendrocyte,178106,0.07388296856927896,0.13329141073293432
Gpc3,Oligodendrocyte,178106,0.005884136413147227,0.00637822420356417
Gpc4,Oligodendrocyte,178106,0.035956116020796604,0.043305671903248626
Gpc6,Oligodendrocyte,178106,0.021874613993913737,0.02346355541082277
Hspg2,Oligodendrocyte,178106,0.05710082759704895,0.0658259688050936
Lama1,Oligodendrocyte,178106,0.005491112034406477,0.0060694193345535805
Lama2,Oligodendrocyte,178106,0.03671409160836805,0.04079031587930783
Lama3,Oligodendrocyte,178106,0.003492302336810663,0.003677585258217017
Lama4,Oligodendrocyte,178106,0.006277160791887977,0.0067487900463768765
Lama5,Oligodendrocyte,178106,0.02173986277834548,0.025103028533569896
Lamb1,Oligodendrocyte,178106,0.004486092551626559,0.004688219374978945
Lamb2,Oligodendrocyte,178106,0.06803813459400582,0.08578037797715966
Lamb3,Oligodendrocyte,178106,0.002307614566606403,0.0024479804161566705
Lamc1,Oligodendrocyte,178106,0.2847237038617452,0.3870447935499085
Lum,Oligodendrocyte,178106,0.013621102040357989,0.016507023907111496
Ncan,Oligodendrocyte,178106,0.12142207449496367,0.1565023076145666
Ogn,Oligodendrocyte,178106,0.002324458468552435,0.0024142926122646064
Prelp,Oligodendrocyte,178106,0.03438963313981561,0.042250120714630614
Ptx3,Oligodendrocyte,178106,0.005300214479018113,0.006917229065837198
Sdc1,Oligodendrocyte,178106,0.014115189830774932,0.016125228796334767
Sdc2,Oligodendrocyte,178106,0.06066050554164374,0.06675238341212536
Serpine2,Oligodendrocyte,178106,0.32356574174929537,0.5402737695529628
Spock3,Oligodendrocyte,178106,0.4073304661269132,0.6931770967850606
Thbs1,Oligodendrocyte,178106,0.017820848258902,0.02597891143476357
Thbs2,Oligodendrocyte,178106,0.13832773741479792,0.17842183868033643
Thbs3,Oligodendrocyte,178106,0.04555152549605291,0.051929749699617084
Thbs4,Oligodendrocyte,178106,0.0015103365411608817,0.001583326782927021
Vcan,Oligodendrocyte,178106,0.023777974913815367,0.029078189392833482
Acan,Schwann cell,33318,0.0009904556095804069,0.0010504832222822497
Agrn,Schwann cell,33318,0.18329431538507712,0.24275166576625248
Col10a1,Schwann cell,33318,0.0006603037397202714,0.0006603037397202714
Col12a1,Schwann cell,33318,0.04039858334834023,0.044540488624767394
Col13a1,Schwann cell,33318,0.006452968365448106,0.006903175460711928
Col14a1,Schwann cell,33318,0.18392460531844648,0.259349300678312
Col15a1,Schwann cell,33318,0.1791824239150009,0.41136922984572905
Col18a1,Schwann cell,33318,0.3004081877663725,0.6849450747343778
Col1a1,Schwann cell,33318,0.2416411549312684,0.46590431598535326
Col1a2,Schwann cell,33318,0.8225283630470016,4.396452368089321
Col20a1,Schwann cell,33318,0.02533165256017768,0.030944234347799988
Col23a1,Schwann cell,33318,0.17690137463233088,0.27519659043159855
Col24a1,Schwann cell,33318,0.0438501710786962,0.05873701902875322
Col26a1,Schwann cell,33318,0.08400864397622906,0.10135662404706165
Col4a1,Schwann cell,33318,0.5085239210036617,1.104207935650399
Col4a2,Schwann cell,33318,0.30902215018908696,0.5134461852452128
Col4a3,Schwann cell,33318,0.011735398283210277,0.012035536346719491
Col4a5,Schwann cell,33318,0.026232066750705326,0.028723212677831803
Col5a1,Schwann cell,33318,0.26874362206615043,0.4031754607119275
Col6a1,Schwann cell,33318,0.07416411549312683,0.09460351761810433
Col6a2,Schwann cell,33318,0.16774716369529985,0.3021790023410769
Col6a3,Schwann cell,33318,0.10852992376493187,0.1494987694339396
Col7a1,Schwann cell,33318,0.04613122036136623,0.05432498949516778
Col9a2,Schwann cell,33318,0.04306981211357224,0.052163995437901435
Col9a3,Schwann cell,33318,0.042019328891289995,0.046461372231226365
Cspg4,Schwann cell,33318,0.12179602617203913,0.18527522660423795
Cspg5,Schwann cell,33318,0.016777717750165077,0.01797827000420193
Eln,Schwann cell,33318,0.023530824179122396,0.027912839906356925
Fbln2,Schwann cell,33318,0.17654120895611983,0.3432378894291374
Fmod,Schwann cell,33318,0.027732757068251394,0.03457590491626148
Fn1,Schwann cell,33318,0.10387778378053905,0.18347439822318268
Gpc3,Schwann cell,33318,0.13719310883006183,0.25580767152890327
Gpc4,Schwann cell,33318,0.15721231766612642,0.22816495587970467
Gpc6,Schwann cell,33318,0.032444924665346056,0.03541629149408728
Hspg2,Schwann cell,33318,0.6175340656702083,1.9662944954679153
Lama1,Schwann cell,33318,0.016177441623146646,0.01938891890269524
Lama2,Schwann cell,33318,0.3082117774176121,0.5549252656221862
Lama3,Schwann cell,33318,0.002221021669968185,0.002221021669968185
Lama4,Schwann cell,33318,0.18947715949336694,0.2549372711447266
Lama5,Schwann cell,33318,0.14124497268743622,0.20097244732576985
Lamb1,Schwann cell,33318,0.30749144606518997,0.4790203493607059
Lamb2,Schwann cell,33318,0.3169157812593793,0.5120355363467195
Lamb3,Schwann cell,33318,0.0019208836064589711,0.0019208836064589711
Lamc1,Schwann cell,33318,0.41476078996338317,0.8718110330752146
Lum,Schwann cell,33318,0.22747463833363346,0.7911939492166397
Ncan,Schwann cell,33318,0.008373851971907077,0.008944114292574584
Ogn,Schwann cell,33318,0.409478360045621,1.2663725313644276
Prelp,Schwann cell,33318,0.08163755327450627,0.11093102827300558
Ptx3,Schwann cell,33318,0.004532084758989135,0.005312443724113092
Sdc1,Schwann cell,33318,0.06479980791163935,0.08379854733177261
Sdc2,Schwann cell,33318,0.05933729515577166,0.06735098145146767
Serpine2,Schwann cell,33318,0.272345278828261,0.5014106488984933
Spock3,Schwann cell,33318,0.012275646797526862,0.013025991956299898
Thbs1,Schwann cell,33318,0.052013926406146826,0.09094183324329191
Thbs2,Schwann cell,33318,0.16525601776817336,0.52638213578246
Thbs3,Schwann cell,33318,0.05276427156491986,0.06747103667687136
Thbs4,Schwann cell,33318,0.018458490905816676,0.027762770874602317
Vcan,Schwann cell,33318,0.060777957860615885,0.09319286871961102
Acan,T cell,32274,0.001549234678069034,0.0016112040651917953
Agrn,T cell,32274,0.06856912685133544,0.07730681043564479
Col10a1,T cell,32274,0.0001239387742455227,0.0001239387742455227
Col12a1,T cell,32274,0.018404907975460124,0.020480882444072628
Col13a1,T cell,32274,0.023021627316105842,0.025717295655945962
Col14a1,T cell,32274,0.02884674970564541,0.03337051496560699
Col15a1,T cell,32274,0.09261324905496685,0.13840862613868748
Col18a1,T cell,32274,0.22900787011216459,0.4771332961517011
Col1a1,T cell,32274,0.19650492656627627,0.3866889756460309
Col1a2,T cell,32274,0.4411290822333767,2.3687488380739916
Col20a1,T cell,32274,0.03749147920927062,0.04796430563301729
Col23a1,T cell,32274,0.07377455536964739,0.08870917766623287
Col24a1,T cell,32274,0.0010224948875255625,0.0010224948875255625
Col26a1,T cell,32274,0.01099956621429014,0.011743198859763278
Col4a1,T cell,32274,0.22228419160934498,0.5086757141971866
Col4a2,T cell,32274,0.15470657495197374,0.27145690029125613
Col4a3,T cell,32274,0.007343372374047221,0.007560265228976885
Col4a5,T cell,32274,0.051341637231207785,0.060760984073867506
Col5a1,T cell,32274,0.07346470843403359,0.09162173886100267
Col6a1,T cell,32274,0.07764764206481999,0.09543285616905249
Col6a2,T cell,32274,0.18287166139926875,0.3268575323790048
Col6a3,T cell,32274,0.09986366734832992,0.1524756770155543
Col7a1,T cell,32274,0.03355642312697527,0.0420152444692322
Col9a2,T cell,32274,0.0091404846006073,0.00954328561690525
Col9a3,T cell,32274,0.03213112722315176,0.03795624961269133
Cspg4,T cell,32274,0.02962136704467993,0.04021813224267212
Cspg5,T cell,32274,0.07510689719278676,0.10472826423746669
Eln,T cell,32274,0.10305509078515214,0.1683708248125426
Fbln2,T cell,32274,0.0824192848732726,0.11566586106463407
Fmod,T cell,32274,0.1072999938030613,0.2005949061163785
Fn1,T cell,32274,0.3907169858090104,1.2152196814773502
Gpc3,T cell,32274,0.022154055896387186,0.02844394868934746
Gpc4,T cell,32274,0.09918200408997956,0.12787383032781804
Gpc6,T cell,32274,0.05258102497366301,0.06169052488070893
Hspg2,T cell,32274,0.21159447233066864,0.37485282270558345
Lama1,T cell,32274,0.05555555555555555,0.07299993803061287
Lama2,T cell,32274,0.06497490239821528,0.08093201958232633
Lama3,T cell,32274,0.007529280535415505,0.00827291318088864
Lama4,T cell,32274,0.06289892792960278,0.0760054533060668
Lama5,T cell,32274,0.050040280101629794,0.06231021875193654
Lamb1,T cell,32274,0.03380430067546632,0.03851397409679618
Lamb2,T cell,32274,0.22702484972423623,0.3990828530705831
Lamb3,T cell,32274,0.009512300923343868,0.010131994794571482
Lamc1,T cell,32274,0.42681415380801885,0.7617277065129826
Lum,T cell,32274,0.18872776848236972,0.4001673173452315
Ncan,T cell,32274,0.07389849414389292,0.09859329491231332
Ogn,T cell,32274,0.044494019954142656,0.05818925450827291
Prelp,T cell,32274,0.11303216211191672,0.15194893722501085
Ptx3,T cell,32274,0.0192414947016174,0.026739790543471524
Sdc1,T cell,32274,0.11678131003284377,0.16474561566586107
Sdc2,T cell,32274,0.0612567391708496,0.06615232075354775
Serpine2,T cell,32274,0.32084650182809693,0.5636425605750759
Spock3,T cell,32274,0.028939703786329554,0.03315362211067732
Thbs1,T cell,32274,0.11715312635558034,0.24412840057011836
Thbs2,T cell,32274,0.18206605936667286,0.2860816756522278
Thbs3,T cell,32274,0.041860321001425296,0.05028815765012084
Thbs4,T cell,32274,0.003563239759558778,0.004244903017909153
Vcan,T cell,32274,0.05524570861994175,0.07758567267769721
Acan,T_B_doublet,1053,0.001899335232668566,0.001899335232668566
Agrn,T_B_doublet,1053,0.08072174738841406,0.09211775878442545
Col10a1,T_B_doublet,1053,0.000949667616334283,0.000949667616334283
Col12a1,T_B_doublet,1053,0.019943019943019943,0.020892687559354226
Col13a1,T_B_doublet,1053,0.04368471035137702,0.050332383665717
Col14a1,T_B_doublet,1053,0.060778727445394115,0.07502374169040836
Col15a1,T_B_doublet,1053,0.10161443494776828,0.12345679012345678
Col18a1,T_B_doublet,1053,0.5811965811965812,1.3751187084520418
Col1a1,T_B_doublet,1053,0.5384615384615384,1.2089268755935423
Col1a2,T_B_doublet,1053,0.9078822412155746,6.671415004748338
Col20a1,T_B_doublet,1053,0.09211775878442545,0.09591642924976258
Col23a1,T_B_doublet,1053,0.09116809116809117,0.1111111111111111
Col24a1,T_B_doublet,1053,0.001899335232668566,0.001899335232668566
Col26a1,T_B_doublet,1053,0.04178537511870845,0.0446343779677113
Col4a1,T_B_doublet,1053,0.3969610636277303,0.6590693257359924
Col4a2,T_B_doublet,1053,0.24691358024691357,0.3504273504273504
Col4a3,T_B_doublet,1053,0.015194681861348529,0.017094017094017096
Col4a5,T_B_doublet,1053,0.09876543209876543,0.11490978157644824
Col5a1,T_B_doublet,1053,0.18613485280151948,0.23836657169990502
Col6a1,T_B_doublet,1053,0.201329534662868,0.24406457739791074
Col6a2,T_B_doublet,1053,0.37701804368471037,0.6324786324786325
Col6a3,T_B_doublet,1053,0.2943969610636277,0.452991452991453
Col7a1,T_B_doublet,1053,0.07597340930674264,0.09401709401709402
Col9a2,T_B_doublet,1053,0.00949667616334283,0.00949667616334283
Col9a3,T_B_doublet,1053,0.02184235517568851,0.022792022792022793
Cspg4,T_B_doublet,1053,0.014245014245014245,0.016144349477682812
Cspg5,T_B_doublet,1053,0.03133903133903134,0.03608736942070275
Eln,T_B_doublet,1053,0.3409306742640076,0.5764482431149098
Fbln2,T_B_doublet,1053,0.1282051282051282,0.18138651471984804
Fmod,T_B_doublet,1053,0.2526115859449193,0.4188034188034188
Fn1,T_B_doublet,1053,0.2896486229819563,0.5565052231718899
Gpc3,T_B_doublet,1053,0.05318138651471985,0.05982905982905983
Gpc4,T_B_doublet,1053,0.18328584995251662,0.26590693257359926
Gpc6,T_B_doublet,1053,0.12060778727445394,0.14245014245014245
Hspg2,T_B_doublet,1053,0.4036087369420703,0.691358024691358
Lama1,T_B_doublet,1053,0.10541310541310542,0.14339981006647673
Lama2,T_B_doublet,1053,0.13770180436847104,0.1728395061728395
Lama3,T_B_doublet,1053,0.001899335232668566,0.001899335232668566
Lama4,T_B_doublet,1053,0.14055080721747387,0.1671415004748338
Lama5,T_B_doublet,1053,0.04843304843304843,0.057929724596391265
Lamb1,T_B_doublet,1053,0.04083570750237417,0.04083570750237417
Lamb2,T_B_doublet,1053,0.45489078822412155,0.8651471984805318
Lamb3,T_B_doublet,1053,0.03418803418803419,0.03513770180436847
Lamc1,T_B_doublet,1053,0.5574548907882241,1.0759734093067426
Lum,T_B_doublet,1053,0.4453941120607787,0.9439696106362773
Ncan,T_B_doublet,1053,0.023741690408357077,0.029439696106362774
Ogn,T_B_doublet,1053,0.13485280151946819,0.16999050332383667
Prelp,T_B_doublet,1053,0.20512820512820512,0.2716049382716049
Ptx3,T_B_doublet,1053,0.004748338081671415,0.004748338081671415
Sdc1,T_B_doublet,1053,0.1737891737891738,0.2184235517568851
Sdc2,T_B_doublet,1053,0.08072174738841406,0.08547008547008547
Serpine2,T_B_doublet,1053,0.2535612535612536,0.37226970560303896
Spock3,T_B_doublet,1053,0.015194681861348529,0.016144349477682812
Thbs1,T_B_doublet,1053,0.13770180436847104,0.19943019943019943
Thbs2,T_B_doublet,1053,0.2943969610636277,0.4226020892687559
Thbs3,T_B_doublet,1053,0.0949667616334283,0.12060778727445394
Thbs4,T_B_doublet,1053,0.006647673314339981,0.007597340930674264
Vcan,T_B_doublet,1053,0.026590693257359924,0.027540360873694207
Acan,VSMC,16862,0.00533744514292492,0.005574664927054916
Agrn,VSMC,16862,0.37848416557940934,0.5558059542165816
Col10a1,VSMC,16862,5.930494603249911e-05,5.930494603249911e-05
Col12a1,VSMC,16862,0.03576088245759696,0.04056458308622939
Col13a1,VSMC,16862,0.06565057525797652,0.09263432570276361
Col14a1,VSMC,16862,0.025145297117779623,0.030779266990867037
Col15a1,VSMC,16862,0.17115407424979243,0.33697070335665996
Col18a1,VSMC,16862,0.39580120982089906,1.0605503498991815
Col1a1,VSMC,16862,0.14992290357015775,0.2537065591270312
Col1a2,VSMC,16862,0.5551535998102242,1.8523899893251097
Col20a1,VSMC,16862,0.025501126793974618,0.028347764203534576
Col23a1,VSMC,16862,0.0933459850551536,0.12210888388091568
Col24a1,VSMC,16862,0.0006523544063574903,0.0007116593523899894
Col26a1,VSMC,16862,0.03125370655912703,0.03380381923852449
Col4a1,VSMC,16862,0.6131538370300083,1.6132724469220734
Col4a2,VSMC,16862,0.50118609892065,1.0125133436128573
Col4a3,VSMC,16862,0.05177321788637172,0.05610247894674416
Col4a5,VSMC,16862,0.13717234017317045,0.18532795635155971
Col5a1,VSMC,16862,0.04198790179100937,0.04821492112442178
Col6a1,VSMC,16862,0.07003914126438145,0.08860158937255368
Col6a2,VSMC,16862,0.199976278021587,0.3052425572292729
Col6a3,VSMC,16862,0.06132131419760408,0.08391649863598624
Col7a1,VSMC,16862,0.0468509073656743,0.052306962400664216
Col9a2,VSMC,16862,0.00800616771438738,0.008243387498517376
Col9a3,VSMC,16862,0.04341122049578935,0.04928241015300676
Cspg4,VSMC,16862,0.5467916024196418,1.4514885541454157
Cspg5,VSMC,16862,0.1604198790179101,0.2210888388091567
Eln,VSMC,16862,0.22968805598386904,0.6901316569801922
Fbln2,VSMC,16862,0.1611315383703001,0.26046732297473607
Fmod,VSMC,16862,0.18479421183726724,0.44454987545961333
Fn1,VSMC,16862,0.5598386905467916,1.7533507294508361
Gpc3,VSMC,16862,0.14932985410983277,0.1809393903451548
Gpc4,VSMC,16862,0.299667892302218,0.4271142213260586
Gpc6,VSMC,16862,0.19683311588186456,0.24908077333649625
Hspg2,VSMC,16862,0.4942474202348476,0.9393310402087535
Lama1,VSMC,16862,0.13385126319535048,0.32890523069624006
Lama2,VSMC,16862,0.3945558059542166,0.6479658403510853
Lama3,VSMC,16862,0.05681413829913415,0.07003914126438145
Lama4,VSMC,16862,0.25216463053018623,0.3357252994899775
Lama5,VSMC,16862,0.31040208753410037,0.5788755782232238
Lamb1,VSMC,16862,0.10781639188708338,0.12958130708101057
Lamb2,VSMC,16862,0.7528762898825762,2.14571225240185
Lamb3,VSMC,16862,0.0018977582730399715,0.0018977582730399715
Lamc1,VSMC,16862,0.728383347171154,2.079587237575614
Lum,VSMC,16862,0.19523188233898708,0.4584272328312181
Ncan,VSMC,16862,0.21735262720910925,0.31656980192148026
Ogn,VSMC,16862,0.07158106986122642,0.09352389989325109
Prelp,VSMC,16862,0.25791721029533865,0.4603842960502906
Ptx3,VSMC,16862,0.0020163681651049698,0.002312892895267465
Sdc1,VSMC,16862,0.05906772624836911,0.07899418811528881
Sdc2,VSMC,16862,0.2943304471592931,0.38133080298896926
Serpine2,VSMC,16862,0.6452971177796228,1.603724350610841
Spock3,VSMC,16862,0.06837860277547148,0.08356066895979125
Thbs1,VSMC,16862,0.10265686158225595,0.2840706914956707
Thbs2,VSMC,16862,0.16534218953860752,0.2137350255011268
Thbs3,VSMC,16862,0.04169137706084688,0.05224765745463172
Thbs4,VSMC,16862,0.0017791483809749733,0.0020756731111374687
Vcan,VSMC,16862,0.03504922310520697,0.050409204127624244
