sample_id;sample_name;stage;condition;day_of_sacrifice;score_sacrifice;region;sex;model
G3-L1_0;C_NS_1;NONSYMPTOM;EAE;9.0;0.0;L;M;CHRONIC
G3-L1_1;C_P1_1;PEAK1;EAE;16.0;3.0;L;M;CHRONIC
G3-L1_2;C_OS1_3;OS1;EAE;12.0;0.5;L;M;CHRONIC
G3-L2_0;C_NS_2;NONSYMPTOM;EAE;9.0;0.0;L;M;CHRONIC
G3-L2_1;C_OS1_1;OS1;EAE;14.0;0.5;L;M;CHRONIC
G3-L2_2;C_P1_2;PEAK1;EAE;18.0;3.0;L;M;CHRONIC
G3-L3_0;C_NS_3;NONSYMPTOM;EAE;9.0;0.0;L;M;CHRONIC
G3-L3_1;C_OS1_2;OS1;EAE;12.0;0.5;L;M;CHRONIC
G3-L3_2;C_P1_3;PEAK1;EAE;18.0;3.0;L;F;CHRONIC
G4-L1_0;C_L_1;MILD30;EAE;43.0;1.0;L;M;CHRONIC
G4-L1_1;C_CFA_3;MOG CFA;CONTROL;8.0;0.0;L;F;CHRONIC
G4-L1_2;C_L_4;MILD30;EAE;50.0;1.0;L;F;CHRONIC
G4-L2_0;C_L_2;MILD30;EAE;45.0;1.0;L;M;CHRONIC
G4-L2_1;C_L_5;MILD30;EAE;46.0;1.0;L;F;CHRONIC
G4-L2_2;C_CFA_1;MOG CFA;CONTROL;9.0;0.0;L;M;CHRONIC
G4-L3_0;C_L_3;MILD30;EAE;45.0;1.0;L;M;CHRONIC
G4-L3_1;C_OS1_4;OS1;EAE;14.0;0.5;L;F;CHRONIC
G4-L3_2;C_CFA_2;MOG CFA;CONTROL;9.0;0.0;L;M;CHRONIC
G5-L1_0;C_NS_1;NONSYMPTOM;EAE;9.0;0.0;T;M;CHRONIC
G5-L1_1;C_P1_1;PEAK1;EAE;16.0;3.0;T;M;CHRONIC
G5-L1_2;C_OS1_3;OS1;EAE;12.0;0.5;T;M;CHRONIC
G5-L2_0;C_NS_2;NONSYMPTOM;EAE;9.0;0.0;T;M;CHRONIC
G5-L2_1;C_OS1_1;OS1;EAE;14.0;0.5;T;M;CHRONIC
G5-L2_2;C_P1_2;PEAK1;EAE;18.0;3.0;T;M;CHRONIC
G5-L3_0;C_NS_3;NONSYMPTOM;EAE;9.0;0.0;T;M;CHRONIC
G5-L3_1;C_OS1_2;OS1;EAE;12.0;0.5;T;M;CHRONIC
G5-L3_2;C_P1_3;PEAK1;EAE;18.0;3.0;T;F;CHRONIC
G6-L1_0;C_L_3;MILD30;EAE;45.0;1.0;T;M;CHRONIC
G6-L1_1;C_L_2;MILD30;EAE;45.0;1.0;T;M;CHRONIC
G6-L1_2;C_L_1;MILD30;EAE;43.0;1.0;T;M;CHRONIC
G6-L2_0;C_OS1_4;OS1;EAE;14.0;0.5;T;F;CHRONIC
G6-L2_1;C_L_5;MILD30;EAE;46.0;1.0;T;F;CHRONIC
G6-L2_2;C_CFA_3;MOG CFA;CONTROL;8.0;0.0;C;F;CHRONIC
G6-L3_0;C_CFA_2;MOG CFA;CONTROL;9.0;0.0;C;M;CHRONIC
G6-L3_1;C_CFA_1;MOG CFA;CONTROL;9.0;0.0;C;M;CHRONIC
G6-L3_2;C_L_4;MILD30;EAE;50.0;1.0;T;F;CHRONIC
S1-B1_0;RR_R1_1;REMISSION1;EAE;20.0;0.5;T;M;RELAPSE REMITTING
S1-B1_1;RR_P2_1;PEAK2;EAE;31.0;1.75;C;M;RELAPSE REMITTING
S1-B1_2;RR_OS1_1;ONSET1;EAE;11.0;0.25;L;M;RELAPSE REMITTING
S1-B2_0;RR_P2_1;PEAK2;EAE;31.0;1.75;L;M;RELAPSE REMITTING
S1-B2_1;RR_OS1_1;ONSET1;EAE;11.0;0.25;T;M;RELAPSE REMITTING
S1-B2_2;RR_R1_1;REMISSION1;EAE;20.0;0.5;C;M;RELAPSE REMITTING
S1-B3_0;RR_OS1_1;ONSET1;EAE;11.0;0.25;C;M;RELAPSE REMITTING
S1-B3_1;RR_R1_1;REMISSION1;EAE;20.0;0.5;L;M;RELAPSE REMITTING
S1-B3_2;RR_P2_1;PEAK2;EAE;31.0;1.75;T;M;RELAPSE REMITTING
S1-T1_0;RR_MP_1;MONOPHASIC;EAE;33.0;0.5;T;M;RELAPSE REMITTING
S1-T1_1;RR_CFA_1;PLP CFA;CONTROL;33.0;0.0;L;M;RELAPSE REMITTING
S1-T1_2;RR_CFA_1;PLP CFA;CONTROL;33.0;0.0;C;M;RELAPSE REMITTING
S1-T2_0;RR_P1_1;PEAK1;EAE;18.0;2.5;C;M;RELAPSE REMITTING
S1-T2_1;RR_CFA_1;PLP CFA;CONTROL;33.0;0.0;T;M;RELAPSE REMITTING
S1-T2_2;RR_MP_1;MONOPHASIC;EAE;33.0;0.5;L;M;RELAPSE REMITTING
S1-T3_0;RR_P1_1;PEAK1;EAE;18.0;2.5;L;M;RELAPSE REMITTING
S1-T3_1;RR_MP_1;MONOPHASIC;EAE;33.0;0.5;C;M;RELAPSE REMITTING
S1-T3_2;RR_P1_1;PEAK1;EAE;18.0;2.5;T;M;RELAPSE REMITTING
S2-B1_0;RR_OS2_1;ONSET2;EAE;13.0;1.0;T;M;RELAPSE REMITTING
S2-B1_1;RR_P2_2;PEAK2;EAE;31.0;2.25;L;M;RELAPSE REMITTING
S2-B1_2;RR_OS2_1;ONSET2;EAE;13.0;1.0;C;M;RELAPSE REMITTING
S2-B2_0;RR_P2_2;PEAK2;EAE;31.0;2.25;C;M;RELAPSE REMITTING
S2-B2_1;RR_MP_2;MONOPHASIC;EAE;33.0;0.75;T;M;RELAPSE REMITTING
S2-B2_2;RR_MP_2;MONOPHASIC;EAE;33.0;0.75;L;M;RELAPSE REMITTING
S2-B3_0;RR_OS2_1;ONSET2;EAE;13.0;1.0;L;M;RELAPSE REMITTING
S2-B3_1;RR_MP_2;MONOPHASIC;EAE;33.0;0.75;C;M;RELAPSE REMITTING
S2-B3_2;RR_P2_2;PEAK2;EAE;31.0;2.25;T;M;RELAPSE REMITTING
S2-T1_0;RR_R1_2;REMISSION1;EAE;25.0;0.75;T;M;RELAPSE REMITTING
S2-T1_1;RR_CFA_2;PLP CFA;CONTROL;33.0;0.0;L;M;RELAPSE REMITTING
S2-T1_2;RR_CFA_2;PLP CFA;CONTROL;33.0;0.0;C;M;RELAPSE REMITTING
S2-T2_0;RR_P3_1;PEAK3;EAE;48.0;2.5;C;M;RELAPSE REMITTING
S2-T2_1;RR_CFA_2;PLP CFA;CONTROL;33.0;0.0;T;M;RELAPSE REMITTING
S2-T2_2;RR_R1_2;REMISSION1;EAE;25.0;0.75;L;M;RELAPSE REMITTING
S2-T3_0;RR_P3_1;PEAK3;EAE;48.0;2.5;L;M;RELAPSE REMITTING
S2-T3_1;RR_P3_1;PEAK3;EAE;48.0;2.5;T;M;RELAPSE REMITTING
S3-B1_0;RR_OS2_2;ONSET2;EAE;13.0;1.0;C;F;RELAPSE REMITTING
S3-B1_1;RR_P1_2;PEAK1;EAE;17.0;3.0;L;M;RELAPSE REMITTING
S3-B1_2;RR_P3_2;PEAK3;EAE;48.0;3.0;T;M;RELAPSE REMITTING
S3-B2_0;RR_OS2_2;ONSET2;EAE;13.0;1.0;L;F;RELAPSE REMITTING
S3-B2_1;RR_OS2_2;ONSET2;EAE;13.0;1.0;T;F;RELAPSE REMITTING
S3-B2_2;RR_P1_2;PEAK1;EAE;17.0;3.0;C;M;RELAPSE REMITTING
S3-B3_0;RR_P1_2;PEAK1;EAE;17.0;3.0;T;M;RELAPSE REMITTING
S3-B3_1;RR_P3_2;PEAK3;EAE;48.0;3.0;C;M;RELAPSE REMITTING
S3-B3_2;RR_P3_2;PEAK3;EAE;48.0;3.0;L;M;RELAPSE REMITTING
S3-T1_0;RR_CFA_3;PLP CFA;CONTROL;33.0;0.0;C;F;RELAPSE REMITTING
S3-T1_1;RR_MP_3;MONOPHASIC;EAE;32.0;0.75;L;M;RELAPSE REMITTING
S3-T1_2;RR_R2_1;REMISSION2;EAE;48.0;0.75;T;M;RELAPSE REMITTING
S3-T2_0;RR_R2_1;REMISSION2;EAE;48.0;0.75;L;M;RELAPSE REMITTING
S3-T2_1;RR_MP_3;MONOPHASIC;EAE;32.0;0.75;T;M;RELAPSE REMITTING
S3-T2_2;RR_MP_3;MONOPHASIC;EAE;32.0;0.75;C;M;RELAPSE REMITTING
S3-T3_0;RR_CFA_3;PLP CFA;CONTROL;33.0;0.0;T;F;RELAPSE REMITTING
S3-T3_1;RR_R2_1;REMISSION2;EAE;48.0;0.75;C;M;RELAPSE REMITTING
S3-T3_2;RR_CFA_3;PLP CFA;CONTROL;33.0;0.0;L;F;RELAPSE REMITTING
S4-B1_0;RR_P1_3;PEAK1;EAE;18.0;2.25;T;F;RELAPSE REMITTING
S4-B1_1;RR_MP_4;MONOPHASIC;EAE;33.0;0.5;L;F;RELAPSE REMITTING
S4-B1_2;RR_MP_4;MONOPHASIC;EAE;33.0;0.5;C;F;RELAPSE REMITTING
S4-B2_0;RR_P3_3;PEAK3;EAE;38.0;3.0;C;M;RELAPSE REMITTING
S4-B2_1;RR_MP_4;MONOPHASIC;EAE;33.0;0.5;T;F;RELAPSE REMITTING
S4-B2_2;RR_P1_3;PEAK1;EAE;18.0;2.25;L;F;RELAPSE REMITTING
S4-B3_0;RR_P3_3;PEAK3;EAE;38.0;3.0;L;M;RELAPSE REMITTING
S4-B3_1;RR_P1_3;PEAK1;EAE;18.0;2.25;C;F;RELAPSE REMITTING
S4-B3_2;RR_P3_3;PEAK3;EAE;38.0;3.0;T;M;RELAPSE REMITTING
S4-T1_0;RR_P2_3;PEAK2;EAE;33.0;2.75;T;F;RELAPSE REMITTING
S4-T1_1;RR_OS1_2;ONSET1;EAE;15.0;0.25;L;F;RELAPSE REMITTING
S4-T1_2;RR_OS1_2;ONSET1;EAE;15.0;0.25;C;F;RELAPSE REMITTING
S4-T2_0;RR_R1_3;REMISSION1;EAE;21.0;0.5;C;F;RELAPSE REMITTING
S4-T2_1;RR_OS1_2;ONSET1;EAE;15.0;0.25;T;F;RELAPSE REMITTING
S4-T2_2;RR_P2_3;PEAK2;EAE;33.0;2.75;L;F;RELAPSE REMITTING
S4-T3_0;RR_R1_3;REMISSION1;EAE;21.0;0.5;L;F;RELAPSE REMITTING
S4-T3_1;RR_P2_3;PEAK2;EAE;33.0;2.75;C;F;RELAPSE REMITTING
S4-T3_2;RR_R1_3;REMISSION1;EAE;21.0;0.5;T;F;RELAPSE REMITTING
C2_G1_Bot_0;C_S16_2;SEVERE16;EAE;28.0;2.5;L;M;CHRONIC
C2_G1_Bot_1;C_M16_1;MILD16;EAE;28.0;1.5;L;M;CHRONIC
C2_G1_Bot_2;C_S30_2;SEVERE30;EAE;41.0;2.25;L;F;CHRONIC
C2_G1_Mid_0;C_OS1_5;OS1;EAE;10.0;0.25;L;M;CHRONIC
C2_G1_Mid_1;C_S16_1;SEVERE16;EAE;29.0;2.5;T;M;CHRONIC
C2_G1_Mid_2;C_P1_4;PEAK1;EAE;13.0;2.5;L;M;CHRONIC
C2_G1_Top_0;C_M16_2;MILD16;EAE;27.0;1.25;T;F;CHRONIC
C2_G1_Top_1;C_NS_4;NONSYMPTOM;EAE;8.0;0.0;L;M;CHRONIC
C2_G1_Top_2;C_S30_2;SEVERE30;EAE;41.0;2.25;T;F;CHRONIC
C2_G2_Bot_0;C_P1_5;PEAK1;EAE;15.0;3.0;L;F;CHRONIC
C2_G2_Bot_1;OD-spEAE2;SPONTANEOUS;EAE;;;;;SPONTANEOUS
C2_G2_Bot_2;C_S30_1;SEVERE30;EAE;41.0;2.5;T;M;CHRONIC
C2_G2_Mid_0;C_M16_3;MILD16;EAE;27.0;1.25;T;F;CHRONIC
C2_G2_Mid_1;C_S16_2;SEVERE16;EAE;28.0;2.5;T;M;CHRONIC
C2_G2_Mid_2;C_CFA_4;CFA;CONTROL;16.0;0.0;L;F;CHRONIC
C2_G2_Top_0;C_CFA_5;CFA;CONTROL;16.0;0.0;L;M;CHRONIC
C2_G2_Top_1;C_S16_1;SEVERE16;EAE;29.0;2.5;L;M;CHRONIC
C2_G2_Top_2;C_M16_3;MILD16;EAE;27.0;1.25;L;F;CHRONIC
C2_G3_Bot_0;C_S16_3;SEVERE16;EAE;28.0;2.5;T;F;CHRONIC
C2_G3_Bot_1;OD-spEAE3;SPONTANEOUS;EAE;;;;;SPONTANEOUS
C2_G3_Bot_2;C_S30_1;SEVERE30;EAE;41.0;2.5;L;M;CHRONIC
C2_G3_Mid_0;C_S16_3;SEVERE16;EAE;28.0;2.5;L;F;CHRONIC
C2_G3_Mid_1;C_M16_2;MILD16;EAE;27.0;1.25;T;F;CHRONIC
C2_G3_Mid_2;C_M16_2;MILD16;EAE;27.0;1.25;L;F;CHRONIC
C2_G3_Top_0;C_P1_6;PEAK1;EAE;15.0;3.25;L;F;CHRONIC
C2_G3_Top_1;C_CFA_6;CFA;CONTROL;17.0;0.0;L;M;CHRONIC
C2_G3_Top_2;C_NS_5;NONSYMPTOM;EAE;8.0;0.0;L;M;CHRONIC
S6-T1_0;RR_R1_6;REMISSION1;EAE;22.0;0.75;C;M;RELAPSE REMITTING
S6-T1_1;RR_R1_6;REMISSION1;EAE;22.0;0.75;L;M;RELAPSE REMITTING
S6-T1_2;RR_R2_5;REMISSION2;EAE;44.0;1.0;T;M;RELAPSE REMITTING
S6-T2_0;RR_R2_5;REMISSION2;EAE;44.0;1.0;L;M;RELAPSE REMITTING
S6-T2_2;RR_P3_4;PEAK3;EAE;49.0;2.25;C;M;RELAPSE REMITTING
S6-T2_1;RR_R1_6;REMISSION1;EAE;22.0;0.75;T;M;RELAPSE REMITTING
S6-T3_0;RR_P3_4;PEAK3;EAE;49.0;2.25;T;M;RELAPSE REMITTING
S6-T3_1;RR_R2_5;REMISSION2;EAE;44.0;1.0;C;M;RELAPSE REMITTING
S6-T3_2;RR_P3_4;PEAK3;EAE;49.0;2.25;L;M;RELAPSE REMITTING
S5-B1_0;RR_R1_4;REMISSION1;EAE;22.0;1.0;L;M;RELAPSE REMITTING
S5-B1_1;RR_P2_4;PEAK2;EAE;32.0;3.0;C;M;RELAPSE REMITTING
S5-B1_2;RR_R2_4;REMISSION2;EAE;47.0;1.25;T;M;RELAPSE REMITTING
S5-B2_0;RR_R2_4;REMISSION2;EAE;47.0;1.25;C;M;RELAPSE REMITTING
S5-B2_1;RR_R1_4;REMISSION1;EAE;22.0;1.0;T;M;RELAPSE REMITTING
S5-B2_2;RR_P2_4;PEAK2;EAE;32.0;3.0;L;M;RELAPSE REMITTING
S5-B3_0;RR_P2_4;PEAK2;EAE;32.0;3.0;T;M;RELAPSE REMITTING
S5-B3_1;RR_R2_4;REMISSION2;EAE;47.0;1.25;L;M;RELAPSE REMITTING
S5-B3_2;RR_R1_4;REMISSION1;EAE;22.0;1.0;C;M;RELAPSE REMITTING
S5-T1_0;RR_R2_3;REMISSION2;EAE;42.0;1.25;T;M;RELAPSE REMITTING
S5-T1_1;RR_P1_5;PEAK1;EAE;14.0;3.25;L;M;RELAPSE REMITTING
S5-T1_2;RR_P1_5;PEAK1;EAE;14.0;3.25;C;M;RELAPSE REMITTING
S5-T2_0;RR_P3_5;PEAK3;EAE;49.0;2.5;C;M;RELAPSE REMITTING
S5-T2_1;RR_P1_5;PEAK1;EAE;14.0;3.25;T;M;RELAPSE REMITTING
S5-T2_2;RR_R2_3;REMISSION2;EAE;42.0;1.25;L;M;RELAPSE REMITTING
S5-T3_0;RR_P3_5;PEAK3;EAE;49.0;2.5;L;M;RELAPSE REMITTING
S5-T3_1;RR_R2_3;REMISSION2;EAE;42.0;1.25;C;M;RELAPSE REMITTING
S5-T3_2;RR_P3_5;PEAK3;EAE;49.0;2.5;T;M;RELAPSE REMITTING
