meta_sample_id,sample_name,region,n_cells,position
S1_B1_0,RR_R1_1,T,6827,2.5695334633431592
S1_B1_1,RR_P2M_1,C,14195,-2.042257512444836
S1_B1_2,RR_OS1_1,L,7458,2.309041597069866
S1_B2_0,RR_P2M_1,L,8142,3.411437915223437
S1_B2_1,RR_OS1_1,T,5063,-2.2518391416919954
S1_B2_2,RR_R1_1,C,9674,-1.2583241584759146
S1_B3_0,RR_OS1_1,C,7289,-3.084238905478056
S1_B3_1,RR_R1_1,L,8305,4.268103819194396
S1_B3_2,RR_P2M_1,T,8068,0.4331426050176765
S1_T1_0,RR_MP_1,T,4774,-0.5507389351420159
S1_T1_1,RR_CFA_1,L,5480,2.239124334405297
S1_T1_2,RR_CFA_1,C,7514,-3.070675557294372
S1_T2_0,RR_P1_1,C,9483,2.320208500782543
S1_T2_1,RR_CFA_1,T,4225,-0.7263579031855263
S1_T2_2,RR_MP_1,L,7011,2.1649577167076686
S1_T3_0,RR_P1_1,L,12095,4.43697225208674
S1_T3_1,RR_MP_1,C,8967,-3.0119822264139695
S1_T3_2,RR_P1_1,T,8563,1.6999017518328094
S2_B1_0,RR_OS2_1,T,4765,-0.5671402599675784
S2_B1_1,RR_P2M_2,L,9040,2.7803847966787547
S2_B1_2,RR_OS2_1,C,8382,-6.31175931738363
S2_B2_0,RR_P2M_2,C,12989,-4.396465963666502
S2_B2_1,RR_MP_2,T,5707,0.23758181208524698
S2_B2_2,RR_MP_2,L,9452,3.301128823500306
S2_B3_0,RR_OS2_1,L,6961,1.65298437683137
S2_B3_1,RR_MP_2,C,11051,-3.922437724588728
S2_B3_2,RR_P2M_2,T,6527,0.5535753203387618
S2_T1_0,RR_R1_2,T,16470,1.8465742891455375
S2_T1_1,RR_CFA_2,L,7993,1.316135551247265
S2_T1_2,RR_CFA_2,C,8631,-5.221077887883862
S2_T2_0,RR_P3_1,C,14089,4.2879755208641726
S2_T2_1,RR_CFA_2,T,3848,-2.1156816813044976
S2_T2_2,RR_R1_2,L,7589,2.0595601142559095
S2_T3_0,RR_P3_1,L,6040,-0.4091678024677794
S2_T3_1,RR_P3_1,T,12922,-0.03660726462711662
S3_B1_0,RR_OS2_2,C,8236,-1.7881336090921103
S3_B1_1,RR_P1_2,L,11755,3.4869333410563086
S3_B1_2,RR_P3_2,T,11707,2.698341587382261
S3_B2_0,RR_OS2_2,L,5879,3.1897631246742155
S3_B2_1,RR_OS2_2,T,3852,0.4876584832150361
S3_B2_2,RR_P1_2,C,15258,-0.23693314286292258
S3_B3_0,RR_P1_2,T,9450,1.6630751387853298
S3_B3_1,RR_P3_2,C,12734,-1.4748887782386693
S3_B3_2,RR_P3_2,L,17656,5.588008800291366
S3_T1_0,RR_CFA_3,C,7450,-6.7251506785428905
S3_T1_1,RR_MP_3,L,6072,1.3311973520930664
S3_T1_2,RR_R2LONG_1,T,6030,-0.7591542648431455
S3_T2_0,RR_R2LONG_1,L,7897,2.179720730558644
S3_T2_1,RR_MP_3,T,5891,-0.718951078923452
S3_T2_2,RR_MP_3,C,9121,-3.702702761392661
S3_T3_0,RR_CFA_3,T,5076,-2.847619104065239
S3_T3_1,RR_R2LONG_1,C,9296,-5.525898901647086
S3_T3_2,RR_CFA_3,L,7943,2.0168421722759122
S4_B1_0,RR_P1_3,T,7531,0.5951604833979385
S4_B1_1,RR_MP_4,L,7946,1.0533927493529642
S4_B1_2,RR_MP_4,C,9292,-5.432461304709174
S4_B2_0,RR_P3_3,C,12375,-4.862556169668073
S4_B2_1,RR_MP_4,T,9335,-0.4603723561001407
S4_B2_2,RR_P1_3,L,9040,3.831041158329559
S4_B3_0,RR_P3_3,L,13172,3.8981100600413368
S4_B3_1,RR_P1_3,C,10386,-1.5230927519284445
S4_B3_2,RR_P3_3,T,9892,2.137308924698351
S4_T1_0,RR_P2_3,T,8323,0.5079805957504622
S4_T1_1,RR_OS1_2,L,5470,1.7133174043180075
S4_T1_2,RR_OS1_2,C,7873,-3.596227569353178
S4_T2_0,RR_R1_3,C,10244,-4.673321230828543
S4_T2_1,RR_OS1_2,T,4277,-1.7066195827041266
S4_T2_2,RR_P2_3,L,8579,3.6750663401913037
S4_T3_0,RR_R1_3,L,6427,1.76592143335348
S4_T3_1,RR_P2_3,C,10236,-3.511103672452932
S4_T3_2,RR_R1_3,T,5913,0.5894374168325155
S5_B1_0,RR_R1_4,L,12037,2.6526561256027628
S5_B1_1,RR_P2_4,C,13833,-0.4187355308100971
S5_B1_2,RR_R2_4,T,6771,0.5767526385360557
S5_B2_0,RR_R2_4,C,15577,-2.3742070736085865
S5_B2_1,RR_R1_4,T,8881,-0.3352430273116443
S5_B2_2,RR_P2_4,L,17719,4.113826408942757
S5_B3_0,RR_P2_4,T,15231,2.7232663595378157
S5_B3_1,RR_R2_4,L,8508,2.781497906075996
S5_B3_2,RR_R1_4,C,11569,-1.3962059864493832
S5_T1_0,RR_R2_3,T,7238,-1.334051295427058
S5_T1_1,RR_P1_5,L,12574,4.7616854429102125
S5_T1_2,RR_P1_5,C,16810,0.3042519602400292
S5_T2_0,RR_P3_5,C,11761,-4.675161376321154
S5_T2_1,RR_P1_5,T,6923,2.897004668300845
S5_T2_2,RR_R2_3,L,7442,6.662654061062879
S5_T3_0,RR_P3_5,L,9003,2.2690712525535743
S5_T3_1,RR_R2_3,C,12377,-4.596604971681599
S5_T3_2,RR_P3_5,T,7369,-0.6744181140259289
S6_T1_0,RR_R1_6,C,9248,-4.223520400436685
S6_T1_1,RR_R1_6,L,10534,2.6721308683018345
S6_T1_2,RR_R2_5,T,5178,-0.6704435068682577
S6_T2_0,RR_R2_5,L,9485,2.030362597630393
S6_T2_1,RR_R1_6,T,5942,-1.5785969507648
S6_T2_2,RR_P3_4,C,13665,-4.913490346946052
S6_T3_0,RR_P3_4,T,7826,-0.16019554074697498
S6_T3_1,RR_R2_5,C,11005,-5.802216016099864
S6_T3_2,RR_P3_4,L,6407,0.9332671899631234
