sample_name,day_of_sacrifice,score_sacrifice,sex,model,stage,region,run_date
C_NS_1,9.0,0.0,M,CHRONIC,NONSYMPTOM,L,20250110
C_OS1_3,12.0,0.5,M,CHRONIC,OS1,L,20250110
C_P1_1,16.0,3.0,M,CHRONIC,PEAK1,L,20250110
C_NS_2,9.0,0.0,M,CHRONIC,NONSYMPTOM,L,20250110
C_OS1_1,14.0,0.5,M,CHRONIC,OS1,L,20250110
C_P1_2,18.0,3.0,M,CHRONIC,PEAK1,L,20250110
C_NS_3,9.0,0.0,M,CHRONIC,NONSYMPTOM,L,20250110
C_OS1_2,12.0,0.5,M,CHRONIC,OS1,L,20250110
C_P1_3,18.0,3.0,F,CHRONIC,PEAK1,L,20250110
C_L_1,43.0,1.0,M,CHRONIC,MILD30,L,20250110
C_L_4,50.0,1.0,F,CHRONIC,MILD30,L,20250110
C_CFA_3,8.0,0.0,F,CHRONIC,MOG CFA,L,20250110
C_L_2,45.0,1.0,M,CHRONIC,MILD30,L,20250110
C_L_5,46.0,1.0,F,CHRONIC,MILD30,L,20250110
C_CFA_1,9.0,0.0,M,CHRONIC,MOG CFA,L,20250110
C_L_3,45.0,1.0,M,CHRONIC,MILD30,L,20250110
C_OS1_4,14.0,0.5,F,CHRONIC,OS1,L,20250110
C_CFA_2,9.0,0.0,M,CHRONIC,MOG CFA,L,20250110
C_S16_2,28.0,2.5,M,CHRONIC,SEVERE16,L,20260506
C_M16_1,28.0,1.5,M,CHRONIC,MILD16,L,20260506
C_S30_2,41.0,2.25,F,CHRONIC,SEVERE30,L,20260506
C_OS1_5,10.0,0.25,M,CHRONIC,OS1,L,20260506
C_S16_1,29.0,2.5,M,CHRONIC,SEVERE16,T,20260506
C_P1_4,13.0,2.5,M,CHRONIC,PEAK1,L,20260506
C_M16_2,27.0,1.25,F,CHRONIC,MILD16,T,20260506
C_NS_4,8.0,0.0,M,CHRONIC,NONSYMPTOM,L,20260506
C_P1_5,15.0,3.0,F,CHRONIC,PEAK1,L,20260506
C_S30_1,41.0,2.5,M,CHRONIC,SEVERE30,T,20260506
C_M16_3,27.0,1.25,F,CHRONIC,MILD16,T,20260506
C_CFA_4,16.0,0.0,F,CHRONIC,CFA,L,20260506
C_S16_3,28.0,2.5,F,CHRONIC,SEVERE16,T,20260506
C_NS_5,8.0,0.0,M,CHRONIC,NONSYMPTOM,L,20260506
C_CFA_6,17.0,0.0,M,CHRONIC,CFA,L,20260506
C_P1_6,15.0,3.25,F,CHRONIC,PEAK1,L,20260506
