,circ,stage,day,run,circ_res,day_res
RR_R1_1,-0.41257809060569706,REMISSION1,20.0,20250605,-0.3741529220862795,-2.0
RR_P2M_1,-0.31732706050219317,PEAK2_MILD,31.0,20250605,-0.08380602172995072,0.0
RR_OS1_1,-0.1296663990061533,ONSET1,11.0,20250605,-0.15730951820045905,-2.0
RR_MP_1,0.21598656897958812,MONOPHASIC,33.0,20250605,-0.10827582669337099,0.25
RR_CFA_1,0.0570044102236603,PLP CFA,33.0,20250605,-0.2697894980208248,0.0
RR_P1_1,-1.105342341964023,PEAK1,18.0,20250605,-0.3283435982712578,1.25
RR_OS2_1,-0.20947375220220202,ONSET2,13.0,20250605,-0.038870038084207637,0.0
RR_P2M_2,-0.14971501704229173,PEAK2_MILD,31.0,20250605,0.08380602172995072,0.0
RR_MP_2,0.31952953139580964,MONOPHASIC,33.0,20250605,-0.004732864277149473,0.25
RR_R1_2,-0.19705565950345688,REMISSION1,25.0,20250605,-0.1586304909840393,3.0
RR_CFA_2,0.36293123519629317,PLP CFA,33.0,20250605,0.036137326951808046,0.0
RR_P3_1,-0.1638573598422443,PEAK3,48.0,20250605,-0.1725495285975615,1.6000000000000014
RR_OS2_2,-0.13173367603378675,ONSET2,13.0,20250605,0.038870038084207637,0.0
RR_P1_2,-0.815945057844748,PEAK1,17.0,20250605,-0.03894631415198291,0.25
RR_P3_2,-0.21692165289337906,PEAK3,48.0,20250605,-0.22561382164869626,1.6000000000000014
RR_CFA_3,0.560446079313502,PLP CFA,33.0,20250605,0.23365217106901687,0.0
RR_MP_3,0.20120715192642985,MONOPHASIC,32.0,20250605,-0.12305524374652926,-0.75
RR_R2LONG_1,0.8019178075925323,REMISSION2_LONG,48.0,20250605,0.0,0.0
RR_P1_3,-1.006558470141067,PEAK1,18.0,20250605,-0.22955972644830192,1.25
RR_MP_4,0.5603263303900088,MONOPHASIC,33.0,20250605,0.23606393471704967,0.25
RR_P3_3,-0.2303634938887019,PEAK3,38.0,20250605,-0.2390556626440191,-8.399999999999999
RR_P2_3,-0.3625822218087217,PEAK2,33.0,20250605,-0.03870990025752863,0.5
RR_OS1_2,0.1849526373947648,ONSET1,15.0,20250605,0.15730951820045905,2.0
RR_R1_3,0.16053355425242363,REMISSION1,21.0,20250605,0.1989587227718412,-1.0
RR_R1_4,0.14612756638052973,REMISSION1,22.0,20260506,0.1845527348999473,0.0
RR_P2_4,-0.2851624212936644,PEAK2,32.0,20260506,0.03870990025752863,-0.5
RR_R2_4,0.5692569179147657,REMISSION2,47.0,20260506,0.043250661558764225,2.6666666666666643
RR_R2_3,0.3822945442009728,REMISSION2,42.0,20260506,-0.1437117121550287,-2.3333333333333357
RR_P1_5,-0.18014910482122232,PEAK1,14.0,20260506,0.5968496388715427,-2.75
RR_P3_5,0.15663178400075659,PEAK3,49.0,20260506,0.1479396152454394,2.6000000000000014
RR_R1_6,0.11084678687911272,REMISSION1,22.0,20260506,0.14927195539853028,0.0
RR_R2_5,0.6264673069522659,REMISSION2,44.0,20260506,0.10046105059626442,-0.3333333333333357
RR_P3_4,0.4979715664001546,PEAK3,49.0,20260506,0.4892793976448374,2.6000000000000014
